id,vendor,title,category,models,sku,price
10096458432802,FixOEM:Refaccion Celular,Tapete RF4 RF-PO11,Tapa Trasera,RF4 | RF-PO11,2900,350
10096342040866,FixOEM:Refaccion Celular,Flex Lector Dual Sim 17 Pro/ 17 Pro Max Wylie 17Ai Ic + Esim,Cable Flex,iPhone 17 Pro | iPhone 17 Pro Max,4988,260
10096342008098,FixOEM:Refaccion Celular,Flex Lector Sim 17 Pro/17 Pro Max Wylie Mep + Esim,Cable Flex,iPhone 17 Pro | iPhone 17 Pro Max,4987,230
10096341975330,FixOEM:Refaccion Celular,Flex Lector Dual Sim 17 Pro/17 Pro Max Wylie Mep + Esim,Cable Flex,17 Pro | 17 Pro Max,4986,250
10096341909794,FixOEM:Refaccion Celular,Kit Espatulas Apertura Wylie Wl-3A,Kit de herramientas,WL-3A,4985,100
10096341844258,FixOEM:Refaccion Celular,Pegamento Extra Fuerte Wylie Wl-998,Adhesivo para tapa trasera,No aplica,4984,80
10096341811490,FixOEM:Refaccion Celular,Chupon Wylie,Tapa Trasera,No especificado,4983,50
10096282763554,FixOEM:Refaccion Celular,Set Desatornillador Eléctrico 2UUL SD11,Tapa Trasera,SD11,4982,565
10096281813282,FixOEM:Refaccion Celular,Hilo Jumper Plata 2UUL 100M,Cable,No especificado,4981,100
10092789661986,FixOEM:Refaccion Celular,Socket ISP V2 Programadora F64,Herramienta,F64,4980,2500
10092783698210,FixOEM:Refaccion Celular,Adaptadores ISP Flash eMMC y  UFS Programadora F64,Herramienta,F64,4978,300
10091786371362,Alterco,Pantalla LCD 17.0 CCFL 2-Bulbs  WXGA+(1440X900) S/inverter Conector Derecho 30P Glossy *HAE,Pantalla,HAE,LCD170-004,1020
10091786240290,Alterco,Teclado  (SP) para DELL Latitude 7400 5400 7410 L3400 3400 BACKLIGHT,Teclado,DELL Latitude 7400 | DELL Latitude 5400 | DELL Latitude 7410 | DELL Latitude L3400 | DELL Latitude 3400,TEC576,330
10091786076450,Alterco,Teclado  (SP) para DELL Latitude 7400 5400 7410 L3400 3400 09GG3W  SIN BACKLIGHT,Teclado,Latitude 7400 | Latitude 5400 | Latitude 7410 | Latitude L3400 | Latitude 3400,TEC574,180
10091786043682,Alterco,Teclado  (SP) para HP OMEN 15-DC 15-DH 15T-DC 17-CB 15-DC0153TX BACKLIGHT,Teclado,HP OMEN 15-DC | HP OMEN 15-DH | HP OMEN 15T-DC | HP OMEN 17-CB | HP OMEN 15-DC0153TX,TEC133,625
10091786010914,Alterco,"Teclado  (SP) para Apple Apple Macbook Air 13"" A1369 2011 A1466 2012-2013 con Backlight",Teclado,MacBook Air A1369 (2011) | MacBook Air A1466 (2012-2013),TEC540,290
10091785912610,Alterco,"Teclado  (SP) para Apple Apple Macbook Air 13"" A1369 2011 A1466 2012-2013",Teclado,"MacBook Air 13"" A1369 (2011) | MacBook Air 13"" A1466 (2012-2013)",TEC539,185
10091785814306,Alterco,Teclado  (SP) para Apple MacBook Pro Retina A1425 13.3 Inch 2012-2013,Teclado,"MacBook Pro Retina A1425 13.3"" 2012-2013",TEC538,230
10091785781538,Alterco,"Teclado  (SP) para Apple Macbook Air 11"" A1370, A1465 (2011-2012)",Teclado,A1370 | A1465,TEC536,230
10091785683234,Alterco,"Teclado  (SP) para Apple Macbook Pro 13"" Retina A1502 (2014-2015)",Teclado,"MacBook Pro 13"" Retina A1502 (2014-2015)",TEC535,185
10091785584930,Alterco,"Teclado  (SP) para Apple Macbook Pro 15"" Retina A1398 (2012) Con BACKLIGHT",Teclado,"MacBook Pro 15"" Retina A1398 (2012)",TEC534,345
10091785486626,Alterco,"Teclado  (SP) para Apple Macbook Pro 15"" Retina A1398 (2012)",Tapa Superior,"Apple MacBook Pro 15"" Retina A1398 (2012)",TEC533,185
10091785388322,Alterco,Teclado color Blanco (SP) para Apple Macbook 13'' A1342 2009 2010,Teclado,Apple MacBook 13'' A1342 (2009-2010),TEC532,230
10091785290018,Alterco,"Teclado  (SP) para Apple Macbook Pro 17"" A1297 (2009-2012)",Teclado,"Apple MacBook Pro 17"" A1297 (2009-2012)",TEC531,280
10091785191714,Alterco,Teclado  (SP) para Apple Macbook Pro A1398,Teclado,Apple Macbook Pro A1398,TEC440,225
10091785093410,Alterco,Teclado  (SP) para Apple Macbook Pro A1286 with backlit,Teclado,MacBook Pro A1286,TEC439B,300
10091785060642,Alterco,Teclado  (SP) para Apple Macbook Pro A1286,Teclado,Apple Macbook Pro A1286,TEC439,185
10091784962338,Alterco,Teclado  (SP) para Apple Macbook A1278 with backlit,Teclado,"MacBook Pro 13"" A1278",TEC389B,300
10091784798498,Alterco,"Teclado  (SP) para APPLE MacBook Air 13"" M1 A2337 2020",Teclado,"Apple MacBook Air 13"" M1 A2337 2020",TEC154,185
10091784732962,Alterco,Teclado  (SP) para APPLE MacBook Air 13'' A2179 2020,Teclado,MacBook Air 13'' A2179 2020,TEC153,185
10091784700194,Alterco,Teclado  (SP) para APPLE MacBook Air 13 A1932 EMC 3184,Teclado,Apple MacBook Air 13 A1932 EMC 3184,TEC152,2150
10091784667426,Alterco,"Teclado  (SP) para APPLE MacBook 12"" A1534 MacBook9,1 MacBook10,1 Early 2016 2017",Teclado,"MacBook 12"" A1534 | MacBook9,1 | MacBook10,1",TEC151,995
10091784569122,Alterco,"Teclado  (SP) para APPLE MacBook 12"" Retina Early 2016-Mid 2017 A1534",Teclado,Apple MacBook 12 pulgadas Retina Early 2016–Mid 2017 A1534,TEC150,995
10091784470818,Alterco,"Teclado  (SP) para APPLE MacBook Retina 12"" A1534 2015 MF855 MF865 MJY32 MK4M2",Teclado,"Apple MacBook Retina 12"" A1534 (2015) | MF855 | MF865 | MJY32 | MK4M2",TEC149,995
10091784438050,Alterco,Teclado  (SP) para APPLE Macbook Pro 13¨ (2020) A2338,Teclado,"MacBook Pro 13"" (2020) A2338",TEC124,230
10091784405282,Alterco,Teclado  (SP) para APPLE Macbook Pro 15¨ (2018) A1989 A1990,Teclado,MacBook Pro 15¨ (2018) A1989 | MacBook Pro 15¨ (2018) A1990,TEC122,1760
10091784372514,Alterco,Teclado  (SP) para APPLE Macbook Pro 13¨ (2016-2017) A1708,Teclado,"MacBook Pro 13"" (2016-2017) A1708",TEC121,925
10091784339746,Alterco,Teclado  (SP) para APPLE Macbook Pro 15'' (2016-2017) A1706 A1707,Teclado,A1706 | A1707,TEC120,1110
10091784241442,Alterco,Teclado  (SP) para Toshiba Satellite C50-b C50d-b C55-b C55d-b C70-b,Teclado,Toshiba Satellite C50-b | Toshiba Satellite C50d-b | Toshiba Satellite C55-b | Toshiba Satellite C55d-b | Toshiba Satellite C70-b,TEC555,325
10091784208674,Alterco,Teclado  (SP) para Toshiba L50-B L50D-B L55-B L55D-B *Backlight,Teclado,Toshiba L50-B | Toshiba L50D-B | Toshiba L55-B | Toshiba L55D-B,TEC549B,365
10091784143138,Alterco,Teclado  (SP) para Toshiba L50-B L50D-B L55-B L55D-B *Sin Backlight,Teclado,Toshiba L50-B | Toshiba L50D-B | Toshiba L55-B | Toshiba L55D-B,TEC549,150
10091784044834,Alterco,"Teclado  (SP) para Toshiba P55, P75, P55T, P70, P50t, P70t Negro Luminoso Series",Teclado,Toshiba P55 | Toshiba P75 | Toshiba P55T | Toshiba P70 | Toshiba P50t | Toshiba P70t,TEC504,380
10091783979298,Alterco,Teclado  (SP) para Toshiba Toshiba Satellite S50 S50d S50dt-a S50d-a S55 L50,Teclado,Toshiba Satellite S50 | Toshiba Satellite S50d | Toshiba Satellite S50dt-a | Toshiba Satellite S50d-a | Toshiba Satellite S55 | Toshiba Satellite L50,TEC484,125
10091783946530,Alterco,Teclado  (SP) para Toshiba P750 with frame,Tapa,Toshiba P750,TEC467,220
10091783913762,Alterco,Teclado  (SP) para Toshiba C850 C855 series,Teclado,Toshiba C850 | Toshiba C855,TEC391,120
10091783782690,Alterco,"Teclado color Plata (SP) para TOSHIBA Satellite L500, Satellite L355, Satellite L350",Teclado,Toshiba Satellite L500 | Toshiba Satellite L355 | Toshiba Satellite L350,TEC313,245
10091783651618,Alterco,"Teclado  (SP) para TOSHIBA Satellite L500, Satellite L355, Satellite L350",Teclado,Toshiba Satellite L500 | Satellite L355 | Satellite L350,TEC312,220
10091783520546,Alterco,"Teclado  (SP) para TOSHIBA Satellite C655, Satellite C655D, Satellite C650",Teclado,TOSHIBA Satellite C655 | Satellite C655D | Satellite C650,TEC288,140
10091783487778,Alterco,"Teclado  (SP) para TOSHIBA Satellite C645D, Satellite C645, Satellite C640",Teclado,Satellite C645D | Satellite C645 | Satellite C640,TEC255,130
10091783455010,Alterco,"Teclado  (SP) para TOSHIBA Satellite A660, Satellite A665",Teclado,Satellite A660 | Satellite A665,TEC215,230
10091783422242,Alterco,"Teclado color Blanco (SP) para TOSHIBA Satellite C655, Satellite C655D, Satellite C650",Teclado,TOSHIBA Satellite C655 | TOSHIBA Satellite C655D | TOSHIBA Satellite C650,TEC168,275
10091783323938,Alterco,"Teclado  (SP) para TOSHIBA Satellite A200, Satellite A305, Satellite A300",Teclado,TOSHIBA Satellite A200 | TOSHIBA Satellite A305 | TOSHIBA Satellite A300,TEC101,130
10091783291170,Alterco,Teclado  (SP) para TOSHIBA C40,Teclado,TOSHIBA C40,TEC093,140
10091783160098,Alterco,Teclado  (SP) para Sony Vaio PCG-61211U VPC-EA SERIES con Marco (FRAME),Teclado,Sony Vaio PCG-61211U | VPC-EA Series,TEC553,175
10091783127330,Alterco,Teclado color Blanco (SP) para Sony Vaio Sve14 Sve 14 Sve14138ccw Sve141 Sve14111elw,Teclado,Sony Vaio Sve14 | Sony Vaio Sve14138ccw | Sony Vaio Sve141 | Sony Vaio Sve14111elw,TEC548,395
10091783061794,Alterco,"Teclado color PLATA (SP) para Sony Vaio Sony Vaio VPC-M, VPC- M12, VPC-M13, VPC-M120",Teclado,Sony Vaio VPC-M | Sony Vaio VPC-M12 | Sony Vaio VPC-M13 | Sony Vaio VPC-M120,TEC544,240
10091782963490,Alterco,"Teclado  (SP) para Sony Vaio SVT14, T13, SVT13, T14",Teclado,Sony Vaio SVT14 | Sony Vaio T13 | Sony Vaio SVT13 | Sony Vaio T14,TEC525,505
10091782930722,Alterco,"Teclado  (SP) para Sony Vaio SVF14A, SVF14A15CLB, SVF14A16CLB Series",Teclado,Sony Vaio SVF14A | Sony Vaio SVF14A15CLB | Sony Vaio SVF14A16CLB,TEC510,195
10091782832418,Alterco,"Teclado  (SP) para Sony Vaio Fit SVF15, SVF15A, SVF15E, SVF153, SVF152, Series",Teclado,Sony Vaio Fit SVF15 | Sony Vaio Fit SVF15A | Sony Vaio Fit SVF15E | Sony Vaio Fit SVF153 | Sony Vaio Fit SVF152,TEC507,190
10091782766882,Alterco,Teclado color Blanco (SP) para Sony Vaio VPC-EG Series,Teclado,Sony Vaio VPC-EG Series,TEC499,150
10091782734114,Alterco,Teclado  (SP) para Sony Vaio VPC-EG Series,Teclado,Sony Vaio VPC-EG Series,TEC498,170
10091782668578,Alterco,Teclado  (SP) para Sony SVF14 without frame,Teclado,Sony SVF14,TEC463,240
10091782635810,Alterco,Teclado  (SP) para SONY Vaio VPC-EE (with frame),Teclado,Sony Vaio VPC-EE,TEC275,345
10091782603042,Alterco,Teclado color Blanco (SP) para Sony Sve11 Series Sve1112 (Marco Rosa),Tapa de teclado,Sony Sve1112 | Sony Sve11 Series,TEC089,345
10091782570274,Alterco,Teclado color Blanco (SP) para Sony Fit 14e Svf14 Svf14215sc,Teclado,Sony Fit 14e | SVF14 | SVF14215SC,TEC067,205
10091782537506,Alterco,Teclado color Blanco (SP) para Samsung 905s Np915s3g 915s3g Np905s3g 905s3g,Teclado,Samsung NP915S3G | Samsung 915S3G | Samsung NP905S3G | Samsung 905S3G,TEC556,155
10091782504738,Alterco,"Teclado  (SP) para Samsung Q430, QX410, SF410, RF410, QX411, X330",Teclado,Samsung Q430 | Samsung QX410 | Samsung SF410 | Samsung RF410 | Samsung QX411 | Samsung X330,TEC517,120
10091782373666,Alterco,"Teclado  (SP) para Samsung NP350V4X 300E4E,300E4V",Teclado,Samsung NP350V4X | Samsung 300E4E | Samsung 300E4V,TEC494,170
10091782340898,Alterco,Teclado  (SP) para Samsung RV411 without frame,Teclado,Samsung RV411,TEC461,120
10091782308130,Alterco,Teclado  (SP) para Samsung R420 R423 R425 R428 R429 R439 R440 R467 R468 R470 R480,Teclado,Samsung R420 | Samsung R423 | Samsung R425 | Samsung R428 | Samsung R429 | Samsung R439 | Samsung R440 | Samsung R467 | Samsung R468 | Samsung R470 | Samsung R480,TEC458,140
10091782275362,Alterco,Teclado  (SP) para Samsung 530U3B NP530U3C 532U3C,Teclado,Samsung 530U3B | NP530U3C | Samsung 532U3C,TEC433,175
10091782242594,Alterco,Teclado  (SP) para Samsung NP350V4X NP355V4X without frame,Teclado,Samsung NP350V4X | Samsung NP355V4X,TEC430,145
10091782209826,Alterco,"Teclado  (SP) para SAMSUNG N150, N145, N158 , N128, NB20, NB30 Series",Teclado,Samsung N150 | Samsung N145 | Samsung N158 | Samsung N128 | Samsung NB20 | Samsung NB30,TEC286,215
10091782111522,Alterco,Teclado  (SP) para SAMSUNG NP300 DE 14'',Teclado,Samsung NP300 14'',TEC279,155
10091782045986,Alterco,Teclado  (SP) para Lenovo 11s Flex10G S210 S210G s210t S215 s215T,Tapa,Lenovo 11s Flex10G | S210 | S210G | s210t | S215 | s215T,TEC571,225
10091781980450,Alterco,Teclado color GRIS (SP) Tecla Encendido / SUPR para Lenovo IdeaPad 320-14AST 320-14IAP 320-14ISK 320S-14IKB 320-14isk 320s-14ikb 320s-14ikbr,Tecla,320-14AST | 320-14IAP | 320-14ISK | 320S-14IKB | 320-14isk | 320s-14ikb | 320s-14ikbr,TEC568,125
10091781947682,Alterco,Teclado  (SP) para Lenovo Thinkpad E550 E550c E555 E560 E565,Teclado,ThinkPad E550 | ThinkPad E550c | ThinkPad E555 | ThinkPad E560 | ThinkPad E565,TEC566,315
10091781849378,Alterco,Teclado  (SP) para Lenovo Ideapad 100-15 100-15IBY 300-15 B50-10,Teclado,Lenovo Ideapad 100-15 | Lenovo Ideapad 100-15IBY | Lenovo Ideapad 300-15 | Lenovo B50-10,TEC546,150
10091781751074,Alterco,Teclado  (SP) para Lenovo Lenovo Ideapad G50 G50-30 G50-45 G50-70 G50-70m,Teclado,Lenovo Ideapad G50 | Lenovo Ideapad G50-30 | Lenovo Ideapad G50-45 | Lenovo Ideapad G50-70 | Lenovo Ideapad G50-70m,TEC542,125
10091781685538,Alterco,Teclado  (SP) para Lenovo E531 E540 L540 T540 T550 W540 W550s Series,Teclado,Lenovo E531 | Lenovo E540 | Lenovo L540 | Lenovo T540 | Lenovo T550 | Lenovo W540 | Lenovo W550s,TEC526,345
10091781652770,Alterco,"Teclado  (SP) para Lenovo Y50, Y50P, Y50-70, Y50-80, U530 U530P Series Luminoso",Teclado,Lenovo Y50 | Lenovo Y50P | Lenovo Y50-70 | Lenovo Y50-80 | Lenovo U530 | Lenovo U530P,TEC515,590
10091781587234,Alterco,Teclado  (SP) para Lenovo Yoga 3 Pro 13 Series,Teclado,Lenovo Yoga 3 Pro 13 Series,TEC509,455
10091781521698,Alterco,"Teclado  (SP) para Lenovo Ideapad 100-14, 100-14iby Series",Teclado,Lenovo Ideapad 100-14 | Lenovo Ideapad 100-14iby Series,TEC508,130
10091781488930,Alterco,Teclado  (SP) para Lenovo E431 T440 L440 E440 T450,Tapa trasera,E431 | T440 | L440 | E440 | T450,TEC491,325
10091781390626,Alterco,Teclado  (SP) para Lenovo B40-70 G40-70,Teclado,Lenovo B40-70 | Lenovo G40-70,TEC490,145
10091781357858,Alterco,Teclado  (SP) para Lenovo G40 G40-30  G40-70 N40-70 N40-30 B40-30,Teclado,Lenovo G40 | Lenovo G40-30 | Lenovo G40-70 | Lenovo N40-70 | Lenovo N40-30 | Lenovo B40-30,TEC472,125
10091781325090,Alterco,Teclado  (SP) para Lenovo E330 E430 E435 E430C E430S S430,Teclado,Lenovo E330 | Lenovo E430 | Lenovo E435 | Lenovo E430C | Lenovo E430S | Lenovo S430,TEC455,790
10091781292322,Alterco,Teclado  (SP) para Lenovo G50 with frame,Teclado,Lenovo G50,TEC454,115
10091781226786,Alterco,Teclado  (SP) para Lenovo T410 W510 W520 X220,Teclado,Lenovo T410 | Lenovo W510 | Lenovo W520 | Lenovo X220,TEC453,490
10091781128482,Alterco,Teclado  (SP) para Lenovo S400 S300 S405,Teclado,Lenovo S400 | Lenovo S300 | Lenovo S405,TEC396,130
10091780997410,Alterco,TECLADOS  (SP) para Lenovo B570 V570 V575 Z570 with frame,Teclado,Lenovo B570 | Lenovo V570 | Lenovo V575 | Lenovo Z570,TEC395,140
10091780899106,Alterco,Teclado  (SP) para IBM Lenovo Thinkpad T530 X230,Teclado,ThinkPad T530 | ThinkPad X230,TEC387,395
10091780800802,Alterco,Teclado  (SP) para Lenovo Thinkpad T460S T470S (No compatible con T460 T460P T470 T470P) *Sin Backlight,Teclado,Thinkpad T460S | Thinkpad T470S,TEC365,345
10091780702498,Alterco,Teclado  (SP) para LENOVO IdeaPad Z470 (With frame),Teclado,LENOVO IdeaPad Z470,TEC331,270
10091780669730,Alterco,"Teclado  (SP) para LENOVO IdeaPad G480, IdeaPad Z480, IdeaPad G485 (With frame)",Teclado,IdeaPad G480 | IdeaPad Z480 | IdeaPad G485,TEC329,120
10091780538658,Alterco,TECLADOS  (SP) para LENOVO G560 G570 G570G G575,Teclado,Lenovo G560 | Lenovo G570 | Lenovo G570G | Lenovo G575,TEC315,145
10091780440354,Alterco,Teclado  en Español para Lenovo Lenovo IdeaPad 100-14ibd 100-14IBD 100 14IBD,Teclado,Lenovo IdeaPad 100-14IBD | IdeaPad 100-14IBD,TEC299I,145
10091780342050,Alterco,Teclado  (SP) para Lenovo Lenovo IdeaPad 100-14ibd 100-14IBD 100 14IBD,Teclado,IdeaPad 100-14IBD | IdeaPad 100-14ibd | IdeaPad 100 14IBD,TEC299,115
10091780276514,Alterco,Teclado  (SP) para LENOVO IdeaPad G550,Teclado,Lenovo IdeaPad G550,TEC198,350
10091780243746,Alterco,Teclado  (SP) para Lenovo 310-15 510-15 110-15acl 110-15ast 110-15Ibr,Teclado,Lenovo 310-15 | Lenovo 510-15 | Lenovo 110-15acl | Lenovo 110-15ast | Lenovo 110-15Ibr,TEC130,115
10091780145442,Alterco,Teclado  (SP) para Lenovo Thinkpad E480 T490 E490 L380 BACKLIGHT,Teclado,Lenovo ThinkPad E480 | Lenovo ThinkPad T490 | Lenovo ThinkPad E490 | Lenovo ThinkPad L380,TEC118,645
10091780112674,Alterco,Teclado  (SP) para Lenovo ThinkPad X1 Carbon 5 GEN,Teclado,Lenovo ThinkPad X1 Carbon 5 GEN,TEC110,1025
10091780079906,Alterco,Teclado  (SP) para Lenovo ThinkPad X1 Carbon 4 GEN,Teclado,Lenovo ThinkPad X1 Carbon 4 Gen,TEC109,1700
10091779981602,Alterco,Teclado  (SP) para Lenovo Thinkpad P50 P51 P70 00PA288 SN20K85114,Teclado,ThinkPad P50 | ThinkPad P51 | ThinkPad P70,TEC108,745
10091779883298,Alterco,"Teclado  (SP) para Lenovo ThinkPad L15 (Type 20U3, 20U4,20U7,20U8), L15 Gen 2 (Type 20X3 20X4)",Teclado,"Lenovo ThinkPad L15 (Type 20U3, 20U4, 20U7, 20U8) | Lenovo ThinkPad L15 Gen 2 (Type 20X3, 20X4)",TEC105,590
10091779850530,Alterco,Teclado  (SP) para Lenovo Flex 6-14ikbyoga 530-14ikb 530-14arr,Teclado,Lenovo Flex 6-14IKBY | Lenovo Yoga 530-14IKB | Lenovo Yoga 530-14ARR,TEC104,180
10091779719458,Alterco,Teclado  (SP) para Lenovo Flex 6-14ikbyoga 530-14ikb 530-14arr (BACKLIGHT),Teclado,Lenovo Flex 6-14IKBY Yoga | Lenovo 530-14IKB | Lenovo 530-14ARR,TEC103,315
10091779621154,Alterco,Teclado  (SP) para Lenovo Ideapad 100-15IBD B50-50 (Numerico),Teclado,Lenovo Ideapad 100-15IBD B50-50,TEC098,270
10091779522850,Alterco,Teclado  (SP) para Lenovo Thinkpad T470 T480 A475 A485 (Backlight),Teclado,Lenovo ThinkPad T470 | Lenovo ThinkPad T480 | Lenovo ThinkPad A475 | Lenovo ThinkPad A485,TEC090,620
10091779490082,Alterco,Teclado  (SP) para Lenovo IdeaPad yoga 500-14IBD 500-14IHW 500-14ACL 500-14ACZ,Teclado,Lenovo IdeaPad Yoga 500-14IBD | Lenovo IdeaPad Yoga 500-14IHW | Lenovo IdeaPad Yoga 500-14ACL | Lenovo IdeaPad Yoga 500-14ACZ,TEC088,165
10091779391778,Alterco,Teclado  (SP) para Lenovo Thinkpad E450 E455 E450c E460 E465,Teclado,Lenovo ThinkPad E450 | Lenovo ThinkPad E455 | Lenovo ThinkPad E450c | Lenovo ThinkPad E460 | Lenovo ThinkPad E465,TEC087,300
10091779359010,Alterco,Teclado  (SP) para Lenovo Legion Y520 Y520-15ikbm Y520-15ikbn (No Backlight),Teclado,Lenovo Legion Y520 | Lenovo Legion Y520-15ikbm | Lenovo Legion Y520-15ikbn,TEC086,295
10091779260706,Alterco,Teclado  (SP) para Lenovo Ideapad 310-14iap 310-14ikb 310-14isk,Teclado,Lenovo Ideapad 310-14iap | Lenovo Ideapad 310-14ikb | Lenovo Ideapad 310-14isk,TEC085,115
10091779129634,Alterco,Teclado color Gris (SP) para Lenovo 320-15abr 320-15ast 320-15iap 320-15isk (SIN Tecla Encendido),Teclado,Lenovo 320-15abr | Lenovo 320-15ast | Lenovo 320-15iap | Lenovo 320-15isk,TEC075,125
10091779031330,Alterco,Teclado  (SP) para LENOVO 320-15isk 320-15 320-15iap 320-15abr 320-15as Backlight,Teclado,Lenovo 320-15isk | Lenovo 320-15 | Lenovo 320-15iap | Lenovo 320-15abr | Lenovo 320-15as,TEC074,345
10091778900258,Alterco,Teclado  (SP) para Lenovo Thinkpad E580 E585 L580 T590 E590 E595 (Marco NEGRO) Backlight,Teclado,E580 | E585 | L580 | T590 | E590 | E595,TEC061,805
10091778769186,Alterco,Teclado  (SP) para Lenovo Thinkpad E480 T490 E490 L380 (Sin Backlight),Teclado,Lenovo Thinkpad E480 | Lenovo Thinkpad T490 | Lenovo Thinkpad E490 | Lenovo Thinkpad L380,TEC057,340
10091778670882,Alterco,Teclado color Gris (SP) para Lenovo 320-15isk 320-15 320-15iap 320-15abr 320-15as (Tecla Encendido),Teclado,Lenovo 320-15isk | Lenovo 320-15 | Lenovo 320-15iap | Lenovo 320-15abr | Lenovo 320-15as,TEC056,140
10091778539810,Alterco,Teclado  (SP) (Tecla SUPR) para IdeaPad 320-14ISK 320-14IKB 320S-14IKB 320-14AST,Teclado,IdeaPad 320-14ISK | IdeaPad 320-14IKB | IdeaPad 320S-14IKB | IdeaPad 320-14AST,TEC053,120
10091778441506,Alterco,Teclado  (SP) para Lenovo IdeaPad 110-14ibr 110-14isk 110-14ast,Teclado,IdeaPad 110-14ibr | IdeaPad 110-14isk | IdeaPad 110-14ast,TEC052,225
10091778343202,Alterco,Teclado  (SP) para Lenovo Yoga 310s-14isk 510s-14ikb 710s-14,Teclado,Lenovo Yoga 310s-14isk | Lenovo Yoga 510s-14ikb | Lenovo Yoga 710s-14,TEC050,145
10091778244898,Alterco,Teclado  (SP) para Lenovo 700-15 700-15ISK (Sin Marco),Teclado,Lenovo 700-15 700-15ISK (Sin Marco),TEC049,230
10091778113826,Alterco,Teclado  (SP) para Lenovo Ideapad Yoga 330-11ikb 120S-11IAP,Teclado,Lenovo Ideapad Yoga 330-11IKB | Lenovo Ideapad 120S-11IAP,TEC048,155
10091778081058,Alterco,Teclado  (SP) para Lenovo Ideapad 100S-11IBY Series,Teclado,Lenovo Ideapad 100S-11IBY Series,TEC046,150
10091777982754,Alterco,Teclado  (SP) para Lenovo Yoga 3 11 300-11iby 300-11ibr Yoga 311 Yoga 700,Teclado,Yoga 3 11 | 300-11iby | 300-11ibr | Yoga 311 | Yoga 700,TEC045,225
10091777949986,Alterco,"Teclado  (SP) para Lenovo IdeaPad 300-15IBR,300-15ISK,300-17ISK,305-15ABM,305-15IBD,305-15IBY,305-15IHW,500-15ACZ,500-15ISK (SILVER FRAME)",Teclado,Lenovo IdeaPad 300-15IBR | Lenovo IdeaPad 300-15ISK | Lenovo IdeaPad 300-17ISK | Lenovo IdeaPad 305-15ABM | Lenovo IdeaPad 305-15IBD | Lenovo IdeaPad 305-15IBY | Lenovo IdeaPad 305-15IHW | Lenovo IdeaPad 500-15ACZ | Lenovo IdeaPad 500-15ISK,TEC021,125
10091777851682,Alterco,Teclado  (SP) para Lenovo IdeaPad 300-14IBR 300-14ISK 305-14IBD G40-30 G40-45 G40-70 G40-80 G41-35 (SILVER FRAME),Teclado,IdeaPad 300-14IBR | IdeaPad 300-14ISK | IdeaPad 305-14IBD | G40-30 | G40-45 | G40-70 | G40-80 | G41-35,TEC020,140
10091777786146,Alterco,Teclado  (SP) para Lenovo Ideapad G580 G580a V580 Z580 G585,Teclado,Lenovo Ideapad G580 | Lenovo Ideapad G580a | Lenovo Ideapad V580 | Lenovo Ideapad Z580 | Lenovo Ideapad G585,TEC019,150
10091777753378,Alterco,Teclado  (SP) para Lenovo IdeaPad 320-15 320-15IAP 320-15ABR 320-15AST 320-15ISK (Tecla Encendido / Numerico),Teclado,Lenovo IdeaPad 320-15 | Lenovo IdeaPad 320-15IAP | Lenovo IdeaPad 320-15ABR | Lenovo IdeaPad 320-15AST | Lenovo IdeaPad 320-15ISK,TEC018,125
10091777720610,Alterco,Teclado  (SP) para Lenovo Ideapad 110-14IBR 110-14AST 110-14ISK (Cable),Cable de teclado,Ideapad 110-14IBR | Ideapad 110-14AST | Ideapad 110-14ISK,TEC017A,245
10091777622306,Alterco,Teclado  (SP) para Lenovo Ideapad 110-14IBR 110-14AST 110-14ISK,Teclado,Lenovo Ideapad 110-14IBR | Lenovo Ideapad 110-14AST | Lenovo Ideapad 110-14ISK,TEC017,125
10091777524002,Alterco,"Teclado  (SP) para LENOVO G470, G475, V470",Teclado,Lenovo G470 | Lenovo G475 | Lenovo V470,TEC009,120
10091777392930,Alterco,Teclado  (SP) para Lenovo Thinkpad X230S X240 X240S X240I X250 X260 04X0177 0C43982 04X0215 *Backlight,Teclado,ThinkPad X230S | ThinkPad X240 | ThinkPad X240S | ThinkPad X240I | ThinkPad X250 | ThinkPad X260,TEC007,905
10091777360162,Alterco,Teclado  (SP) para LENOVO G500 G505 G500A G510 G700 G700A G710 G710A (CON MARCO),Teclado,Lenovo G500 | Lenovo G505 | Lenovo G500A | Lenovo G510 | Lenovo G700 | Lenovo G700A | Lenovo G710 | Lenovo G710A,TEC002,140
10091777229090,Alterco,Teclado  (SP) para HP Probook 450 G5 455 G5 470 G5 CON MARCO,Teclado,HP ProBook 450 G5 | HP ProBook 455 G5 | HP ProBook 470 G5,TEC572,180
10091777196322,Alterco,"Teclado  (SP) para HP Probook 450 G3, 455 G3, 470 G3 , 650 G2 , 655 G2 CON MARCO",Teclado,HP ProBook 450 G3 | HP ProBook 455 G3 | HP ProBook 470 G3 | HP ProBook 650 G2 | HP ProBook 655 G2,TEC570,155
10091777130786,Alterco,"Teclado  (SP) para HP Probook 430 G3 , 430 G4 , 440 G3 , 440 G4 , 445 G3 , 640 G2 , 645 G2 (Marco Azul)",Teclado,HP ProBook 430 G3 | HP ProBook 430 G4 | HP ProBook 440 G3 | HP ProBook 440 G4 | HP ProBook 445 G3 | HP ProBook 640 G2 | HP ProBook 645 G2,TEC565A,275
10091777032482,Alterco,"Teclado  (SP) para HP Probook 430 G3 , 430 G4 , 440 G3 , 440 G4 , 445 G3 , 640 G2 , 645 G2",Teclado,HP ProBook 430 G3 | HP ProBook 430 G4 | HP ProBook 440 G3 | HP ProBook 440 G4 | HP ProBook 445 G3 | HP ProBook 640 G2 | HP ProBook 645 G2,TEC565,180
10091776999714,Alterco,Teclado color Plata (SP) para HP ENVY 15J-000 15ZJ-100 17J-000 M6 M6-n M6-n010dx M6-n012,Teclado,HP ENVY 15J-000 | HP ENVY 15ZJ-100 | HP ENVY 17J-000 | HP M6 | HP M6-n | HP M6-n010dx | HP M6-n012,TEC562,355
10091776901410,Alterco,Teclado  (SP) para HP Pavilion X360 11-N000 11-N100 11-N200,Teclado,HP Pavilion X360 11-N000 | HP Pavilion X360 11-N100 | HP Pavilion X360 11-N200,TEC557,195
10091776868642,Alterco,Teclado  (SP) para HP 15-ab 15ab 15-ab000 15-ab100 ENTER DELGADO *SIN BACKLIGHT,Teclado,HP 15-ab | HP 15ab | HP 15-ab000 | HP 15-ab100,TEC554E,120
10091776835874,Alterco,Teclado  (SP) para HP 15-ab 15ab 15-ab000 15-ab100,Teclado,HP 15-ab | 15ab | 15-ab000 | 15-ab100,TEC554,105
10091776803106,Alterco,Teclado color BLANCO (SP) para HP PAVILION G4-2000 G4-2100 G4-2200 SERIES,Teclado,HP Pavilion G4-2000 | HP Pavilion G4-2100 | HP Pavilion G4-2200,TEC552,230
10091776704802,Alterco,"Teclado  (SP) para HP Probook 650 G1 , 655 G2 , 736649-B71",Teclado,HP ProBook 650 G1 | HP ProBook 655 G2,TEC551,175
10091776672034,Alterco,Teclado  (SP) para HP Elitebook 840 G3 / 745 G3 (Sin Backlight),Teclado,HP EliteBook 840 G3 | HP EliteBook 745 G3,TEC550,155
10091776639266,Alterco,Teclado  (SP) para HP 240 G6 245 G6 246 G6 Pavilion 14-bs 14-bs000 14-bs100 14-bs500 X360 14-ba ENTER DELGADO *SIN BACKLIGHT,Teclado,HP 240 G6 | HP 245 G6 | HP 246 G6 | Pavilion 14-bs | Pavilion 14-bs000 | Pavilion 14-bs100 | Pavilion 14-bs500 | X360 | 14-ba,TEC545E,130
10091776606498,Alterco,Teclado  (SP) para HP Pavilion 14-ab 14ab 14-ab 14-ab000 14-ab100 Hp14ab,Teclado,HP Pavilion 14-ab | HP Pavilion 14-ab000 | HP Pavilion 14-ab100,TEC545,125
10091776573730,Alterco,Teclado  (SP) para HP 14-V 14-v000 14-v100 14-v200 14-v002la Series,Teclado,HP 14-V | 14-v000 | 14-v100 | 14-v200 | 14-v002la,TEC530,165
10091776442658,Alterco,"Teclado  (SP) FRAME NEGRO para HP EliteBook 840 G1, 840 G2, 850 G1 Series",Tapa,HP EliteBook 840 G1 | HP EliteBook 840 G2 | HP EliteBook 850 G1,TEC529,180
10091776409890,Alterco,Teclado  (SP) para HP 15J-000 15TJ-100 17J-000 17J-100 Series,Teclado,HP 15J-000 | HP 15TJ-100 | HP 17J-000 | HP 17J-100 Series,TEC528,340
10091776311586,Alterco,"Teclado  (SP) para HP 14-AC, 14-AF, 14-AD, 14-AJ, 14-Q Series",Teclado,HP 14-AC | HP 14-AF | HP 14-AD | HP 14-AJ | HP 14-Q Series,TEC527,140
10091776278818,Alterco,"Teclado  (SP) FRAME PLATA para HP EliteBook 840 G1, 840 G2, 850 G1 Series",Teclado,HP EliteBook 840 G1 | HP EliteBook 840 G2 | HP EliteBook 850 G1 Series,TEC523,145
10091776180514,Alterco,Teclado color Blanco (SP) para HP 14-V 14-v000 14-v100 14-v200 14-v002la Series,Teclado,HP 14-V000 | HP 14-V100 | HP 14-V200 | HP 14-V002LA,TEC519,175
10091776082210,Alterco,"Teclado  (SP) para HP Pavilion 15-ac, 15-af, 250 G4, 255 G4 Series",Teclado,HP Pavilion 15-ac | HP Pavilion 15-af | HP Pavilion 250 G4 | HP Pavilion 255 G4 Series,TEC518,120
10091776016674,Alterco,"Teclado  (SP) para HP Elitebook 820 G1, 820 G2, 720 G1, 720 G2 Series",Teclado,HP EliteBook 820 G1 | HP EliteBook 820 G2 | HP EliteBook 720 G1 | HP EliteBook 720 G2,TEC516,515
10091775918370,Alterco,Teclado  (SP) para HP Pavilion Dv6000 Dv6100 Dv6200 Series,Teclado,HP Pavilion dv6000 | HP Pavilion dv6100 | HP Pavilion dv6200,TEC513,155
10091775852834,Alterco,"Teclado  (SP) para HP Pavilion 17-F000, 15-P Negro Series",Teclado,HP Pavilion 17-F000 | HP Pavilion 15-P Negro Series,TEC502,225
10091775787298,Alterco,"Teclado  (SP) para HP 14-ac, 14-af, 14-ad, 14-aj, 14-q , 14-am , 14am",Teclado,HP 14-ac | HP 14-af | HP 14-ad | HP 14-aj | HP 14-q | HP 14-am | HP 14am,TEC496,130
10091775754530,Alterco,Teclado  (SP) FRAME para HP 240 G2 / 245 G3 / 14-G000 / 14-R000 / 14-D000 / 14-W000,Teclado,HP 240 G2 | HP 245 G3 | HP 14-G000 | HP 14-R000 | HP 14-D000 | HP 14-W000,TEC495B,125
10091775721762,Alterco,Teclado  (SP) para HP 240 G2 / 245 G3 / 14-G000 / 14-R000 / 14-D000 / 14-W000,Teclado,HP 240 G2 | HP 245 G3 | HP 14-G000 | HP 14-R000 | HP 14-D000 | HP 14-W000,TEC495,170
10091775688994,Alterco,Teclado  Con Marco (SP) para HP ProBook 450 G0 450 G1 455 G1 FRAME,Tapa de Teclado,HP ProBook 450 G0 | HP ProBook 450 G1 | HP ProBook 455 G1,TEC477M,170
10091775656226,Alterco,Teclado  (SP) para HP ProBook 450 G0 450 G1 455 G1,Teclado,HP ProBook 450 G0 | HP ProBook 450 G1 | HP ProBook 455 G1,TEC477,215
10091775623458,Alterco,Teclado  (SP) para HP Probook 440 G1,Teclado,HP Probook 440 G1,TEC450,190
10091775590690,Alterco,"Teclado  (SP) para HP Pavilion 15-E , 15-N , 15-G , 15-H , 15-R",Teclado,HP Pavilion 15-E | HP Pavilion 15-N | HP Pavilion 15-G | HP Pavilion 15-H | HP Pavilion 15-R,TEC437,140
10091775557922,Alterco,Teclado  (SP) para HP Compaq Presario C700 Series / Compaq Presario G7000 Series,Teclado,HP Compaq Presario C700 Series | Compaq Presario G7000 Series,TEC435,180
10091775525154,Alterco,Teclado color Blanco (SP) para Hp Pavilion 14-n 14n 14 N 14-n005la N007la N009la,Teclado,Hp Pavilion 14-n | Hp Pavilion 14n | Hp Pavilion 14 N | Hp Pavilion 14-n005la | N007la | N009la,TEC434,190
10091775492386,Alterco,Teclado color Cafe (SP) para HP DV3500 *HAE,Teclado,HP DV3500,TEC410,225
10091775459618,Alterco,Teclado  (SP) para HP DV4-5000 (With frame),Teclado,HP DV4-5000,TEC323,215
10091775426850,Alterco,Teclado color Blanco (SP) para HP DV4-5000,Teclado,HP DV4-5000,TEC322,205
10091775361314,Alterco,"Teclado  (SP) para HP Probook 4530S, 4535S",Teclado,HP ProBook 4530S | HP ProBook 4535S,TEC321,180
10091775328546,Alterco,Teclado  (SP) para HP Probook 4440S,Teclado,HP ProBook 4440S,TEC320,240
10091775295778,Alterco,Teclado  (SP) para HP PavilionG4-2000 G4-2200 G4-2100 series,Tapa Trasera,HP Pavilion G4-2000 | HP Pavilion G4-2100 | HP Pavilion G4-2200,TEC303,140
10091775230242,Alterco,"Teclado  (SP) para HP Pavilion Dv4-3000, Pavilion Dv4-4000",Teclado,HP Pavilion Dv4-3000 | HP Pavilion Dv4-4000,TEC301,205
10091775164706,Alterco,"Teclado  (SP) para HP Probook 4430S, 4330S, 4435S",Teclado,HP ProBook 4430S | HP ProBook 4330S | HP ProBook 4435S,TEC296,190
10091775131938,Alterco,"Teclado color Plata (SP) para HP Pavilion DV4-3000, Pavilion Dv4-4000",Teclado,"HP Pavilion DV4-3000 | HP Pavilion DV4-4000 | Detales: | Teclado de repuesto | Propósito: reemplazo de teclado | Características especiales: color plata (SP), compatible con HP Pavilion DV4-3000 y HP Pavilion DV4-4000, montaje preciso",TEC295,205
10091775033634,Alterco,"Teclado  (SP) para HP Pavilion Dv4-4000, Pavilion Dv4-3000",Teclado,HP Pavilion Dv4-4000 | HP Pavilion Dv4-3000,TEC289,330
10091774968098,Alterco,"Teclado  (SP) para HP Presario CQ56, Presario CQ62, Presario G62",Teclado,HP Presario CQ56 | HP Presario CQ62 | HP Presario G62,TEC263,150
10091774935330,Alterco,"Teclado  (SP) para HP Mini 110-3700, Mini 210-3000, 210-3100 Series",Teclado,HP Mini 110-3700 | HP Mini 210-3000 | HP Mini 210-3100 Series,TEC254,180
10091774902562,Alterco,Teclado  (SP) para HP Presario CQ60,Teclado,HP Presario CQ60,TEC240,250
10091774837026,Alterco,"Teclado  (SP) para HP Presario G4-1000, Presario CQ43, Presario G6-1000",Teclado,HP Presario G4-1000 | HP Presario CQ43 | HP Presario G6-1000,TEC218,125
10091774804258,Alterco,"Teclado  (SP) para HP Pavilion Dm4-1000, Pavilion Dm4-3050, Pavilion DV5-2000",Teclado,HP Pavilion Dm4-1000 | HP Pavilion Dm4-3050 | HP Pavilion DV5-2000,TEC216,170
10091774771490,Alterco,"Teclado  (SP) para HP Pavilion DV4, Pavilion DV4-1000, Pavilion DV4-1100",Teclado,HP Pavilion DV4 | HP Pavilion DV4-1000 | HP Pavilion DV4-1100,TEC201,145
10091774738722,Alterco,"Teclado  (SP) para HP Presario CQ42, Presario G42",Teclado,HP Presario CQ42 | HP Presario G42,TEC143,140
10091774705954,Alterco,Teclado color Plata (SP) para HP mini 210-2000 (with frame),Teclado,HP Mini 210-2000,TEC142,255
10091774673186,Alterco,Teclado  (SP) para HP ProBook 440 G6 445 G6 Backlight,Teclado,HP ProBook 440 G6 | HP ProBook 445 G6,TEC136,405
10091774607650,Alterco,Teclado  (SP) para HP ProBook 440 G6 445 G6 (No backlight),Teclado,HP ProBook 440 G6 | HP ProBook 445 G6,TEC135,170
10091774542114,Alterco,Teclado  (SP) para HP ProBook 440 G8 445 G8 ZBook Create G7 (Sin Marco),Teclado,HP ProBook 440 G8 | HP ProBook 445 G8 | ZBook Create G7,TEC128,170
10091774509346,Alterco,Teclado  Español para HP Elitebook 8540P 8540W (Point stick),Teclado,HP EliteBook 8540P | HP EliteBook 8540W,TEC126,325
10091774476578,Alterco,Teclado  (SP) para HP Probook 640 G1 G0 440 445 645 A640 (SIN MARCO),Tapa Superior,HP ProBook 640 G1 | HP ProBook 640 G0 | HP ProBook 440 | HP ProBook 445 | HP ProBook 645 | HP ProBook A640,TEC125,445
10091774443810,Alterco,Teclado  (SP) para HP Mini 210,Teclado,HP Mini 210,TEC117,190
10091774411042,Alterco,"Teclado  (SP) para HP Mini 110-3000, Mini CQ10",Teclado,HP Mini 110-3000 | Mini CQ10,TEC115,130
10091774378274,Alterco,Teclado  (SP) para HP EliteBook 8440P,Teclado,HP EliteBook 8440P,TEC107,375
10091774345506,Alterco,Teclado  (SP) para HP Elitebook 8560w 8570w (Point stick / No Backlight),Teclado,HP EliteBook 8560w | HP EliteBook 8570w,TEC102,380
10091774312738,Alterco,Teclado  (SP) para HP EliteBook 725 G3 G4 820 G3 G4 Marco Plata,Teclado,HP EliteBook 725 G3 | HP EliteBook 725 G4 | HP EliteBook 820 G3 | HP EliteBook 820 G4,TEC096,195
10091774279970,Alterco,Teclado  (SP) para HP Probook 450 G6 455 G6 450R G6 455R G6 (Sin marco),Teclado,HP ProBook 450 G6 | HP ProBook 455 G6 | HP ProBook 450R G6 | HP ProBook 455R G6,TEC095,175
10091774247202,Alterco,Teclado color Plata (SP) para HP EliteBook 2560p 2570p,Teclado,HP EliteBook 2560p | HP EliteBook 2570p,TEC094,195
10091774181666,Alterco,Teclado  (SP) para HP EliteBook 745 G5 745 G6 840 G5 846 G5 840 G6 846 G6.ZBook 14u G5 ZBook 14u G6 Backlight / Point Stick (Marco Plata),Teclado,HP EliteBook 745 G5 | HP EliteBook 745 G6 | HP EliteBook 840 G5 | HP EliteBook 846 G5 | HP EliteBook 840 G6 | HP EliteBook 846 G6 | ZBook 14u G5 | ZBook 14u G6,TEC092B,530
10091774148898,Alterco,Teclado  (SP) para HP EliteBook 840 G5 846 G5 745 G5 (Marco Plata),Teclado,HP EliteBook 840 G5 | HP EliteBook 846 G5 | HP EliteBook 745 G5,TEC092,195
10091774116130,Alterco,Teclado color Plata (SP) para Hp X360 14-cd 14-cd000 14-cd0000 14t-cd00,Teclado,HP X360 14-cd | HP X360 14-cd000 | HP X360 14-cd0000 | HP X360 14t-cd00,TEC084,255
10091774083362,Alterco,Teclado color Plata (SP) para Hp Envy 13-ag 13-ad 13-ah 13-ae 13-af 13-bf,Teclado,Hp Envy 13-ag | Hp Envy 13-ad | Hp Envy 13-ah | Hp Envy 13-ae | Hp Envy 13-af | Hp Envy 13-bf,TEC083,290
10091774017826,Alterco,Teclado color Plata (SP) para Hp Envy 13-ag 13-ad 13-ah 13-ae 13-af 13-bf (Backlight),Teclado,HP Envy 13-ag | HP Envy 13-ad | HP Envy 13-ah | HP Envy 13-ae | HP Envy 13-af | HP Envy 13-bf,TEC082,295
10091773985058,Alterco,"Teclado  (SP) para HP Presario CQ40, Presario CQ45",Teclado,HP Presario CQ40 | HP Presario CQ45,TEC081,155
10091773952290,Alterco,Teclado color Plata (SP) para Hp 15-da 15-db 15-cs 15-db 15-cx 15-dr 250 G7 (ORIG),Teclado,HP 15-da | HP 15-db | HP 15-cs | HP 15-cx | HP 15-dr | HP 250 G7,TEC073A,170
10091773919522,Alterco,Teclado color Plata (SP) para Hp 15-da 15-db 15-cs 15-db 15-cx 15-dr 250 G7,Teclado,HP 15-da | HP 15-db | HP 15-cs | HP 15-cx | HP 15-dr | HP 250 G7,TEC073,155
10091773853986,Alterco,Teclado color Blanco (SP) para HP 15-BS000 15-BS1000 15-BS015DX 15-BS016DX 250 G6 255 G6 15-BW Backlight (Enter Delgado),Teclado,HP 15-BS000 | HP 15-BS1000 | HP 15-BS015DX | HP 15-BS016DX | HP 250 G6 | HP 255 G6 | HP 15-BW,TEC072,165
10091773821218,Alterco,Teclado color Plata (SP) para HP 15-BS000 15-BS1000 15-BS015DX 15-BS016DX 250 G6 255 G6 15-BW (Enter Delgado),Teclado,HP 15-BS000 | HP 15-BS1000 | HP 15-BS015DX | HP 15-BS016DX | HP 250 G6 | HP 255 G6 | HP 15-BW,TEC071,165
10091773788450,Alterco,Teclado  (SP) para HP Probook 640 G1 G0 440 445 645 A640 (Con Marco),Teclado,HP Probook 640 G1 | HP Probook 640 G0 | HP Probook 440 | HP Probook 445 | HP Probook 645 | HP Probook A640,TEC070,350
10091773755682,Alterco,"Teclado  (SP) para HP 11-K 11-K000 11t-k000 11-AB, 11-U (ENTER GRANDE)",Teclado,HP 11-K | HP 11-K000 | HP 11t-k000 | HP 11-AB | HP 11-U,TEC044,145
10091773722914,Alterco,Teclado color Blanco (SP) para Hp 14-ax 14-ax000 14-ax010 14-ax100,Teclado,HP 14-ax000 | HP 14-ax010 | HP 14-ax100,TEC041,205
10091773690146,Alterco,Teclado  (SP) para Hp Elitebook Folio 9470m Ultra Book 9480m con Marco Plata (Silver Frame),Teclado,HP EliteBook Folio 9470m | HP EliteBook 9480m,TEC039,170
10091773657378,Alterco,"Teclado  (SP) para HP Mini 110, 110-1000 Mini, CQ10-100",Teclado,HP Mini 110 | HP Mini 110-1000 | HP Mini CQ10-100,TEC036,165
10091773624610,Alterco,Teclado  (SP) para HP Probook 430 G5 440 G5 445 G5,Teclado,HP ProBook 430 G5 | HP ProBook 440 G5 | HP ProBook 445 G5,TEC033,155
10091773526306,Alterco,Teclado  (SP) para HP 15-ab 15ab 15-ab000 15-ab100 (CTRL cuadrado) (Enter delgado),Teclado,HP 15-ab | HP 15ab | HP 15-ab000 | HP 15-ab100,TEC030,115
10091773493538,Alterco,Teclado  (SP) para HP Pavilion 15-da0001la 15-da000 15-da,Teclado,HP Pavilion 15-da0001la | HP Pavilion 15-da000,TEC029,115
10091773460770,Alterco,Teclado  (SP) para HP Pavilion Hp 14-ce 14-da 14-cd 14cm 14-ma 14-ck 14-dg,Teclado,HP Pavilion 14-ce | HP Pavilion 14-da | HP Pavilion 14-cd | HP Pavilion 14cm | HP Pavilion 14-ma | HP Pavilion 14-ck | HP Pavilion 14-dg,TEC028,120
10091773428002,Alterco,Teclado  (SP) para HP Pavilion Sleekbook 14f 14-f 14-f002la 14-e 14e 14 E 14-e012la 14-f 14f,Teclado,HP Pavilion Sleekbook 14f | HP Pavilion Sleekbook 14-f | HP Pavilion Sleekbook 14-f002la | HP Pavilion Sleekbook 14-e | HP Pavilion Sleekbook 14e | HP Pavilion Sleekbook 14 E | HP Pavilion Sleekbook 14-e012la,TEC027,215
10091773395234,Alterco,Teclado  (SP) para HP Pavilion X360 11-u 11-u00 11-u100 11-u200 M1-u00,Teclado,HP Pavilion X360 11-u | HP Pavilion X360 11-u00 | HP Pavilion X360 11-u100 | HP Pavilion X360 11-u200 | HP Pavilion X360 M1-u00,TEC023,150
10091773362466,Alterco,Teclado  (SP) para HP Probook 4440s 4441s 4445s 4446s,Teclado,HP ProBook 4440s | HP ProBook 4441s | HP ProBook 4445s | HP ProBook 4446s,TEC016,355
10091773329698,Alterco,Teclado color plata (SP) para HP Elitebook 8460P (SIN Point Stick),Teclado,HP EliteBook 8460P,TEC004B,170
10091773296930,Alterco,Teclado  (SP) para HP Elitebook 8460P (Sin Point Stick),Teclado,HP EliteBook 8460P,TEC004,250
10091773165858,Alterco,"Teclado  (SP) para HP Pavilion Dv2000, Pavilion Dv2400, Presario V3000",Teclado,HP Pavilion Dv2000 | HP Pavilion Dv2400 | Presario V3000,TEC001,175
10091773133090,Alterco,Teclado colos Negro (SP) para Gateway NV52,Teclado,Gateway NV52,TEC398,225
10091773100322,Alterco,teclado  (SP) para Dell Latitude E5440,Teclado,Dell Latitude E5440,TEC367,395
10091773067554,Alterco,Teclado  (SP) para Dell Inspiron 15 Gaming 15-7566 15 5567 5565 17 7000 Series 17-7778 17-7779 BACKLIGHT (SIN MARCO),Teclado,Dell Inspiron 15 Gaming 15-7566 | Dell Inspiron 15 5567 | Dell Inspiron 15 5565 | Dell Inspiron 17-7778 | Dell Inspiron 17-7779,TEC573,225
10091773002018,Alterco,Teclado  (SP) para DELL INSPIRON 11-3147 / 11-3148,Teclado,Dell Inspiron 11-3147 | Dell Inspiron 11-3148,TEC563,195
10091772969250,Alterco,Teclado  (SP) para Dell Inspiron 14Z 5423 13Z 5323 14z,Teclado,Dell Inspiron 14Z 5423 | Dell Inspiron 13Z 5323 | Dell Inspiron 14z,TEC561,475
10091772936482,Alterco,Teclado  (SP) para Dell Inspiron 14 3000 14 5442 14 5445 14 5447  Vostro 14 3458,Teclado,Dell Inspiron 14 3000 | Dell Inspiron 14 5442 | Dell Inspiron 14 5445 | Dell Inspiron 14 5447 | Dell Vostro 14 3458,TEC543,125
10091772870946,Alterco,"Teclado  (SP) para Dell Inspiron 14 3421, 14R 5421, Vostro 2421, Latitude 3440",Teclado,Dell Inspiron 14 3421 | Dell Inspiron 14R 5421 | Dell Vostro 2421 | Dell Latitude 3440,TEC541,130
10091772838178,Alterco,Teclado  (SP) para DELL Inspiron 15-3000 15 5000,Teclado,Dell Inspiron 15-3000 | Dell Inspiron 15-5000,TEC493,125
10091772805410,Alterco,Teclado  (SP) para Dell Inspiron 14v 14r N4010 N4030 N4020 N5030 M5030,Teclado,Dell Inspiron 14v | Dell Inspiron 14r | Dell Inspiron N4010 | Dell Inspiron N4030 | Dell Inspiron N4020 | Dell Inspiron N5030 | Dell Inspiron M5030,TEC492,130
10091772772642,Alterco,Teclado  (SP) para Dell E5420 E6220 E6320,Teclado,Dell E5420 | Dell E6220 | Dell E6320,TEC390,370
10091772739874,Alterco,teclado  (SP) para DELL Inspiron 15r N5110 5110,Teclado,DELL Inspiron 15r N5110,TEC366,175
10091772707106,Alterco,"Teclado  (SP) para DELL Inspiron 1525, Inspiron 1545, Inspiron 1420, XPS M1330",Teclado,Dell Inspiron 1525 | Dell Inspiron 1545 | Dell Inspiron 1420 | Dell XPS M1330,TEC305,145
10091772674338,Alterco,"Teclado color Plata (SP) para DELL Inspiron 1525, Inspiron 1545, Inspiron 1420, XPS M1330",Teclado,DELL Inspiron 1525 | Inspiron 1545 | Inspiron 1420 | XPS M1330,TEC304,200
10091772641570,Alterco,Teclado  (SP) para DELL MINI 1012,Teclado,DELL MINI 1012,TEC166,295
10091772608802,Alterco,Teclado  (SP) para DELL Latitude 7400 5400 7410 L3400 3400 (Sin Backlight),Teclado,Dell Latitude 7400 | Dell Latitude 5400 | Dell Latitude 7410 | Dell Latitude L3400 | Dell Latitude 3400,TEC145,280
10091772576034,Alterco,Teclado  (SP) para Dell Latitude 5520 5521 5530 Backlight,Teclado,Dell Latitude 5520 | Dell Latitude 5521 | Dell Latitude 5530,TEC140,355
10091772543266,Alterco,Teclado  (SP) para Dell Latitude 5420 5421 5430 5431 5440 7420 7430 7520 7530 Backlight,Teclado,Dell Latitude 5420 | Dell Latitude 5421 | Dell Latitude 5430 | Dell Latitude 5431 | Dell Latitude 5440 | Dell Latitude 7420 | Dell Latitude 7430 | Dell Latitude 7520 | Dell Latitude 7530,TEC138,265
10091772510498,Alterco,Teclado  (SP) para Dell Latitude 14 7000 E7440 E7240 E7420 Backlight / Sin Point Stick,Teclado,Dell Latitude 14 7000 E7440 | Dell Latitude 14 7000 E7240 | Dell Latitude 14 7000 E7420,TEC137,355
10091772477730,Alterco,Teclado  (SP) para Dell Latitude 15 5000 E5540 Series Pk130wr3a21 SIN Backlight,Teclado,Dell Latitude 15 5000 E5540 Series,TEC114,305
10091772444962,Alterco,Teclado  (SP) para Dell Latitude E5550 E5570 E5580 Precision 5710 7510 SIN Backlight,Teclado,Latitude E5550 | Latitude E5570 | Latitude E5580 | Precision 5710 | Precision 7510,TEC113,265
10091772379426,Alterco,Teclado color Plata (SP) para Dell XPS 9550 9560 9570 Inspiron 15 7000 15-7558 15-7568 Precision 5510 m5510 5520 5530 5540,Teclado,Dell XPS 9550 | Dell XPS 9560 | Dell XPS 9570 | Inspiron 15 7000 | Inspiron 15-7558 | Inspiron 15-7568 | Precision 5510 | Precision m5510 | Precision 5520 | Precision 5530 | Precision 5540,TEC111,480
10091772346658,Alterco,Teclado  (SP) (Backlight / Sin Marco) para Dell Inspiron 15 7590 5584 5590 5593 5594 5598 YHXY1,Teclado,Dell Inspiron 15 7590 | Dell Inspiron 15 5584 | Dell Inspiron 15 5590 | Dell Inspiron 15 5593 | Dell Inspiron 15 5594 | Dell Inspiron 15 5598,TEC099,225
10091772313890,Alterco,Teclado  (SP) para Dell Latitude E5450 E5470 E7450 E7470 E7480 (Backlight),Teclado,Dell Latitude E5450 | Dell Latitude E5470 | Dell Latitude E7450 | Dell Latitude E7470 | Dell Latitude E7480,TEC080,295
10091772281122,Alterco,Teclado  (SP) para Dell Inspiron 14 7460 15 7460 7560 15 7570 7573,Tapa,Dell Inspiron 14 7460 | Dell Inspiron 15 7460 | Dell Inspiron 15 7560 | Dell Inspiron 15 7570 | Dell Inspiron 15 7573,TEC079,140
10091772215586,Alterco,"Teclado  (SP) para DELL Inspiron 15-3521, 15R-5521, 14R-5421",Teclado,DELL Inspiron 15-3521 | DELL Inspiron 15R-5521 | DELL Inspiron 14R-5421,TEC062,165
10091772150050,Alterco,"Teclado  (SP) para DELL Inspiron 14R, Inspiron 14V",Teclado,DELL Inspiron 14R | Inspiron 14V,TEC060,170
10091772117282,Alterco,"Teclado  (SP) para DELL Inspiron 14R, Vostro 3550",Teclado,Dell Inspiron 14R | Dell Vostro 3550,TEC012,130
10091772084514,Alterco,Teclado  (SP) para DELL Inspiron 15R (N5010),Teclado,DELL Inspiron 15R (N5010),TEC011,200
10091772051746,Alterco,Teclado  (SP) para ASUS X553M X553MA K553M K553MA X503M X503MA F553,Tapa,ASUS X553M | ASUS X553MA | ASUS K553M | ASUS K553MA | ASUS X503M | ASUS X503MA | ASUS F553,TEC560,75
10091772018978,Alterco,"Teclado  (SP) para Asus VivoBook X201, X201E, X202, X202E",Teclado,Asus VivoBook X201 | Asus VivoBook X201E | Asus VivoBook X202 | Asus VivoBook X202E,TEC512,140
10091771986210,Alterco,Teclado  (SP) para ASUS F200 F200CA F200LA F200MA X200CA X200LA X200MA,Teclado,ASUS F200 | ASUS F200CA | ASUS F200LA | ASUS F200MA | ASUS X200CA | ASUS X200LA | ASUS X200MA,TEC500,215
10091771953442,Alterco,Teclado  (SP) para ASUS K45 K45A K45VD K45VJ K45VM K45VS series,Teclado,ASUS K45 | ASUS K45A | ASUS K45VD | ASUS K45VJ | ASUS K45VM | ASUS K45VS,TEC487,120
10091771920674,Alterco,Teclado  (SP) para Asus k43,Teclado,Asus K43,TEC471,115
10091771887906,Alterco,Teclado  (SP) para ASUS 1015 Series,Teclado,ASUS 1015 Series,TEC317,225
10091771855138,Alterco,"Teclado  (SP) para ASUS G60, K52F, X54C",Teclado,ASUS G60 | K52F | X54C,TEC316,140
10091771822370,Alterco,Teclado  (SP) par Asus VivoBook S14 S433 S433EA S433EQ S433FL S433FA S433JQ X421 PLATA,Teclado,Asus VivoBook S14 S433 | Asus VivoBook S14 S433EA | Asus VivoBook S14 S433EQ | Asus VivoBook S14 S433FL | Asus VivoBook S14 S433FA | Asus VivoBook S14 S433JQ | Asus VivoBook X421,TEC129,395
10091771789602,Alterco,Teclado  (SP) para Asus X53u K53ta K53u K53z X53z K73ta K73by X73b,Teclado,Asus X53u | Asus K53ta | Asus K53u | Asus K53z | Asus X53z | Asus K73ta | Asus K73by | Asus X73b,TEC106,145
10091771724066,Alterco,Teclado  (SP) para Asus X407 X407m X407ma A407 X407ub X407ua,Tapa Trasera,Asus X407 | Asus X407m | Asus X407ma | Asus A407 | Asus X407ub | Asus X407ua,TEC078,120
10091771691298,Alterco,Teclado color Blanco (SP) para Asus Vivobook 15 X505 X505b X505ba X505bp,Teclado,Asus Vivobook 15 X505 | Asus Vivobook 15 X505b | Asus Vivobook 15 X505ba | Asus Vivobook 15 X505bp,TEC077,245
10091771658530,Alterco,Teclado  (SP) para Asus Tp500 Tp500lb Tp501 Tp500l Tp500la,Teclado,Asus Tp500 | Asus Tp500lb | Asus Tp501 | Asus Tp500l | Asus Tp500la,TEC076,190
10091771625762,Alterco,Teclado  (SP) para Asus Vivobook S15 S510u A510u F510u X510u K510,Teclado,Asus Vivobook S15 S510u | Asus A510u | Asus F510u | Asus X510u | Asus K510,TEC065,115
10091771560226,Alterco,Teclado  (SP) para Asus X550 K56 K56c K56ca X550c X550d X550e X552e (numerico),Teclado,Asus X550 | Asus K56 | Asus K56c | Asus K56ca | Asus X550c | Asus X550d | Asus X550e | Asus X552e,TEC064,120
10091771527458,Alterco,Teclado  (SP) para Asus X401 X401k X401e X401u X401a,Teclado,Asus X401 | Asus X401k | Asus X401e | Asus X401u | Asus X401a,TEC063,130
10091771494690,Alterco,Teclado  (SP) para Asus Vivobook S400 S400e S400c S400ca,Teclado,Asus Vivobook S400 | Asus Vivobook S400e | Asus Vivobook S400c | Asus Vivobook S400ca,TEC055,120
10091771461922,Alterco,Teclado  (SP) para Asus X441 X441s X445 A441 X440 S441 F441 X400n X445s,Teclado,Asus X441 | Asus X441s | Asus X445 | Asus A441 | Asus X440 | Asus S441 | Asus F441 | Asus X400n | Asus X445s,TEC054,115
10091771396386,Alterco,Teclado  (SP) para Asus Vivobook 15 X505 X505b X505ba X505bp,Teclado,Asus Vivobook 15 X505 | Asus Vivobook 15 X505b | Asus Vivobook 15 X505ba | Asus Vivobook 15 X505bp,TEC037,130
10091771363618,Alterco,Teclado  (SP) para Asus Vivobook S300 S300k S300ki S300 S300c S300ca,Teclado,Asus Vivobook S300 | Asus Vivobook S300k | Asus Vivobook S300ki | Asus Vivobook S300c | Asus Vivobook S300ca,TEC024,165
10091771330850,Alterco,Teclado  (SP) para Asus X541 X541S X541SA X541SC X541U X541UA X541UV VM591U VM591UV X541SC,Teclado,Asus X541 | Asus X541S | Asus X541SA | Asus X541SC | Asus X541U | Asus X541UA | Asus X541UV | Asus VM591U | Asus VM591UV,TEC022,120
10091771298082,Alterco,Teclado  (SP) para ASUS X540 X540l X540la X540s,Teclado,ASUS X540 | ASUS X540L | ASUS X540LA | ASUS X540S,TEC014,115
10091771265314,Alterco,Teclado  (SP) para ASUS X200 X201E X202E Q200 Q200E S200 S200E R200 R200E R201E F201E R202E Series,Teclado,X200 | X201E | X202E | Q200 | Q200E | S200 | S200E | R200 | R200E | R201E | F201E | R202E Series,TEC013,130
10091771199778,Alterco,Teclado  (SP) para Asus X451 X451E X451C X451V X451CA X451M X451MA X451MAV X403M X453M X453 X455L,Teclado,Asus X451 | Asus X451E | Asus X451C | Asus X451V | Asus X451CA | Asus X451M | Asus X451MA | Asus X451MAV | Asus X403M | Asus X453M | Asus X453 | Asus X455L,TEC010,130
10091771167010,Alterco,Teclado  (SP) para ASUS E402 E402M E402MA E402SA E402S E403SA E402N,Teclado,ASUS E402 | ASUS E402M | ASUS E402MA | ASUS E402SA | ASUS E402S | ASUS E403SA | ASUS E402N,TEC008,155
10091771134242,Alterco,Teclado  (SP) para ACER ASPIRE E5- 473 E15  E5-573G  E582P 573G-56AV 507H 54G6,Teclado,Acer Aspire E5-473 | Acer Aspire E15 | Acer Aspire E5-573G | Acer Aspire E582P | Acer Aspire 573G-56AV | Acer Aspire 507H | Acer Aspire 54G6,TEC559,120
10091771101474,Alterco,"Teclado  (SP) para Acer Aspire E1-471, E1-431, E1-451, E1-421",Teclado,Acer Aspire E1-471 | Acer Aspire E1-431 | Acer Aspire E1-451 | Acer Aspire E1-421,TEC522,120
10091771068706,Alterco,"Teclado  (SP) para Acer S3-391, S5-391, V5-171, V5-121 V5-122, 725, 756, E3-111",Teclado,Acer S3-391 | Acer S5-391 | Acer V5-171 | Acer V5-121 | Acer V5-122 | Acer 725 | Acer 756 | Acer E3-111,TEC521,120
10091771035938,Alterco,"Teclado  (SP) para Acer E5-722, V3-574G, E5-573, E5-573G, E5-532G Series",Teclado,Acer E5-722 | V3-574G | Acer E5-573 | Acer E5-573G | Acer E5-532G Series,TEC520,105
10091770970402,Alterco,"Teclado  (SP) para Acer 3830T, E5-411, E5-421, V3-431, V3-471, E1-430G",Teclado,Acer 3830T | Acer E5-411 | Acer E5-421 | Acer V3-431 | Acer V3-471 | Acer E1-430G,TEC497,130
10091770937634,Alterco,Teclado color Blanco (SP) para ACER ONE 532H D255,Teclado,Acer One 532H D255,TEC474,225
10091770904866,Alterco,Teclado  (SP) para Acer V5-571 (Con Backlight),Teclado,Acer V5-571,TEC397,140
10091770872098,Alterco,"Teclado  (SP) para GATEWAY NV55, NV57, ACER Aspire V3",Teclado,Gateway NV55 | Gateway NV57 | Acer Aspire V3,TEC314,130
10091770839330,Alterco,Teclado color Blanco (SP) para ACER Aspire ONE ZG5,Teclado,Acer Aspire One ZG5,TEC294,240
10091770741026,Alterco,Teclado  (SP) para ACER Aspire One Ao722 752 752H 753 ZA3 ZA5 751 751H 721,Teclado,Ao722 | 752 | 752H | 753 | ZA3 | ZA5 | 751 | 751H | 721,TEC157,175
10091770675490,Alterco,"Teclado color Gris (SP) para ACER Aspire 4320, Aspire 4520, Aspire 4310",Teclado,Acer Aspire 4320 | Acer Aspire 4520 | Acer Aspire 4310,TEC134,225
10091770642722,Alterco,Teclado  (SP) para ACER Aspire ONE ZG5,Tapa,Acer Aspire One ZG5,TEC131,300
10091770577186,Alterco,Teclado  (SP) para Acer Swift 3 SF314-54 SF314-54G SF314-41 SF314-41G (Tecla Encendido),Teclado,Acer Swift 3 SF314-54 | Acer Swift 3 SF314-54G | Acer Swift 3 SF314-41 | Acer Swift 3 SF314-41G,TEC119,165
10091770544418,Alterco,Teclado  (SP) para Acer Swift 3 SF314-54 SF314-54G SF314-41 SF314-41G (Tecla SUPR),Tecla,Acer Swift 3 SF314-54 | Acer Swift 3 SF314-54G | Acer Swift 3 SF314-41 | Acer Swift 3 SF314-41G,TEC116,170
10091770511650,Alterco,"Teclado  (SP) para ACER Aspire 5532, Aspire 5517, Aspire 5516",Teclado,ACER Aspire 5532 | ACER Aspire 5517 | ACER Aspire 5516,TEC091,195
10091770478882,Alterco,Teclado  (SP) para ACER V5-571 P  V5-531 M5-581G M5-581T Backlight (Sin Marco),Teclado,Acer V5-571P | Acer V5-531 | Acer M5-581G | Acer M5-581T,TEC068,145
10091770446114,Alterco,"Teclado  (SP) para ACER ONE 532H, Aspire One D255,  D255E, 521",Teclado,ACER ONE 532H | Aspire One D255 | Aspire One D255E | Aspire One 521,TEC058,170
10091770413346,Alterco,"Teclado  (SP) para ACER Aspire 5536, Aspire 5542, Aspire 5338",Teclado,Acer Aspire 5536 | Acer Aspire 5542 | Acer Aspire 5338,TEC047,120
10091770380578,Alterco,Teclado  (SP) para ACER Aspire V5-472PG V5-473 V5-473G V5-473P V5-473PG ILUMINADO (BACKLIGHT),Teclado,Acer Aspire V5-472PG | Acer Aspire V5-473 | Acer Aspire V5-473G | Acer Aspire V5-473P | Acer Aspire V5-473PG,TEC038,240
10091770347810,Alterco,"Teclado  (SP) para ACER Aspire one D150, Aspire one D250",Teclado,Acer Aspire One D150 | Acer Aspire One D250,TEC032,270
10091770315042,Alterco,"Teclado  (SP) para ACER Aspire 3810t, Aspire 4251, Gateway NV49",Teclado,ACER Aspire 3810t | Aspire 4251 | Gateway NV49,TEC031,105
10091770282274,Alterco,"Teclado  (SP) para ACER Aspire S3, Aspire S5, Aspire One 756",Teclado,Acer Aspire S3 | Acer Aspire S5 | Acer Aspire One 756,TEC003,125
10091770216738,Alterco,Brackets de Aluminio para pantallas LCD de 15.6'',Pantalla,Pantalla LCD 15.6'',BR156,15
10091770151202,Alterco,Adaptador de Corriente USB-C 45W 20V/2.25A (Type C) con PD,Adaptador de Corriente USB-C,No especificado,USBC-45W,170
10091770118434,Alterco,Adaptador de Corriente 60W Magnetico 2,Cargador Magnético,Modelo 2,AP2-60W,200
10091770085666,Alterco,Adaptador de Corriente 45W Magnetico 2,Cargador Magnético,Modelos genéricos compatibles con cargadores magnéticos de 45W,AP2-45W,180
10091770052898,Alterco,Adaptador de Corriente 85W Magnetico 1,Adaptador de Corriente Magnético,No aplica,AP-85W,180
10091769987362,Alterco,Adaptador de Corriente 60W Magnetico 1,Adaptador de Corriente Magnético,Modelo 1,AP-60W,190
10091769954594,Alterco,Adaptador de Corriente 45W Magnetico 1,Tapa Trasera,Sin especificar,AP-45W,150
10091769921826,Alterco,Pantalla LCD 17.3 FHD (1920x1080) Normal Conector Izquierdo 30P Glossy IPS 60Hz,Pantalla,Sin especificar,LCD173-006,2025
10091769889058,Alterco,Pantalla LCD 17.3 FHD (1920x1080) Normal Conector derecho 40P Glossy IPS 144Hz,Pantalla,"Modelos genéricos de pantallas 17.3"" con conector 40P",LCD173-005,1905
10091769856290,Alterco,Pantalla LCD 17.3 LED WXGA++ (1600x900) HD Normal Conector Izquierdo 40P Glossy,Pantalla,No especificado,LCD173-004,675
10091769823522,Alterco,Pantalla LCD 16.1 FHD (1920x1080) 60Hz HD Slim Conector Derecho 30P GLOSSY,Pantalla LCD,,LCD161-002,1355
10091769790754,Alterco,Pantalla LCD 16.1 FHD (1920x1080) IPS 144Hz HD Slim Conector Derecho 40P GLOSSY,Pantalla,No especificado,LCD161-001,1370
10091769725218,Alterco,Pantalla LCD 15.6 LED IPS WUXGA (1920x1080) Slim Conector Derecho 30P (CON IPS),Pantalla,"Modelos genéricos: pantallas de 15,6 pulgadas IPS WUXGA (1920x1080) con conector 30P",LCD156-021,1395
10091769659682,Alterco,Pantalla LCD 15.6 LED WUXGA (1920x1080) Slim Conector Derecho 30P (NO IPS),Pantalla,,LCD156-020,905
10091769626914,Alterco,Pantalla LCD 15.6 LED WXGA HD(1366X768) Normal Conector derecho 30P Glossy (Sin brackets),Pantalla,No especificado,LCD156-014,945
10091769594146,Alterco,Pantalla LCD 15.6 LED FHD (1920x1080) IPS Conector Derecho 40P Glossy (I2C Touch Lenovo / DELL),Pantalla,Lenovo | Dell,LCD156-009TD,1680
10091769561378,Alterco,Pantalla LCD 15.6 LED FHD (1920x1080) IPS Conector Derecho 40P On-Cell Touch (Angosto / Narrow) Conector 26cms,Pantalla,Desconocido,LCD156-009N,1740
10091769528610,Alterco,Pantalla LCD 15.6 LED FHD (1920x1080) IPS Conector Derecho 40P On-Cell Touch Conector GRANDE 28cms,Pantalla,Modelo genérico 15.6 pulgadas IPS On-Cell,LCD156-009G,1715
10091769463074,Alterco,Pantalla LCD 15.6 FHD (1920x1080) Conector 30P eDP 60HZ DELGADA (NO BRACKETS),Pantalla,No especificado,LCD156-007,895
10091769397538,Alterco,Pantalla LCD 15.6 LED HD (1366x768) Conector Derecho 30P / 35 CMS (Brackets) ASUS,Pantalla,ASUS,LCD156-005B,800
10091769332002,Alterco,Pantalla LCD 15.6 LED WXGA (1366X768) HD Conector Derecho On-Cell Touch 40P NARROW (Angosto),Pantalla,No especificado,LCD156-004N,1480
10091769299234,Alterco,Pantalla LCD 15.6 LED WXGA (1366X768) HD Slim Conector Derecho 40P Glossy (DELL TOUCH),Pantalla,"Dell 15.6"" WXGA Touch (1366x768) con conector 40P",LCD156-004DT,1025
10091769266466,Alterco,Pantalla LCD 15.6 LED WXGA (1366X768)HD Slim Conector Derecho 40P Glossy,Pantalla,No especificado,LCD156-004,1205
10091769200930,Alterco,Pantalla LCD 15.6 LED WXGA HD(1366X768) Normal Conector Izquierdo 40P Glossy,Pantalla,No especificado,LCD156-002,405
10091769168162,Alterco,Pantalla LCD 14.0 LED FHD (1920x1080) CON IPS Slim Conector Inferior Derecho 30P,Pantalla,No especificado,LCD140-018,705
10091769102626,Alterco,Pantalla LCD 14.0 LED WXGA (1366X768) Slim Conector Inferior Derecho 30P Glossy 315mm (bezel delgado / Brackets),Pantalla,No especificado,LCD140-015DB,720
10091769069858,Alterco,Pantalla LCD 14.0 LED WXGA (1366X768) Slim Conector Inferior Derecho 30P Glossy 315mm (bezel delgado),Pantalla,Desconocido,LCD140-015D,750
10091769037090,Alterco,Pantalla LCD 14.0 LED WXGA (1366X768) Slim Conector Inferior Derecho 30P Glossy (320mm),Pantalla,No especificado,LCD140-015,720
10091769004322,Alterco,Pantalla LCD 14.0 LED HD (1366x768) Normal Conector Derecho 30P (No Brackets),Pantalla,Sin especificar,LCD140-009,815
10091768971554,Alterco,Pantalla LCD 14.0 FHD (1920x1080) Conector Derecho 30P  NV140FHM-N47 6HY1W,Pantalla,NV140FHM-N47,LCD140-007,1165
10091768938786,Alterco,Pantalla LCD 14.0 LED WXGA (1366X768) HD Normal Conector Izquierdo 40P Glossy,Pantalla,No especificado,LCD140-006,325
10091768906018,Alterco,Pantalla LCD 14.0 LED WXGA (1366X768) HD Slim Conector Derecho 40P Glossy,Pantalla LCD,No especificado,LCD140-002,650
10091768873250,Alterco,Pantalla LCD 11.6 LED WXGA (1366X768) Slim Conector Derecho 30P Glossy,Pantalla,No especificado,LCD116-010,500
10091768807714,Alterco,iphone X 5.8'' Pantalla lcd + digitalizador Hard OLED - XL (sin camara / sin home),Pantalla,iPhone X,iPhX-001N,355
10091768774946,Alterco,ipad mini digitizer / touch panel with IC and home button NEGRO,Pantalla,iPad mini,ipdM-002S,335
10091768709410,Alterco,ipad mini digitizer / touch panel with IC and home button BLANCO,Pantalla,iPad mini,ipdM-001S,305
10091768676642,Alterco,Cargador de Pared GaN 67W 2 Puertos Tipo USB C + USB A,Cargador de pared,No especificado,EKG-67W,130
10091768643874,Alterco,Cargador de Pared PD GaN 48W de 4 Puertos 1x Tipo USB C + 3x USB A,Cargador de pared,Genérico USB-C/USB-A PD,EKG-48W,170
10091768578338,Alterco,Cargador de Pared PD GaN 33W de 2 Puertos 1x Tipo USB C + 1x USB A,Cargador USB,Universal USB-C PD 33W,EKG-33W,165
10091768545570,Alterco,Cargador de Pared GaN PD 135W 4 Puertos (Tipo C 100W / 30W) 2x USB 18W,Cargador de Pared,No aplica,EKG-135W,490
10091768512802,Alterco,Cargador de Pared GaN PD 100W 2.5A / 5V 3A/9V Tipo USB C,Cargador,Dispositivo con USB-C PD,EKG-100W,570
10091768447266,Alterco,Bateria 14.8V para Toshiba Portege Z830 UltraBook Series Z830-10P Z830-BT8300 Z830-S8301 Z830-S8302 Z835 Z930 Z935 PA,Batería,Z830-10P | Z830-BT8300 | Z830-S8301 | Z830-S8302 | Z835 | Z930 | Z935,EKTZ830,465
10091768414498,Alterco,Bateria 10.8V para Toshiba Satellite Pro U200 U205 Tecra A10 PA3356U PA3356U-1BAS,Batería,Toshiba Satellite Pro U200 | Toshiba Satellite Pro U205 | Tecra A10,EKTU200,350
10091768381730,Alterco,Bateria 10.8V para Toshiba Satellite Pro S500 S750 Tecra A11 M11 S11 PA3786U-1BRS,Batería,Toshiba Satellite Pro S500 | Toshiba Satellite Pro S750 | Tecra A11 | Tecra M11 | Tecra S11,EKTS500,240
10091768348962,Alterco,"Bateria Li-ion 10.8V para Toshiba Satellite C845, P875, L875 Series",Batería,Toshiba Satellite C845 | Toshiba Satellite P875 | Toshiba Satellite L875,EKT5850,230
10091768316194,Alterco,Bateria Li-ion 10.8V para Toshiba Satellite M300 M305 L515D,Batería,Toshiba Satellite M300 | Toshiba Satellite M305 | Toshiba Satellite L515D,EKT5323,275
10091768283426,Alterco,Bateria Interna (P) 11.1V para Toshiba Chromebook CB35 CB35-B3340 CB35-B3330 Satellite E45W P55W E45W-C4200 series P5,Batería,CB35 | CB35-B3340 | CB35-B3330 | Satellite E45W | P55W | E45W-C4200 | P5,EKT5208,355
10091768250658,Alterco,"Bateria Interna Li-ion 14.8V para Toshiba C55-B, L55-B, L50-B, C50-B, C55-B, C50D, C55D, C55T, L55D, L55T Series",Batería,Toshiba C55-B | Toshiba L55-B | Toshiba L50-B | Toshiba C50-B | Toshiba C50D | Toshiba C55D | Toshiba C55T | Toshiba L55D | Toshiba L55T,EKT5186,205
10091768217890,Alterco,Bateria Interna (P) 11.1V para Toshiba Satellite U940 E45T E45T-A4100 E45T-A E45T-A4200 E55 E55T-A5320 E55-A5114 PA51,Batería,Toshiba Satellite U940 | E45T | E45T-A4100 | E45T-A | E45T-A4200 | E55 | E55T-A5320 | E55-A5114 | PA51,EKT5157,365
10091768185122,Alterco,Bateria Interna (P) de para Toshiba L45D L50 L55 L55t P50 P55 P55T S55 S55t Series PA5107U-1BRS,Batería,L45D | L50 | L55 | L55t | P50 | P55 | P55T | S55 | S55t | PA5107U-1BRS,EKT5107B,365
10091768119586,Alterco,"Bateria 4 Celdas TOSHIBA Satellite L900, L950, L950-014, L950D",Batería,Toshiba Satellite L900 | Toshiba Satellite L950 | Toshiba Satellite L950-014 | Toshiba Satellite L950D,EKT5076,205
10091768086818,Alterco,"Bateria de 6 celdas para Toshiba Satellite R850, R850-127, R850-15C",Batería,Toshiba Satellite R850 | Toshiba Satellite R850-127 | Toshiba Satellite R850-15C,EKT3905,270
10091768021282,Alterco,"Bateria de 6 Celdas para Toshiba Satellite T215D, Satellite T230 Series",Batería,Toshiba Satellite T215D | Satellite T230 Series,EKT3820,270
10091767988514,Alterco,Bateria Li-ion 10.8V para Toshiba L745 L770 M640 M645 C650 PA3817U-1BRS,Batería,Toshiba L745 | Toshiba L770 | Toshiba M640 | Toshiba M645 | Toshiba C650,EKT3750N,270
10091767955746,Alterco,Bateria de 12 Celdas para Toshiba L745 y L755,Batería,Toshiba L745 | Toshiba L755,EKT3750,365
10091767922978,Alterco,Bateria 6 Celdas para Toshiba Portege M600 / Tecra M8,Batería,Toshiba Portege M600 | Tecra M8,EKT3593,255
10091767890210,Alterco,Bateria Li-ion 10.8V para Toshiba Satellite L200 / M205,Batería,Toshiba Satellite L200 | Toshiba Satellite M205,EKT3534,250
10091767857442,Alterco,Bateria 6 Celdas para Toshiba Satellite A85 / Pro M70,Batería,Toshiba Satellite A85 | Toshiba Satellite Pro M70,EKT3467,240
10091767791906,Alterco,Bateria 6 Celdas para Toshiba Satellite A100 / A80 / M100,Batería,Toshiba Satellite A100 | Toshiba Satellite A80 | Toshiba Satellite M100,EKT3399,295
10091767726370,Alterco,Bateria de 6 Celdas para Sony BPS9 Silver de Litio-Ion REMATE,Batería,Sony BPS9,EKSBPS9S,550
10091767693602,Alterco,Bateria de 6 celdas para Sony VAIO VGN-AR93S / VGN-AR520E / VGN-CR11S/L,Batería,VGN-AR93S | VGN-AR520E | VGN-CR11S/L,EKSBPS9,490
10091767628066,Alterco,"Bateria de 6 celdas para Sony VAIO Sony Vaio VPC-SA, VPC-SB, SVS13, SVS15 VGP-BPS24",Batería,VPC-SA | VPC-SB | SVS13 | SVS15 | VGP-BPS24,EKSBPS24,520
10091767595298,Alterco,"Bateria Li-ion 10.8V para SONY VAIO VPC-CA, VPC-CB, VPC-EG, VPC-EH, VPC-EL, VGP-BPS26",Batería,Sony VAIO VPC-CA | Sony VAIO VPC-CB | Sony VAIO VPC-EG | Sony VAIO VPC-EH | Sony VAIO VPC-EL | Sony VAIO VGP-BPS26,EKS2600,490
10091767562530,Alterco,Bateria de 6 Celdas para Sony BPS2 Silver de Litio-Ion en color Plata,Batería,Sony BPS2,EKS0021S,340
10091767529762,Alterco,Bateria 6 Celdas para Sony VAIO VGN-S260 / VGN-FS990,Batería,Sony VAIO VGN-S260 | Sony VAIO VGN-FS990,EKS0021,355
10091767496994,Alterco,Bateria de Li-ion 14.8V para Sony Vaio 14E/15E Series (VGP-BPS35A) Negro,Batería,Sony Vaio 14E Series | Sony Vaio 15E Series | VGP-BPS35A,EKBS35L7,195
10091767464226,Alterco,"Bateria de Li-ion 11.1V para Sony VVGN-AW, VGN-BZ, VGN-CS, VGN-FW Series",Batería,Sony VVGN-AW | Sony VGN-BZ | Sony VGN-CS | Sony VGN-FW Series,EKBPS13,515
10091767431458,Alterco,"Bateria de 6 para Sony VAIO VGN-Z890GLX, VAIO VGN-Z90FS",Batería,Sony VAIO VGN-Z890GLX | Sony VAIO VGN-Z90FS,EKBPS12,275
10091767398690,Alterco,Bateria 15.1V 91Wh para Samsung P880Z5E-X01RU P880Z5E-X01SE P880Z5E-X01UB P880Z5E-X02CA P880Z5E-X02NL,Batería,P880Z5E-X01RU | P880Z5E-X01SE | P880Z5E-X01UB | P880Z5E-X02CA | P880Z5E-X02NL,EKSRPLVN8NP,770
10091767365922,Alterco,Bateria 7.6V para Samsung NP530U3B NP530U3C 530U3B 530U3C NP540U3C 540U3C 530U3B-A01 530U3B-A02 530U3C-A02 530U3B-A0,Batería,Samsung NP530U3B | Samsung NP530U3C | 530U3B | 530U3C | NP540U3C | 540U3C | 530U3B-A01 | 530U3B-A02 | 530U3C-A02 | 530U3B-A0,EKSR530U,405
10091767333154,Alterco,Bateria de Li-ion 11.1V para Samsung R480,Batería,Samsung R480,EKSR480,230
10091767300386,Alterco,Bateria 10.8V para Samsung NT200B2B NT400B5C NT200B5B NP200B2A 600B5C-S03 200B NT200B4C NP6004 NP400B4B NP600B4B Aeg,Batería,Samsung NT200B2B | Samsung NT400B5C | Samsung NT200B5B | Samsung NP200B2A | 600B5C-S03 | 200B | Samsung NT200B4C | NP6004 | NP400B4B | NP600B4B,EKSR200B,220
10091767267618,Alterco,Bateria de Li-ion 11.1V para Samsung N148 / N150 Series,Batería,Samsung N148 | Samsung N150 Series,EKSR1480,225
10091767234850,Alterco,Bateria 11.52V para ASUS ASUS VivoBook X510 X510U X510UQ B31N1637 C31N1637,Batería,ASUS VivoBook X510 | X510U | X510UQ | B31N1637 | C31N1637,EKUF510,330
10091767202082,Alterco,Bateria 11.1V para LG E310-M.C2R4E E310-M.CP4BA3 E310-M.CPR2A3 E310-M.CP4RA3 E210-M.CP29B EB300 R410-G.ABMUV 3UR18650,Batería,LG E310-M.C2R4E | LG E310-M.CP4BA3 | LG E310-M.CPR2A3 | LG E310-M.CP4RA3 | LG E210-M.CP29B | EB300 | R410-G.ABMUV | 3UR18650,EKLE310,375
10091767169314,Alterco,Bateria Interna de 4 celdas para Lenovo Erazer Z400A series,Batería,Lenovo Erazer Z400A Series,EKIZ500,255
10091767136546,Alterco,"Bateria 6 celdas para LENOVO ThinkPad X230, ThinkPad X230",Batería,ThinkPad X230,EKIX230,370
10091767103778,Alterco,Bateria 14.4V para Lenovo V510-15IKB V510-15IKB-80WQ01TMGE V510-15IKB-80WQ01VRGE V510-15IKB-80WQ01VTGE V510-15IKB-80W,Batería,Lenovo V510-15IKB | V510-15IKB-80WQ01TMGE | V510-15IKB-80WQ01VRGE | V510-15IKB-80WQ01VTGE | V510-15IKB-80W,EKIV510,280
10091767071010,Alterco,Bateria 11.25V para Lenovo ThinkPad T470s Series 00HW022 SB10F46460 00HW023 00HW036 SB10F46474 00HW037,Batería,ThinkPad T470s,EKIT470S,395
10091767038242,Alterco,Bateria 11.4V para Lenovo ThinkPad T460S 00HW024 00HW025 01AV406 01AV462  SB10F46463,Batería,ThinkPad T460S,EKIT460S,325
10091767005474,Alterco,Bateria 11.4V / 2200mah para Lenovo ThinkPad T440 T440S X240 X240S S440 S540 X250 T450S L450 X260 K2450 T450 T460 Ser,Batería,Lenovo ThinkPad T440 | Lenovo ThinkPad T440S | Lenovo ThinkPad X240 | Lenovo ThinkPad X240S | Lenovo ThinkPad S440 | Lenovo ThinkPad S540 | Lenovo ThinkPad X250 | Lenovo ThinkPad T450S | Lenovo ThinkPad L450 | Lenovo ThinkPad X260 | Lenovo ThinkPad K2450 | Lenovo ThinkPad T450 | Lenovo ThinkPad T460,EKIT460,445
10091766939938,Alterco,"Bateria 6 celdas para Lenovo ThinkPad T430, T430i",Batería,ThinkPad T430 | ThinkPad T430i,EKIT430,370
10091766907170,Alterco,"Bateria Li-ion 10.8V para Lenovo Thinkpad E40, E15",Batería,Lenovo ThinkPad E40 | Lenovo ThinkPad E15,EKIT410,240
10091766874402,Alterco,Bateria 4 Celdas para Lenovo S500 Series IdeaPad Flex 14 Series / Flex 15 Series / Flex 14D Series L12L4A01 L12M4A01,Batería,Lenovo S500 Series | IdeaPad Flex 14 Series | IdeaPad Flex 15 Series | IdeaPad Flex 14D Series | L12L4A01 | L12M4A01,EKIS500,240
10091766841634,Alterco,Bateria Li-ion 14.4V para Lenovo IdeaPad S300 / S400 / S405 Series En Negro,Batería,Lenovo IdeaPad S300 | Lenovo IdeaPad S400 | Lenovo IdeaPad S405,EKIS400,230
10091766808866,Alterco,Bateria 6 Celdas para Lenovo ThinkPad R60 R60E R61 R61E R61I T60 T60P 40Y6799 42T4621,Batería,Lenovo ThinkPad R60 | Lenovo ThinkPad R60E | Lenovo ThinkPad R61 | Lenovo ThinkPad R61E | Lenovo ThinkPad R61I | Lenovo ThinkPad T60 | Lenovo ThinkPad T60P | 40Y6799 | 42T4621,EKIR60E,295
10091766743330,Alterco,Bateria 10.8V para Lenovo ThinkPad L560 L570 Series 00NY488,Batería,Lenovo ThinkPad L560 | Lenovo ThinkPad L570,EKIL560,375
10091766677794,Alterco,Bateria Interna (P) 7.4V para Lenovo IdeaPad 320-15IAP 320-15IKB 320-17IKB IdeaPad S145-14API S145-14IWL L16C2PB2,Batería,Lenovo IdeaPad 320-15IAP | Lenovo IdeaPad 320-15IKB | Lenovo IdeaPad 320-17IKB | IdeaPad S145-14API | IdeaPad S145-14IWL,EKIL16C2PB2,395
10091766645026,Alterco,Bateria 7.6V para Lenovo ideapad 310-14IAP 310-14IKB 310-14ISK Series L15M2PB4 L15M2PB2,Batería,Lenovo ideapad 310-14IAP | Lenovo ideapad 310-14IKB | Lenovo ideapad 310-14ISK | L15M2PB4 | L15M2PB2,EKIL15M2PB4,355
10091766612258,Alterco,Bateria 7.6V para Lenovo IdeaPad 310-14IAP 310-14IKB 310-14ISK Series L15C2PB4 L15M2PB2,Batería,Lenovo IdeaPad 310-14IAP | Lenovo IdeaPad 310-14IKB | Lenovo IdeaPad 310-14ISK | L15C2PB4 | L15M2PB2,EKIL15M2PB2,400
10091766579490,Alterco,Bateria 14.4V para Lenovo Ideapad 100-14IBD 100-15IBD 110-15ISK L15L4E01 L15L4A01,Batería,Lenovo Ideapad 100-14IBD | Lenovo Ideapad 100-15IBD | Lenovo Ideapad 110-15ISK | L15L4E01 | L15L4A01,EKIL15L4A01,295
10091766513954,Alterco,Bateria Interna (P) 10.8V para Lenovo IdeaPad 110-14AST 110-14IBR 110-15ACL 110-15AST 110-15IBR 110 Touch-15ACL S,Batería,Lenovo IdeaPad 110-14AST | Lenovo IdeaPad 110-14IBR | Lenovo IdeaPad 110-15ACL | Lenovo IdeaPad 110-15AST | Lenovo IdeaPad 110-15IBR | Lenovo IdeaPad 110 Touch-15ACL S,EKIL15L3A03,255
10091766481186,Alterco,Bateria 11.1V para Lenovo IdeaPad 330S-14AST 330S-14IKB 330S-15ARR 330S-15AST 330S-15IKB L14L2P21,Batería,Lenovo IdeaPad 330S-14AST | Lenovo IdeaPad 330S-14IKB | Lenovo IdeaPad 330S-15ARR | Lenovo IdeaPad 330S-15AST | Lenovo IdeaPad 330S-15IKB,EKIL14L2P21,345
10091766448418,Alterco,Bateria 7.4V para Lenovo Flex2 14 15 15D Series L13M4A61 L13L4A61 L13S4A61 2ICR19/66-2,Batería,Lenovo Flex2 14 | Lenovo Flex2 15 | Lenovo Flex2 15D,EKIL13S4A61,300
10091766415650,Alterco,"Bateria 7.4V para Lenovo L13M4P02, L13L4P01, L13N4P01, Y50p-70-ISE Y50-70AM-IFI(R), Y50-70AM-IFI Y50-70AM-ISE",Batería,L13M4P02 | L13L4P01 | L13N4P01 | Y50p-70-ISE | Y50-70AM-IFI(R) | Y50-70AM-IFI | Y50-70AM-ISE,EKIL13M4P02,415
10091766382882,Alterco,Bateria de Li-ion 11.1V para Lenovo G550,Batería,Lenovo G550,EKIG550,250
10091766350114,Alterco,Bateria de Li-ion 11.1V para Lenovo G480 Series y G485 Series,Batería,Lenovo G480 | Lenovo G485,EKIG480,240
10091766317346,Alterco,Bateria de Li-ion 10.8V para Lenovo G460,Batería,Lenovo G460,EKIG460,230
10091766284578,Alterco,Bateria 10.8V para Lenovo ThinkPad (Edge) E550 E550C E555 E560 E565 Series 45N1762,Batería,ThinkPad Edge E550 | ThinkPad Edge E550C | ThinkPad Edge E555 | ThinkPad Edge E560 | ThinkPad Edge E565,EKIE550,390
10091766251810,Alterco,"Bateria 7.68V / 45Wh para Lenovo Flex 6-14IKB 6-14IKB-81EM, Flex 6-14ARR 6-14ARR-81HA, IdeaPad 530S L17C4PB0",Batería,Lenovo Flex 6-14IKB 6-14IKB-81EM | Lenovo Flex 6-14ARR 6-14ARR-81HA | IdeaPad 530S L17C4PB0,EKIC4PB0,445
10091766186274,Alterco,"Bateria de Li-ion 10.8V para Lenovo B480,B485, B490, B495, M480,",Batería,Lenovo B480 | Lenovo B485 | Lenovo B490 | Lenovo B495 | Lenovo M480,EKIB480,355
10091766153506,Alterco,"Bateria Li-ion 11.1V LENOVO ThinkPad L440, L540, T440p, T540p, W540",Batería,ThinkPad L440 | ThinkPad L540 | ThinkPad T440p | ThinkPad T540p | ThinkPad W540,EKI540,370
10091766120738,Alterco,Bateria 11.4V para Lenovo IdeaPad 510-15ISK/15IKB 310-15ABR/15IAP/15IKB/15ISK 310 Touch-15IKB/15ISK Series L15L2,Batería,Lenovo IdeaPad 510-15ISK | Lenovo IdeaPad 510-15IKB | Lenovo IdeaPad 310-15ABR | Lenovo IdeaPad 310-15IAP | Lenovo IdeaPad 310-15IKB | Lenovo IdeaPad 310-15ISK | Lenovo IdeaPad 310 Touch-15IKB | Lenovo IdeaPad 310 Touch-15ISK,EKI510-15ISK,330
10091766087970,Alterco,Bateria Li-ion 14.4V para Lenovo B40 B40-30 B40-45,Batería,Lenovo B40-30 | Lenovo B40-45,EKI500L7,205
10091766055202,Alterco,"Bateria Li-ion 14.4V LENOVO Lenovo Ideapad 500 500-15ACZ 500-15ISK, Ideapad Z41 Z51 Z41-70 Z51-70 L14M4A01 L14S4A01 L1",Batería,Ideapad 500-15ACZ | Ideapad 500-15ISK | Ideapad Z41 | Ideapad Z51 | Ideapad Z41-70 | Ideapad Z51-70 | L14M4A01 | L14S4A01 | L1,EKI500,265
10091766022434,Alterco,Bateria 14.8V / 46Wh para Lenovo ThinkPad X1 Carbon 3444 3448 3460 X1C ASM 45N1070 45N1071,Batería,ThinkPad X1 Carbon 3444 | ThinkPad X1 Carbon 3448 | ThinkPad X1 Carbon 3460,EKI45N1070,430
10091765989666,Alterco,Bateria Li-ion 14.4V para LENOVO G400s Series,Batería,Lenovo G400s,EKI400,225
10091765956898,Alterco,Bateria 14.4V 30Wh para  Lenovo Ideapad 100-14IBD 100-15IBD 100 80QQ V4400 Seires L15L4A01,Batería,Lenovo Ideapad 100-14IBD | Lenovo Ideapad 100-15IBD | Lenovo Ideapad 100 | 80QQ | V4400 Series | L15L4A01,EKI330,305
10091765924130,Alterco,Bateria 11.4V para Lenovo Flex 5 1470 1570 IdeaPad 320S-14IKB 320S-15ABR 320S-15AST/15IKB/15ISK 520S-14IKB Yoga 520-1,Batería,Lenovo Flex 5 1470 | Lenovo Flex 5 1570 | IdeaPad 320S-14IKB | IdeaPad 320S-15ABR | IdeaPad 320S-15AST | IdeaPad 320S-15IKB | IdeaPad 320S-15ISK | Lenovo 520S-14IKB | Lenovo Yoga 520-1,EKI320S,365
10091765891362,Alterco,Bateria 11.55V 46Wh 4000mAh para Lenovo Flex 3-1470 3-1480 14IBD 500-14IHW 500-14ISK 500-15IBD L14M3P21 L14L3P21,Batería,Lenovo Flex 3-1470 | Lenovo Flex 3-1480 | 14IBD | 500-14IHW | 500-14ISK | 500-15IBD | L14M3P21 | L14L3P21,EKI320,400
10091765858594,Alterco,Bateria 7.7V para Lenovo IdeaPad 310-14IAP 310-14IKB 310-14ISK Series L15M2PB2,Batería,Lenovo IdeaPad 310-14IAP | Lenovo IdeaPad 310-14IKB | Lenovo IdeaPad 310-14ISK,EKI310-14ISK,275
10091765825826,Alterco,Bateria 7.7V para Lenovo Lenovo ideapad 310-14IAP 310-14IKB 310-14ISK Series L15M2PB2,Batería,Lenovo IdeaPad 310-14IAP | Lenovo IdeaPad 310-14IKB | Lenovo IdeaPad 310-14ISK,EKI310,370
10091765793058,Alterco,Bateria Interna (P) 15.2V para Lenovo ThinkPad T570 T580 P51S P52S Series 00UR891 01AV493,Batería interna,Lenovo ThinkPad T570 | Lenovo ThinkPad T580 | Lenovo ThinkPad P51S | Lenovo ThinkPad P52S,EKI01AV493,390
10091765760290,Alterco,Bateria 11.1V 45Wh para Lenovo ThinkPad E480 E485 E495 E580 E585 E490 E590 E595 Series 01AV448,Batería,ThinkPad E480 | ThinkPad E485 | ThinkPad E495 | ThinkPad E580 | ThinkPad E585 | ThinkPad E490 | ThinkPad E590 | ThinkPad E595,EKI01AV448,375
10091765727522,Alterco,Bateria Interna (P) 11.25V para Lenovo ThinkPad 13 1st /2nd Gen 13 Chromebook S2 1st /2nd Gen Series 01AV401,Batería,ThinkPad 13 1st Gen | ThinkPad 13 2nd Gen | Chromebook S2 1st Gen | Chromebook S2 2nd Gen,EKI01AV401,350
10091765694754,Alterco,Bateria 7.64V para Lenovo ThinkPad X1 Tablet 1st Gen 2016 2rd Gen 2017 Series 00HW045 00HW046,Batería,"Lenovo ThinkPad X1 Tablet (1st Gen, 2016) | Lenovo ThinkPad X1 Tablet (2nd Gen, 2017)",EKI00HW046,755
10091765629218,Alterco,Bateria 15.2V para ThinkPad X1 Carbon 20FB X1 Yoga 2017 2nd Series Notebook 00HW028,Batería,ThinkPad X1 Carbon 20FB | ThinkPad X1 Yoga 2017 2nd Series,EKI00HW028,395
10091765563682,Alterco,Bateria Li-ion 14.8V para Pavilion TouchSmart SleekBook 14 Series,Batería,Pavilion TouchSmart SleekBook 14 Series,EKHY04,225
10091765530914,Alterco,Bateria 11.4V 48.01Wh / 4212mAh para HP Pavilion X360 14-BA 15-BK 15-BR 15-BR001TX Series WA03XL,Batería,HP Pavilion X360 14-BA | HP Pavilion X360 15-BK | HP Pavilion X360 15-BR | HP Pavilion X360 15-BR001TX,EKHWA03XL,345
10091765498146,Alterco,Bateria 11.4V para HP ZBook 15 G3 G4 17 G3 G4 Series VV09XL,Batería,HP ZBook 15 G3 | HP ZBook 15 G4 | HP ZBook 17 G3 | HP ZBook 17 G4,EKHVV09XL,455
10091765465378,Alterco,Bateria 11.55V  52Wh/4350mAh para HP Envy 15 15-AS series VS03XL,Batería,HP Envy 15 15-AS,EKHVS03XL,370
10091765432610,Alterco,"Bateria 11.4V para HP Envy 13-D023TU 13-D024TU 13-D025TU 13-D046TU 13-D051TU 13-D056TU, Pavilion 13-D 13-D000 13-D0",Batería,HP Envy 13-D023TU | HP Envy 13-D024TU | HP Envy 13-D025TU | HP Envy 13-D046TU | HP Envy 13-D051TU | HP Envy 13-D056TU | Pavilion 13-D | Pavilion 13-D000 | Pavilion 13-D0,EKHVR03XL,320
10091765399842,Alterco,Bateria Li-ion 14.4V para HP Pavilion 14 TouchSmart Series en color Plata,Batería,HP Pavilion 14 TouchSmart Series,EKHTS14P,195
10091765367074,Alterco,Bateria 10.8V para HP TouchSmart tm2-1014tx tm2-1090eg tm2-2150us 586021-00,Batería,HP TouchSmart tm2-1014tx | HP TouchSmart tm2-1090eg | HP TouchSmart tm2-2150us,EKHTM2,230
10091765334306,Alterco,Bateria Interna (P) 11.55V para HP Pavilion 15-CC Series 15-CD Series 17-AR Series TF03XL,Batería,HP Pavilion 15-CC Series | HP Pavilion 15-CD Series | HP Pavilion 17-AR Series | TF03XL,EKHTF03XL,265
10091765301538,Alterco,Bateria 15.4V para HP Pavilion 15-BC200NB 15-BC260NZ Omen 15-AX200NA AX218TX Series TE04XL,Batería,HP Pavilion 15-BC200NB | HP Pavilion 15-BC260NZ | Omen 15-AX200NA | AX218TX | TE04XL,EKHTE04XL,350
10091765268770,Alterco,Bateria Interna (P) 11.55V para HP Pavilion 15 UHD OMEN 15 15-AX000 5-BC000 15-BC015TX Series HSX TE03XL,Batería,HP Pavilion 15-AX000 | HP Pavilion 15-BC000 | HP Pavilion 15-BC015TX,EKHTE03XL,390
10091765203234,Alterco,Bateria Interna (P) 11.4V para HP EliteBook 755 G4 840 G4 848 G4 850 G4 ZBook 14U G4 15U G4 Series TA03XL,Batería,HP EliteBook 755 G4 | HP EliteBook 840 G4 | HP EliteBook 848 G4 | HP EliteBook 850 G4 | HP ZBook 14U G4 | HP ZBook 15U G4 | TA03XL,EKHTA03XL,275
10091765170466,Alterco,"Bateria 11.55V para HP EliteBook 840 G5 G6, 730 735 740 745 830 846 G5, 735 745 830 G6, ZBook 14U G5 G6 SS03XL",Batería,HP EliteBook 840 G5 | HP EliteBook 840 G6 | HP EliteBook 730 | HP EliteBook 735 | HP EliteBook 740 | HP EliteBook 745 | HP EliteBook 830 | HP EliteBook 846 G5 | HP EliteBook 830 G6 | ZBook 14U G5 | ZBook 14U G6,EKHSS03XL,345
10091765104930,Alterco,"Bateria Interna (P) 11.55V para HP Envy x360 15-cn0000 15-cn0000ne 15-CN0000TX 15-CN0005TX, 15-cp0000 SR03XL / HSTN",Batería,HP Envy x360 15-cn0000 | HP Envy x360 15-cn0000ne | HP Envy x360 15-CN0000TX | HP Envy x360 15-CN0005TX | HP Envy x360 15-cp0000 | SR03XL | HSTN,EKHSR03XL,300
10091765072162,Alterco,Bateria 11.4V 44Wh/3780mAh para HP EliteBook 820 G3/ 820 G4/ 725 G3/ 725 G4 Series SNO3XL,Batería,HP EliteBook 820 G3 | HP EliteBook 820 G4 | HP EliteBook 725 G3 | HP EliteBook 725 G4,EKHSN03XL,330
10091765039394,Alterco,Bateria 11.55V para HP Spectre X360 AC033DX W013DX Series SH03XL,Batería,HP Spectre X360 AC033DX | HP Spectre X360 W013DX Series,EKHSH03XL,450
10091764941090,Alterco,Bateria Interna (P) 11.4V para HP Pavilion HP Pavilion 14-AL000 14-AL100  SE03XL TPN-Q171 849568-421,Batería,HP Pavilion 14-AL000 | HP Pavilion 14-AL100,EKHSE03XL,300
10091764875554,Alterco,"Bateria Interna para HP EliteBook 720 G1 , 720 G2 , 725 G2 , 755 G3  Elitebook 820 ,820 G1 , 820 G2 SB03XL",Batería,HP EliteBook 720 G1 | HP EliteBook 720 G2 | HP EliteBook 725 G2 | HP EliteBook 755 G3 | HP EliteBook 820 | HP EliteBook 820 G1 | HP EliteBook 820 G2 | SB03XL,EKHSB03XL,320
10091764810018,Alterco,"Bateria Interna (P) 11.4V para HP ProBook 430 G4,440 G4,450 G4,455 G4,470 G4,430 G5,440 G5,450 G5,455 G5,470 G5 RR0",Batería,HP ProBook 430 G4 | HP ProBook 440 G4 | HP ProBook 450 G4 | HP ProBook 455 G4 | HP ProBook 470 G4 | HP ProBook 430 G5 | HP ProBook 440 G5 | HP ProBook 450 G5 | HP ProBook 455 G5 | HP ProBook 470 G5,EKHRR03XL,270
10091764777250,Alterco,Bateria Li-ion 14.4V para HP ProBook 450 / 450 G3 / 455 / 455 G3 / 470 / 470 G3 Series RI04 RI04XL RI06XL,Batería,HP ProBook 450 | HP ProBook 450 G3 | HP ProBook 455 | HP ProBook 455 G3 | HP ProBook 470 | HP ProBook 470 G3,EKHRI04,195
10091764744482,Alterco,Bateria 11.55V para HP ProBook 450 430 440 445 G6 Series RE03XL,Batería,HP ProBook 450 G6 | HP ProBook 430 G6 | HP ProBook 440 G6 | HP ProBook 445 G6,EKHRE03XL,295
10091764711714,Alterco,Bateria Interna (P) 11.1V para HP Envy 14 Touchsmart Series M6 M6-k M6-k022dx M6-k012dx M6-K010DX M6-K015DX M6-K025DX,Batería,HP Envy 14 Touchsmart Series M6-k022dx | HP Envy 14 Touchsmart Series M6-k012dx | HP Envy 14 Touchsmart Series M6-K010DX | HP Envy 14 Touchsmart Series M6-K015DX | HP Envy 14 Touchsmart Series M6-K025DX,EKHPX03,320
10091764678946,Alterco,Bateria 7.6V para HP Stream 11 Pro G2 G3 11-R000 11-R010NR 11-r014wm 11-R015WM 11-R015WN Series HXPK PO02XL,Batería,HP Stream 11 Pro G2 | HP Stream 11 Pro G3 | 11-R000 | 11-R010NR | 11-R014WM | 11-R015WM | 11-R015WN | HXPK | PO02XL,EKHPO02XL,345
10091764646178,Alterco,"Bateria Interna (P) 7.6V para HP 11N-X360, 11-N010dx 11-n026br, 11-n010la HSTN-DB6B, 751875-00, PL02XL",Batería,HP 11N-X360 | 11-N010dx | 11-N026br | 11-N010la | HSTN-DB6B | PL02XL,EKHPL02,265
10091764613410,Alterco,Bateria 11.4V para HP Spectre X360 13-4002dx 13-4003dx 13-4005dx 13-4001dx 13-4100dx 13-4101dx 13-4102dx 13-4103dx,Batería,HP Spectre X360 13-4002dx | HP Spectre X360 13-4003dx | HP Spectre X360 13-4005dx | HP Spectre X360 13-4001dx | HP Spectre X360 13-4100dx | HP Spectre X360 13-4101dx | HP Spectre X360 13-4102dx | HP Spectre X360 13-4103dx,EKHPK03XL,440
10091764580642,Alterco,Bateria 11.55V 65Wh 5680mAh para HP Spectre X360 15-AP011DX 15-AP000NA 15-AP000NF 15-AP000NX 15-AP001NF 15-AP002NG,Batería,HP Spectre X360 15-AP011DX | HP Spectre X360 15-AP000NA | HP Spectre X360 15-AP000NF | HP Spectre X360 15-AP000NX | HP Spectre X360 15-AP001NF | HP Spectre X360 15-AP002NG,EKHPG03XL,325
10091764515106,Alterco,Bateria 11.55V para HP Stream 14-ax000 Series HP Pavilion X360 m3-u000 Series BI03XL ON03XL,Batería,HP Stream 14-ax000 Series | HP Pavilion X360 m3-u000 Series | BI03XL | ON03XL,EKHON03XL,300
10091764482338,Alterco,Bateria 11.1V para HP Elitebook Revolve 810 G1 G2 Series Tablet ODO6XL,Batería,HP EliteBook Revolve 810 G1 | HP EliteBook Revolve 810 G2,EKHOD06XL,305
10091764416802,Alterco,Bateria 11.55V para HP Pavilion 11-U001NV Stream 11-ab004ur 11-AB008TU Stream 11-ab003ur NU03XL,Batería,HP Pavilion 11-U001NV | HP Stream 11-ab004ur | 11-AB008TU | HP Stream 11-ab003ur | NU03XL,EKHNU03XL,315
10091764384034,Alterco,Bateria Interna (P) 11.4V para HP Pavilion X360 Series NP03XL HSTNN-LB6L 760944-421,Batería,HP Pavilion X360 Series NP03XL HSTNN-LB6L,EKHNP03XL,300
10091764351266,Alterco,Bateria Interna (P) 11.4V para HP Stream 11 and Stream 13 Notebook PC Series ME03XL 787521-005 787089-541,Batería,HP Stream 11 | HP Stream 13,EKHME03XL,295
10091764318498,Alterco,Bateria 14.8V para HP Envy 17 15 Envy M7 m7-n109dx m7-n011dx 17-r Series MC06 MC04,Batería,HP Envy 17 | HP Envy 15 | Envy M7 | m7-n109dx | m7-n011dx | HP Envy 17-r Series | MC06 | MC04,EKHMC06,240
10091764285730,Alterco,Bateria 15.4V para HP Envy X360 Convertible M6 M6-AQ105DX M6-AQ103DX M6-AQ005DX M6-AQ003DX M6-AR004DX 15-AQ273CL 15,Batería,M6-AQ105DX | M6-AQ103DX | M6-AQ005DX | M6-AQ003DX | M6-AR004DX | 15-AQ273CL,EKHMB04XL,350
10091764252962,Alterco,Bateria 11.4V para HP Envy M6-P M6-P113DX M6-P013DX Envy 15T-AE 15T-AE000 LP03XL,Batería,HP Envy M6-P | HP Envy M6-P113DX | HP Envy M6-P013DX | HP Envy 15T-AE | HP Envy 15T-AE000,EKHLP03XL,375
10091764220194,Alterco,Bateria 11.55V para HP HP Envy X360 Convertible 15-BP 15M-BP 15-BQ 15M-BQ 15M-CP 15Z-CP 15-CN 15M-CN 15T-CN LK03XL,Batería,HP Envy X360 Convertible 15-BP | HP Envy X360 Convertible 15M-BP | HP Envy X360 Convertible 15M-BQ | HP Envy X360 Convertible 15M-CP | HP Envy X360 Convertible 15Z-CP | HP Envy X360 Convertible 15-CN | HP Envy X360 Convertible 15M-CN | HP Envy X360 Convertible 15T-CN | LK03XL,EKHLK03XL,270
10091764187426,Alterco,Bateria Li-ion 10.95V para HP 15-f272wm 15-f222wm 15-f233wm 15-f039wm 15-f010dx 15-f100dx 15-f014wm 15- f211wm 15-f,Batería,HP 15-f272wm | HP 15-f222wm | HP 15-f233wm | HP 15-f039wm | HP 15-f010dx | HP 15-f100dx | HP 15-f014wm | HP 15-f211wm,EKHLA03DF,180
10091764121890,Alterco,Bateria Li-ion 14.4V para HP LA03 15-F001XX 15-F003DX 776622-001 14-Y 15-F Series 15-F305DX,Batería,15-F001XX | 15-F003DX | 15-F305DX | 14-Y | LA03 | 776622-001,EKHLA03,180
10091764089122,Alterco,Bateria Li-ion 10.8V para HP Pavilion TouchSmart 11 HP210 HP215 TOUCHSMART 11-E  KP03 KP03036 729892-001,Batería,HP Pavilion TouchSmart 11 | HP210 | HP215 | TOUCHSMART 11-E,EKHKP03,175
10091764056354,Alterco,Bateria 11.4V / 48Wh para Hp X360 310 G2 K12 Series HSTNN-LB6P HSTNN-LB7B 817184-005 818418-421 TPN-W112 TPN-Q164 H,Batería,HP X360 310 G2 | K12 Series,EKHHV03XL,355
10091764023586,Alterco,Bateria 7.6V para HP Pavilion x360 11.6 11-K 11-K013CL 11-K052TU HV02XL HVO2XL,Batería,HP Pavilion x360 11-K013CL | HP Pavilion x360 11-K052TU,EKHHV02XL,270
10091763990818,Alterco,Bateria 14.8V para HP Envy Spectre XT 13-2000eg 13-2021tu 13-2120tu HD04XL,Batería,HP Envy Spectre XT 13-2000eg | HP Envy Spectre XT 13-2021tu | HP Envy Spectre XT 13-2120tu,EKHHD04XL,475
10091763958050,Alterco,"Bateria Interna (P) 14.8V para HP Envy 4-1000, Envy 4-1100, Envy 4-1200, HP 4-1000, 4-1100, 4-1200, 4-1043CL EL04,",Batería,HP Envy 4-1000 | HP Envy 4-1100 | HP Envy 4-1200 | HP 4-1000 | HP 4-1100 | HP 4-1200 | 4-1043CL EL04,EKHEL04XL,365
10091763892514,Alterco,Bateria Interna (P) 11.4V para HP EliteBook 840 850 745 755 848 G3 G4 ZBook 15u G3 G4 mt42 mt43 CS03XL,Batería interna,HP EliteBook 840 | HP EliteBook 850 | HP EliteBook 745 | HP EliteBook 755 | HP EliteBook 848 G3 | HP EliteBook 848 G4 | ZBook 15u G3 | ZBook 15u G4 | MT42 | MT43 | CS03XL,EKHCS03XL,350
10091763859746,Alterco,Bateria 11.4V para HP ProBook 640 G2 645 G2 650 G2 655 G2 series CI03 CI03XL,Batería,HP ProBook 640 G2 | HP ProBook 645 G2 | HP ProBook 650 G2 | HP ProBook 655 G2,EKHCI03,355
10091763826978,Alterco,Bateria 11.4V para HP ProBook 640 645 650 G4 G5 Series CD03XL CDO3XL,Batería,HP ProBook 640 G4 | HP ProBook 645 G4 | HP ProBook 650 G4 | HP ProBook 640 G5 | HP ProBook 645 G5 | HP ProBook 650 G5,EKHCD03XL,315
10091763761442,Alterco,Bateria Li-ion 10.8V para HP ProBook 640 645 655 650 G1,Batería,HP ProBook 640 G1 | HP ProBook 645 G1 | HP ProBook 655 G1 | HP ProBook 650 G1,EKHCA06,245
10091763695906,Alterco,Bateria 14.8V para HP Elitebook Folio 9470M 9470 9480 9480M Notebook Series BT04XL,Batería,HP Elitebook Folio 9470M | HP Elitebook 9470 | HP Elitebook 9480 | HP Elitebook 9480M,EKHBT04XL,355
10091763663138,Alterco,Bateria 7.6V para HP EliteBook Folio 1020 1030 G1 M0D62PA M4Z18PA G9P64AV L7Z19PA M5U02PA Series BR04XL,Batería,HP EliteBook Folio 1020 | HP EliteBook Folio 1030 G1,EKHBR04XL,430
10091763630370,Alterco,Bateria Interna (P) 7.7V para HP Pavilion PC 15 Series 15-AW000 15-AU000 BP02XL,Batería,HP Pavilion 15-AW000 | HP Pavilion 15-AU000,EKHBP02XL,275
10091763532066,Alterco,Bateria 11.1V 42Wh para HP EliteBook Folio 1040 G0 G1 G2;HP Envy Spectre 14-3000 BL06XL,Batería,HP EliteBook Folio 1040 G0 | HP EliteBook Folio 1040 G1 | HP EliteBook Folio 1040 G2 | HP Envy Spectre 14-3000,EKHBL06XL,340
10091763499298,Alterco,Bateria Interna (P) 11.55V para HP Pavilion x360 Convertible PC 14 Series PC 14m Series X360 14-BA000 Series BK03XL,Batería,HP Pavilion x360 Convertible PC 14 Series | PC 14m Series | X360 14-BA000 Series,EKHBK03XL,270
10091763466530,Alterco,Bateria 11.55V para HP Stream 14-ax000 Series Pavilion X360 13-u000 Series X360 m3-u000 Series 13-u000 Series BI03X,Batería,HP Stream 14-ax000 Series | HP Pavilion X360 13-u000 Series | HP X360 m3-u000 Series | HP 13-u000 Series,EKHBI03XL,280
10091763433762,Alterco,Bateria 11.4V 45Wh para HP EliteBook 1040 G3 Series BG06XL,Batería,HP EliteBook 1040 G3 Series BG06XL,EKHBG06XL,325
10091763368226,Alterco,Bateria 14.4V para HP ZBook 17 G1 G2 15 17 Mobile Workstation Series AR08 AR08XL,Batería,HP ZBook 17 G1 | HP ZBook 17 G2 | HP ZBook 15,EKHAR08XL,275
10091763269922,Alterco,"Bateria Li-ion 14.8V para HP Pavilion 14-AB, 15-AB, 15-AG, Pavilion 17-G",Batería,HP Pavilion 14-AB | HP Pavilion 15-AB | HP Pavilion 15-AG | Pavilion 17-G,EKHAB15,200
10091763237154,Alterco,Bateria 7.7V para HP Envy 13 2017 13-AD019TU 2EX75PA 2EX78PA 2EX80PA 2EX85PA 2EX88PA Series AB06XL,Batería,HP Envy 13 2017 | 13-AD019TU,EKHAB06XL,275
10091763204386,Alterco,Bateria Interna (P) 14.8v para HP EliteBook Folio 9470 9470M 9480 9480M Ultrabook BTO4 BTO4XL BA06 BA06XL,Batería,HP EliteBook Folio 9470 | HP EliteBook Folio 9470M | HP EliteBook Folio 9480 | HP EliteBook Folio 9480M | BA06 | BA06XL | BTO4 | BTO4XL,EKH9470,355
10091763171618,Alterco,"Batería Li-ion 14.8V para HP Elitebook 8560w 8760w 8570w 8770w, VH08 de Litio-Ion",Batería,HP EliteBook 8560w | HP EliteBook 8570w | HP EliteBook 8760w | HP EliteBook 8770w,EKH8560,265
10091763138850,Alterco,"Bateria 8 celdas HP  DV7-1000, 2000",Batería,HP DV7-1000 | HP DV7-2000,EKH7028,295
10091763106082,Alterco,Bateria Li-ion 10.8V para HP 6530b 6535b 6730b 6735b 6930p 8440p,Batería,HP 6530b | HP 6535b | HP 6730b | HP 6735b | HP 6930p | HP 8440p,EKH6930,230
10091763040546,Alterco,Bateria de Li-ion 11.1V para HP DV4-5000 de Liti-Ion,Batería,HP DV4-5000,EKH6900,225
10091763007778,Alterco,Bateria 6 Celdas para HP Business Notebook 6530s Business Notebook 6520S Business Notebook 6531s HSTNN-DB51,Batería,HP Business Notebook 6530s | HP Business Notebook 6520S | HP Business Notebook 6531s,EKH6530,290
10091762942242,Alterco,Bateria 6 Celdas para HP Compaq 510 511 550 610 Series Notebook 6720S 6730S 6730 6735S 6820S 6830S,Batería,HP Compaq 510 | HP Compaq 511 | HP Compaq 550 | HP Compaq 610 | HP Compaq 6720S | HP Compaq 6730S | HP Compaq 6730 | HP Compaq 6735S | HP Compaq 6820S | HP Compaq 6830S,EKH6520,265
10091762909474,Alterco,Bateria 6 Celdas para HP Compaq NX6120 / NC6400 / 6510B,Batería,HP Compaq NX6120 | HP Compaq NC6400 | HP Compaq 6510B,EKH6120,290
10091762876706,Alterco,Bateria 6 Celdas para HP 550 6720s 6730s,Batería,HP 550 | HP 6720s | HP 6730s,EKH550,230
10091762843938,Alterco,Bateria Li-ion 11.1V para HP CQ42 series,Batería,HP CQ42 series,EKH5173,220
10091762811170,Alterco,Bateria Li-ion 10.8V para HP Mini 210 series,Batería,HP Mini 210 series,EKH5159L,245
10091762778402,Alterco,"Bateria  Li-ion 10.8V Hp Mini 110-1000, 1101, 110c Compaq Cq10-100",Batería,HP Mini 110-1000 | 1101 | 110c | Compaq CQ10-100,EKH5059L,320
10091762745634,Alterco,Bateria 4 Celdas para HP 510 / 530,Batería,HP 510 | HP 530,EKH500,225
10091762712866,Alterco,Bateria Li-ion 10.8V para HP ProBook 4321s 4325s 4720s,Batería,HP ProBook 4321s | HP ProBook 4325s | HP ProBook 4720s,EKH4720,220
10091762680098,Alterco,Bateria de 8 Celdas para HP 4510S,Batería,HP 4510S,EKH4510,325
10091762614562,Alterco,Bateria Li-ion 14.4V para HP ProBook 430 G3 / 440 G3,Batería,HP ProBook 430 G3 | HP ProBook 440 G3,EKH4430,205
10091762516258,Alterco,Bateria Li-ion 14.8V para HP ProBook 440 440 G2 Series,Batería,HP ProBook 440 G2 | HP ProBook 440 G2 Series,EKH4401,195
10091762450722,Alterco,"Bateria Li-ion 10.8V para hp ProBook 440, 440 G0 Series, 440 G1",Batería,HP ProBook 440 | HP ProBook 440 G0 | HP ProBook 440 G1,EKH4400,245
10091762385186,Alterco,Bateria de Li-ion 11.1V para PROBOOK 4530S,Batería,HP ProBook 4530s,EKH4330,225
10091762352418,Alterco,Bateria de 6 Celdas para HP Pavilion DM1-3000 / DM1-3100 / DM1-3200,Batería,HP Pavilion DM1-3000 | HP Pavilion DM1-3100 | HP Pavilion DM1-3200,EKH3000,325
10091762319650,Alterco,Bateria 6 Celdas HP EliteBook 2560p Series / EliteBook 2570p Series,Batería,HP EliteBook 2560p | HP EliteBook 2570p,EKH2560,255
10091762286882,Alterco,Bateria 10.8V para HP Compaq Business Notebook 2510p Business Notebook 2400 Business Notebook nc2400,Batería,HP Compaq 2510p | HP Compaq 2400 | HP Compaq nc2400,EKH2510,280
10091762221346,Alterco,"Bateria Li-ion 14.8V para HP 14-G, 14-Q, 14-AC, 240 G4, 245 G4, 246 G4, 250 G4, 255 G4 Series",Batería Li-ion,HP 14-G | HP 14-Q | HP 14-AC | HP 240 G4 | HP 245 G4 | HP 246 G4 | HP 250 G4 | HP 255 G4 Series,EKH250,190
10091762155810,Alterco,"Bateria Li-ion 14.8V para HP Compaq 14-D, 14-R, 15-D, 15-G, 15-H, 15-R",Batería,HP Compaq 14-D | HP Compaq 14-R | HP Compaq 15-D | HP Compaq 15-G | HP Compaq 15-H | HP Compaq 15-R,EKH240,180
10091762024738,Alterco,"Bateria de 6 Celdas para HP Mini 210-3000, DM1-4000",Batería,HP Mini 210-3000 | DM1-4000,EKH210B,230
10091761926434,Alterco,Bateria de 6 Celdas para HP Mini 210-2000 En color plata,Batería,HP Mini 210-2000,EKH210A,315
10091761828130,Alterco,Bateria de Li-ion 14.4V para Chromebook 14-c010us,Batería,Chromebook 14-c010us,EKH1415,190
10091761697058,Alterco,Bateria de Li-ion 10.8V para HP Envy 14 /  Envy 15 /  Envy 17 Series en Negro,Batería,HP Envy 14 | HP Envy 15 | HP Envy 17,EKH117,220
10091761664290,Alterco,"Bateria Li-ion 10.8V HP Mini 110-3000, 110-3100, 110-3200, 110-3400, CQ10-400, CQ10-500",Batería,HP Mini 110-3000 | HP Mini 110-3100 | HP Mini 110-3200 | HP Mini 110-3400 | CQ10-400 | CQ10-500,EKH110,270
10091761598754,Alterco,Bateria 6 Celdas para HP DV1000 / DV5000 / ZE2000,Batería,HP DV1000 | HP DV5000 | ZE2000,EKH1001,240
10091761565986,Alterco,Bateria Li-ion 10.8V para HP CQ40 Pavilion DV4 / DV5 /,Batería,HP CQ40 | HP Pavilion DV4 | HP Pavilion DV5,EKH0015,220
10091761500450,Alterco,"Bateria de 6 celdas para GATEWAY: EC49C Series, EC49C06w",Batería,Gateway EC49C Series | EC49C06w,EKRID49,265
10091761434914,Alterco,Bateria de 6 Celdas para Gateway NV40,Batería,Gateway NV40,EKGNV40,250
10091761402146,Alterco,Bateria de 6 Celdas para GateWay MX6000,Batería,GateWay MX6000,EKG6000,270
10091761369378,Alterco,Bateria 11.4V para DELL XPS 15 9570 9560 9550 7590 Precision 5530 5520 5510 M5510 M5520 Series 5XJ28 5D91C GPM03 6GT,Batería,Dell XPS 15 9570 | Dell XPS 15 9560 | Dell XPS 15 9550 | Dell XPS 15 7590 | Precision 5530 | Precision 5520 | Precision 5510 | M5510 | M5520,EKDXPS15,600
10091761336610,Alterco,"Bateria 14.8V 58WH para DELL XPS 14z, XPS 14Z-L412x, XPS 14Z-L412z, XPS L412x, XPS L412z, V79Y0 V79YO YMYF6",Batería,Dell XPS 14z | Dell XPS 14Z-L412x | Dell XPS 14Z-L412z | Dell XPS L412x | Dell XPS L412z,EKDXPS14,630
10091761238306,Alterco,Bateria 7.4V 60WH para DELL XPS13 XPS 13 9343 9350 1708 Dell XPS13D-9343-1708 0N7T6 JD25G 90V7W,Batería,Dell XPS 13 9343 | Dell XPS 13 9350 | Dell XPS 13 1708 | Dell XPS13D-9343-1708,EKDXPS13,500
10091761205538,Alterco,Bateria7.4V 55Wh para DELL XPS 12 9Q33 L221X 13 9333 Ultrabook 13 XPS13 13L321X 13L322X XPS L321X L322X Series C4K9V,Batería,Dell XPS 12 (9Q33) | XPS L221X | XPS 13-9333 Ultrabook | XPS13 | XPS 13L321X | XPS 13L322X | XPS L321X | XPS L322X,EKDXPS12,580
10091761140002,Alterco,Bateria 11.1V para DELL Inspiron 14 5439 Dell Vostro 5460 5470 5560 VH748,Batería,Dell Inspiron 14 5439 | Dell Vostro 5460 | Dell Vostro 5470 | Dell Vostro 5560,EKDVH748,390
10091761107234,Alterco,Bateria de Li-ion 11.1V para DELL Inspiron 13Z Vostro V131 Series en Negro,Batería,Dell Inspiron 13Z | Dell Vostro V131,EKDV131,250
10091761074466,Alterco,Bateria Interna de 6 Celdas para Dell Vostro V13 V130 V131 V1300 V13z en Negro,Batería,Dell Vostro V13 | Dell Vostro V130 | Dell Vostro V131 | Dell Vostro V1300 | Dell Vostro V13z,EKDV130,470
10091761041698,Alterco,Bateria 11.1V 61Wh para DELL XPS 15 9530 Precision M3800 TOTRM H76MV 7D1WJ,Batería,Dell XPS 15 9530 | Dell Precision M3800,EKDTOTRM,470
10091760910626,Alterco,Bateria 11.1V 4400mAh para DELL Vostro 1720 1710 V1710 V1720 1710N Series G280C 312-0740 P726C 312-0741 312-0894 P721,Batería,Dell Vostro 1720 | Dell Vostro 1710 | Dell Vostro 1710N,EKDT117,370
10091760877858,Alterco,Bateria 7.6V para DELL XPS 13 9360 P54G002 13-9360-D1605G 13-9360-D1605T 13-9360-D1609 13-9360-D1609G 13-9360-D1705G,Batería,DELL XPS 13 9360,EKDPW23Y,540
10091760845090,Alterco,"Bateria 14.8V 49Wh para DELL Alienware M11x M14x R1 R2 R3 PT6V8, 8P6X6",Batería,DELL Alienware M11x | DELL Alienware M14x | DELL Alienware M11x R1 | DELL Alienware M11x R2 | DELL Alienware M11x R3,EKDPT6V8,550
10091760812322,Alterco,Bateria Interna (P) 7.6V para Dell Latitude 5300 5310 7300 7400 E5300 E5310 E7300 E7400 Series MXV9V,Batería interna,Dell Latitude 5300 | Dell Latitude 5310 | Dell Latitude 7300 | Dell Latitude 7400 | Dell Latitude E5300 | Dell Latitude E5310 | Dell Latitude E7300 | Dell Latitude E7400,EKDMXV9V,395
10091760779554,Alterco,Bateria 11.25V para Dell Latitude 3410 3510 Vostro 5300 5401 5501 Inspiron 5300 JK6Y6,Batería,Dell Latitude 3410 | Dell Latitude 3510 | Dell Vostro 5300 | Dell Vostro 5401 | Dell Vostro 5501 | Dell Inspiron 5300,EKDJK6Y6,375
10091760746786,Alterco,Bateria Interna 7.4V 52Wh Para Dell XPS13 XPS 13 9343 9350 1708 Dell XPS13D-9343-1708 JD25G / 90V7W,Batería interna,Dell XPS 13 9343 | Dell XPS 13 9350 | Dell XPS 13 1708,EKDJD25G,455
10091760714018,Alterco,Bateria Interna (P) 11.4V para Latitude 12 7480 7490 7280 E7280 7290 E7290 13 E7380 E7390 7380 7390 14 E7480 E7490 Se,Batería,Latitude 7480 | Latitude 7490 | Latitude 7280 | Latitude E7280 | Latitude 7290 | Latitude E7290 | Latitude 13 | Latitude E7380 | Latitude E7390 | Latitude 7380 | Latitude 7390 | Latitude 14 | Latitude E7480 | Latitude E7490 | Latitude Se,EKDJ1J0,355
10091760681250,Alterco,Bateria 11.4V 43Wh para Dell Inspiron 11 3000 series / 13 7000 series / 15 7000 GK5KY,Batería,Dell Inspiron 11 3000 series | Dell Inspiron 13 7000 series | Dell Inspiron 15 7000 GK5KY,EKDGK5KY,400
10091760615714,Alterco,Bateria 14.8V para Dell Inspiron 15 7537 15 7000 17 7737 17 7000 Series 062VNH 62VNH F7HVR,Batería,Dell Inspiron 15 7537 | Dell Inspiron 15 7000 | Dell Inspiron 17 7737 | Dell Inspiron 17 7000 Series,EKDF7HVR,415
10091760550178,Alterco,Bateria 11.55V Dell Inspiron 13 7000 i7373 7373 7386 39DY5 F62G0,Batería,Dell Inspiron 13 7000 i7373 | Dell Inspiron 13 7373 | Dell Inspiron 13 7386,EKDF62G0,345
10091760517410,Alterco,Bateria Interna (P) 7.6V para Dell Latitude E7270 E7470 Series R1V85 451-BBSX 451-BBSY 451-BBSU MC34Y J60J5,Batería,Dell Latitude E7270 | Dell Latitude E7470,EKDE7470,430
10091760484642,Alterco,Bateria Interna (P) 7.6V para Dell Latitude 12 7000 7280 7290/13 7000 7380 7390 P29S002/14 7000 7480 7490 P73G002 Se,Batería interna,Dell Latitude 12 7000 7280 | Dell Latitude 12 7000 7290 | Dell Latitude 13 7000 7380 | Dell Latitude 13 7000 7390 | Dell Latitude 14 7000 7480 | Dell Latitude 14 7000 7490,EKDE7280,425
10091760451874,Alterco,Bateria 9 Celdas para Dell Latitude E6400 / E6500 / Precision M6500 de Litio-Ion *HAE,Batería,Dell Latitude E6400 | Dell Latitude E6500 | Dell Precision M6500,EKDE6400H,380
10091760386338,Alterco,Bateria Li-ion 11.1V para Dell Latitude E6400 / E6500 / Precision M6500,Batería,Dell Latitude E6400 | Dell Latitude E6500 | Dell Precision M6500,EKDE6400,265
10091760320802,Alterco,Bateria 11.4V 3000mA para Dell Latitude E5250 E5270 E5470 E5270 Series W9FNJ RDRH9 53VJ6 451-BBUL RDRH9 0JY8D6 NGGX5,Batería,Dell Latitude E5250 | Dell Latitude E5270 | Dell Latitude E5470,EKDE5250,375
10091760288034,Alterco,Bateria Interna (P) 7.4V para Dell Latitude E7420 E7440 34GKR F38HT PFXCR,Batería,Dell Latitude E7420 | Dell Latitude E7440,EKD7440,345
10091760255266,Alterco,Bateria 4 Celdas 7.4V 7000mAh / 52Wh para Dell Latitude E7240 E7250 GVD76 / WD52H / 451-BBF / 451-BBFX,Batería,Dell Latitude E7240 | Dell Latitude E7250,EKD7240,370
10091760222498,Alterco,"Bateria Li-ion 11.1V para Dell Precision M4600, M4700, M6600",Batería,Dell Precision M4600 | Dell Precision M4700 | Dell Precision M6600,EKD6600,305
10091760156962,Alterco,Bateria Li-ion 11.1V para LATITUDE E6420,Batería,Latitude E6420,EKD6420,275
10091760124194,Alterco,Bateria de 6 celdas para Dell Inspiron 6400 / 1501 / E1505,Batería,Dell Inspiron 6400 | Dell Inspiron 1501 | Dell Inspiron E1505,EKD6401,275
10091760091426,Alterco,"Bateria Li-ion 11.1V para Dell Latitude E6220, E6320 y E6330",Batería,Dell Latitude E6220 | Dell Latitude E6320 | Dell Latitude E6330,EKD6220,290
10091760058658,Alterco,Bateria 11.1V para DELL Inspiron 6000 9200 9300 9400 XPS Gen 2 E1705 D5318 F5635 G5260,Batería,Dell Inspiron 6000 | Dell Inspiron 9200 | Dell Inspiron 9300 | Dell Inspiron 9400 | XPS Gen 2 | E1705 | D5318 | F5635 | G5260,EKD6000,320
10091760025890,Alterco,Bateria Interna 7.4V / 51Wh (Li-polymer) para DELL Latitude E5450 E5470 E5550 E5570 (De tamaño 15.6'') G5M10 0WYJC2 8,Batería Interna,Dell Latitude E5450 | Dell Latitude E5470 | Dell Latitude E5550 | Dell Latitude E5570,EKD5550,395
10091759993122,Alterco,Bateria Interna (P) 11.4V para DELL Inspiron 13(5368 5378 5379 7368 7378 14-7460) 15(5565 5567 5568 5578 7560 7570 75,Batería,Inspiron 13 5368 | Inspiron 13 5378 | Inspiron 13 5379 | Inspiron 13 7368 | Inspiron 13 7378 | Inspiron 14-7460 | Inspiron 15 5565 | Inspiron 15 5567 | Inspiron 15 5568 | Inspiron 15 5578 | Inspiron 15 7560 | Inspiron 15 7570,EKD5481,325
10091759960354,Alterco,Bateria de Li-ion 11.1V para Dell Latitude E5540 / Latitude E5440 en Negro,Batería,Dell Latitude E5540 | Dell Latitude E5440,EKD5440,270
10091759927586,Alterco,Bateria Interna (P) 11.4V para Dell Latitude 5280 5290 5480 5490 5580 5590 series 3DDDG 3VC9Y 03VC9Y O3VC9Y 4YFVG 45N,Batería interna,Dell Latitude 5280 | Dell Latitude 5290 | Dell Latitude 5480 | Dell Latitude 5490 | Dell Latitude 5580 | Dell Latitude 5590,EKD5280,400
10091759894818,Alterco,Bateria 6 Celdas para Dell Latitude E5400 Series E5500 Series E5410 E5510 KM668 KM742 KM752,Batería,Dell Latitude E5400 | Dell Latitude E5500 | Dell Latitude E5410 | Dell Latitude E5510 | KM668 | KM742 | KM752,EKD5093,245
10091759862050,Alterco,Bateria de Li-ion 14.8V para Dell Inspiron 14,Batería,Dell Inspiron 14,EKD4521,225
10091759829282,Alterco,Bateria Interna (P) 15.2V para Dell Alienware 17 R4 R5 15 R3 R4 44T2R 9NJM1,Batería,Dell Alienware 17 R3 | Dell Alienware 17 R4 | Dell Alienware 17 R5 | Dell Alienware 15 R3 | Dell Alienware 15 R4,EKD44T2R,595
10091759796514,Alterco,Bateria de 6 Celdas para Latitude E4300 E4300N E4310 E4400 312-0822 312-0823,Batería,Latitude E4300 | Latitude E4300N | Latitude E4310 | Latitude E4400,EKD4300,255
10091759763746,Alterco,Bateria Li-ion 11.1V para Dell Inspiron 14V Series / M4010 Series / N4020 Series / N4030 Series,Batería,Dell Inspiron 14V Series | Dell M4010 Series | Dell N4020 Series | Dell N4030 Series,EKD4020,265
10091759730978,Alterco,Bateria Interna (P) 11.4V para Dell Inspiron 15 7000 Series Gaming 357F9,Batería,Dell Inspiron 15 7000 Series Gaming 357F9,EKD357F9,465
10091759665442,Alterco,"Bateria Li-ion 11.1V para DELL Vostro 3500, 3700",Batería Li-ion,DELL Vostro 3500 | DELL Vostro 3700,EKD3500,270
10091759632674,Alterco,Bateria Li-ion 14.8V para Dell Inspiron 14 Series / 3451 / 3551 / 3458 / 3558 Series,Batería,Dell Inspiron 14 Series | Dell Inspiron 14 3451 | Dell Inspiron 14 3551 | Dell Inspiron 14 3458 | Dell Inspiron 14 3558,EKD3451,270
10091759599906,Alterco,Bateria Interna (P) 15.2V para Dell Inspiron 7577 7000 7773 7778 7779 7786 33YDH,Batería,Dell Inspiron 7577 | Dell Inspiron 7000 | Dell Inspiron 7773 | Dell Inspiron 7778 | Dell Inspiron 7779 | Dell Inspiron 7786,EKD33YDH,420
10091759534370,Alterco,Bateria 11.1V 43WH para DELL Dell Inspiron 15 7547 7548 0PXR51 PXR51 D2VF9,Batería,Dell Inspiron 15 7547 | Dell Inspiron 15 7548,EKD2VF9,345
10091759501602,Alterco,Bateria 11.4V para Dell Inspiron 7586 3583 3493 5482 5485 5481 5593 5491 5591 3310 5594 5585 3582 3584 3593 5493 548,Batería,Dell Inspiron 7586 | 3583 | 3493 | 5482 | 5485 | 5481 | 5593 | 5491 | 5591 | 3310 | 5594 | 5585 | 3582 | 3584 | 3593 | 5493 | 548,EKD1VX1H,350
10091759436066,Alterco,Bateria Interna (P) 7.6V para Dell Latitude 5400 5500 Precision 3540 3550 Inspiron 7590 7591 1V1XF,Batería,Dell Latitude 5400 | Dell Latitude 5500 | Precision 3540 | Precision 3550 | Inspiron 7590 | Inspiron 7591,EKD1V1XF,430
10091759370530,Alterco,"Bateria 11.1V para DELL Studio 17, 1745, Studio 1747, Studio 1749 U164P N855P",Batería,Dell Studio 17 1745 | Dell Studio 17 1747 | Dell Studio 17 1749,EKD1745,250
10091759337762,Alterco,Bateria de 6 Celdas para INSPIRON 1464,Batería,Inspiron 1464,EKD1564,240
10091759304994,Alterco,Bateria Li-ion 11.1V para Dell Studio 15 / 1555 / 1535,Batería,Dell Studio 15 | Dell Studio 1555 | Dell Studio 1535,EKD1535,295
10091759239458,Alterco,Bateria 9 Celdas para Dell Inspiron 1525 / 1526 *HAE,Batería,Dell Inspiron 1525 | Dell Inspiron 1526,EKD1526,380
10091759206690,Alterco,Bateria Li-ion 11.1V para Dell Inspiron 1525 / 1526,Batería,Dell Inspiron 1525 | Dell Inspiron 1526,EKD1525,220
10091759173922,Alterco,Bateria 11.1V 44Wh 3700mAh para DELL Inspiron 14Z-5423 15Z-5523 Ultrabook Series 8JVDG TPMCF T41M0 2NJNF,Batería,DELL Inspiron 14Z-5423 | DELL Inspiron 15Z-5523,EKD14Z,445
10091759141154,Alterco,Bateria de 6 celdas para Dell Inspiron 1400 / 1420 / Vostro 1400,Batería,Dell Inspiron 1400 | Dell Inspiron 1420 | Dell Vostro 1400,EKD1420,230
10091759108386,Alterco,Bateria de Li-ion 11.1V para DELL DELL XPS 14 Series / 15 Series,Batería,DELL XPS 14 Series | DELL XPS 15 Series,EKD1400,250
10091759042850,Alterco,Bateria de Li-ion 11.1V para DELL 15R,Batería,DELL 15R,EKD13R1,320
10091759010082,Alterco,Bateria Li-ion 11.1V para DELL 15R,Batería,Dell 15R,EKD13R,230
10091758977314,Alterco,Bateria 6 Celdas para Dell XPS M1330,Batería,Dell XPS M1330,EKD1330,250
10091758944546,Alterco,Bateria 6 Celdas para Dell Vostro 1310 / 1510,Batería,Dell Vostro 1310 | Dell Vostro 1510,EKD1310,265
10091758911778,Alterco,Bateria de Li-ion 11.1V para Dell D620 / D630 / Precision M2300,Batería,Dell D620 | Dell D630 | Precision M2300,EKD0620,275
10091758879010,Alterco,"Bateria de 3 Celdas para DELL Inspiron Mini 1012 Series Mini 1018, 10v",Batería,DELL Inspiron Mini 1012 | DELL Inspiron Mini 1018,EKD0011,205
10091758846242,Alterco,"Bateria de Li-ion 10.8V para Dell Inspiron Mini 10, 1011, 10v",Batería,Dell Inspiron Mini 10 | Dell Inspiron Mini 1011 | Dell Inspiron Mini 10v,EKD0010,245
10091758780706,Alterco,"Bateria 4 Celdas para ASUS Asus GL552, GL552JW, GL552JX ZX50, ZX50V, ZX50VW, FX-PLUS Series A41N1424",Batería,GL552 | GL552JW | GL552JX | ZX50 | ZX50V | ZX50VW | FX-PLUS Series A41N1424,EKUZX50,220
10091758747938,Alterco,Bateria Interna (P) 7.6V para Asus X554L X555L X555LA X555LB X555LD X555LN X555LP X555UA C21N1347,Batería,Asus X554L | Asus X555L | Asus X555LA | Asus X555LB | Asus X555LD | Asus X555LN | Asus X555LP | Asus X555UA,EKUX555,290
10091758682402,Alterco,Bateria Interna Li-ion 14.4V para  Asus X451 X551 Series,Batería,Asus X451 | Asus X551,EKUX551,190
10091758649634,Alterco,Bateria Interna Li-ion 11.1V para ASUS VivoBook X441SA X441SC X441UA X541U R541UA X541S A31N1537 A31N1601,Batería,ASUS VivoBook X441SA | ASUS VivoBook X441SC | ASUS VivoBook X441UA | ASUS VivoBook X541U | ASUS VivoBook R541UA | ASUS VivoBook X541S | A31N1537 | A31N1601,EKUX541,175
10091758616866,Alterco,"Bateria Interna Li-ion 11.1V para Asus X540 Series, Asus X540LA X540LJ X540SA Series, Asus X540SC X540YA Series, Asus",Batería,Asus X540 Series | Asus X540LA | Asus X540LJ | Asus X540SA Series | Asus X540SC | Asus X540YA Series,EKUX540,180
10091758584098,Alterco,Bateria Li-ion 14.8V para ASUS A41-X550 A41-X550A A450 P550 F550 F552 K450 k550 R510 X450 X550,Batería,ASUS A41-X550 | ASUS A41-X550A | ASUS A450 | ASUS P550 | ASUS F550 | ASUS F552 | ASUS K450 | ASUS k550 | ASUS R510 | ASUS X450 | ASUS X550,EKUX450,190
10091758551330,Alterco,"Bateria Interna Li-ion 11.1V para Asus X441UA X441UV X441SA X441SC Serie, ASUS A31N1537",Batería,Asus X441UA | Asus X441UV | Asus X441SA | Asus X441SC | ASUS A31N1537,EKUX441,180
10091758518562,Alterco,Bateria 7.6V 32Wh/4050mAh para ASUS VivoBook 14 F412DA X412FJ F412FJ A412FA F412FA F412UA X412FA X412FL X412UA X412UB,Batería,F412DA | X412FJ | F412FJ | A412FA | F412FA | F412UA | X412FA | X412FL | X412UA | X412UB,EKUX412,275
10091758485794,Alterco,Bateria 11.4V para Asus C21-X401 C31X402 AR5B225 0B110-00210000 X40PW91 S300CA-RS91T S300E-C1003H S400CA-BSI3T12 C31-,Batería,Asus C21-X401 | Asus C31X402 | AR5B225 | X40PW91 | S300CA-RS91T | S300E-C1003H | S400CA-BSI3T12,EKUX402,315
10091758453026,Alterco,"Bateria Li-ion 10.8V para Asus A32-X401 X401A X401U, A31-X401 A41-X401 A42-X401, F301 F401 F501 S301 S401 S501 X301 X",Batería,A32-X401 | X401A | X401U | A31-X401 | A41-X401 | A42-X401 | F301 | F401 | F501 | S301 | S401 | S501 | X301,EKUX401,250
10091758420258,Alterco,Bateria 11.4V  para ASUS ZenBook UX305 UX305F UX305FA UX305C UX305CA U305 U305F U305FA U305UA U305CA U305LA Series C3,Batería,ZenBook UX305 | ZenBook UX305F | ZenBook UX305FA | ZenBook UX305C | ZenBook UX305CA | U305 | U305F | U305FA | U305UA | U305CA | U305LA,EKUX305,355
10091758387490,Alterco,Bateria Interna 11.25V 2200mAh para ASUS Vivobook X200CA X200M X200MA F200CA A31N1302,Batería,ASUS Vivobook X200CA | ASUS Vivobook X200M | ASUS Vivobook X200MA | ASUS F200CA,EKUX200,165
10091758354722,Alterco,Bateria Interna 3 Celdas para ASUS VivoBook X102B F102B VivoBook F102BA F200CA X102B X102BA X102BA-BH41T Series A31N,Batería,ASUS VivoBook X102B | ASUS VivoBook F102B | ASUS VivoBook F102BA | ASUS VivoBook F200CA | X102B | X102BA | X102BA-BH41T | A31N,EKUX102B,255
10091758321954,Alterco,Bateria 11.4V 48WH/4100MAH para ASUS TP500L TP500LA TP500LB TP500LN Series B31N134,Batería,ASUS TP500L | ASUS TP500LA | ASUS TP500LB | ASUS TP500LN,EKUTP500,630
10091758256418,Alterco,Bateria 7.5V 38Wh/4900mAhh para ASUS VivoBook S451 S451L S451LA S451LB S451LN V451 V451L Series C21N1335,Batería,ASUS VivoBook S451 | ASUS VivoBook S451L | ASUS VivoBook S451LA | ASUS VivoBook S451LB | ASUS VivoBook S451LN | ASUS VivoBook V451 | ASUS VivoBook V451L | C21N1335,EKUS451,300
10091758223650,Alterco,Bateria 6 Celdas para Asus N46 N46Ei N46V N46Vb N46Vj N46Vm N46Vz N56 A31-N56 A32-N56 A33-N56,Batería,Asus N46 | Asus N46Ei | Asus N46V | Asus N46Vb | Asus N46Vj | Asus N46Vm | Asus N46Vz | Asus N56 | Asus A31-N56 | Asus A32-N56 | Asus A33-N56,EKUN56,230
10091758125346,Alterco,Bateria 15V 4000mAh/59WH para ASUS N550 N550JA N550JV N550J N550X47JV N550X47JV-SL N550JK Q550L Q550LF G550 G550JK C4,Batería,ASUS N550 | ASUS N550JA | ASUS N550JV | ASUS N550J | ASUS N550X47JV | ASUS N550X47JV-SL | ASUS N550JK | ASUS Q550L | ASUS Q550LF | ASUS G550 | ASUS G550JK | ASUS C4,EKUN550,415
10091758092578,Alterco,Bateria 6 Celdas para Asus N61v G50 G51 G60 N43 N53 X55 X57 M50 A32-M50 N53S,Batería,Asus N61v | Asus G50 | Asus G51 | Asus G60 | Asus N43 | Asus N53 | Asus X55 | Asus X57 | Asus M50 | Asus A32-M50 | Asus N53S,EKUN53S,245
10091758059810,Alterco,Bateria 4 Celdas para Asus Ultrabook A46 A56 K46 A41-K56 A32-K56 A41-K56 A42-K56,Batería,Asus A46 | Asus A56 | Asus K46 | Asus A41-K56 | Asus A32-K56 | Asus A42-K56,EKUK56,205
10091757961506,Alterco,Bateria 6 Celdas para Asus K52 K42 K62 A52 A31 A32 A41 A42 A31-K52 / A32-K52 / A41-K52 / A42-K52,Batería,Asus K52 | Asus K42 | Asus K62 | Asus A52 | Asus A31 | Asus A32 | Asus A41 | Asus A42 | Asus A31-K52 | Asus A32-K52 | Asus A41-K52 | Asus A42-K52,EKUK52,270
10091757928738,Alterco,Bateria 15.2V 64W/4240mAh para ASUS ROG Strix GL502 GL502V GL502VT FX60VM FX502VM B41N1526,Batería,ASUS ROG Strix GL502 | ASUS ROG Strix GL502V | ASUS ROG Strix GL502VT | ASUS ROG Strix FX60VM | ASUS ROG Strix FX502VM,EKUGL502,405
10091757895970,Alterco,Batería Interna 8 Celdas para ASUS ROG GFX71JY G751 G751J G751JM GFX71 GFX71JT Series A42N1403,Batería,ASUS ROG GFX71JY | ASUS ROG G751 | ASUS ROG G751J | ASUS ROG G751JM | ASUS ROG GFX71 | ASUS ROG GFX71JT Series,EKUG751,325
10091757863202,Alterco,Bateria 7.6V 37Wh para ASUS X455LA X455LA-WX058D Series C21N1417,Batería,ASUS X455LA | ASUS X455LA-WX058D,EKUG750,275
10091757830434,Alterco,"Bateria 8 Celdas para Asus A42-G75 G75, G75V, G75VM, G75VW, G75V3D, G75M3D, G75VW3D",Batería,A42-G75 | G75 | G75V | G75VM | G75VW | G75V3D | G75M3D | G75VW3D,EKUG75,305
10091757797666,Alterco,Bateria 14.4V/4400mAh/63Wh para ASUS G74SX G74S G74JH G74SW G74 G74J LC42SD128 A42-G74,Batería,ASUS G74SX | ASUS G74S | ASUS G74JH | ASUS G74SW | ASUS G74 | ASUS G74J | A42-G74,EKUG74,375
10091757764898,Alterco,Bateria 14.8V 4400mAh/65Wh para ASUS Asus G73Jw G73SW G73SW G53 G53JQ G53Jw G53SW G53Sx A43-G73 A42-G73,Batería,G73Jw | G73SW | G53 | G53JQ | G53Jw | G53SW | G53Sx | A43-G73 | A42-G73,EKUG73,305
10091757732130,Alterco,"Bateria 7.6V 38Wh para Asus Notebook A Series: A556 A556U, Asus Notebook X Series: X556UA",Batería,Asus A556 | Asus A556U | Asus X556UA,EKUC21N1509,290
10091757699362,Alterco,Bateria 7.6V 37Wh para ASUS X455LA X455LA-WX058D Series C21N1401,Batería,ASUS X455LA | ASUS X455LA-WX058D,EKUC21N1401,300
10091757601058,Alterco,Bateria 14.8V 45wh para ASUS VivoBook Flip 14 TP410 TP410U TP410UA TP410UF TP410UR TP410UAR B31N1705,Batería,TP410 | TP410U | TP410UA | TP410UF | TP410UR | TP410UAR,EKUB31N1705,365
10091757568290,Alterco,Bateria 7.6V 38Wh para ASUS Vivobook FL5900U R542UR A542U R542UR-GQ378T FL5900L A580UR FL8000U Series C21N1634,Batería,FL5900U | R542UR | A542U | R542UR-GQ378T | FL5900L | A580UR | FL8000U,EKUA542,295
10091757535522,Alterco,Bateria 10.8V 5200mAh para ASUS A53 K53 K54 K84 K93 N53 A31-K53 A32-K53 A41-K53 A42-K53 A43EI241SV-SL,Batería,ASUS A53 | ASUS K53 | ASUS K54 | ASUS K84 | ASUS K93 | ASUS N53 | ASUS A31-K53 | ASUS A32-K53 | ASUS A41-K53 | ASUS A42-K53 | ASUS A43EI241SV-SL,EKUA53,225
10091757502754,Alterco,Bateria 7.6V 38Wh/4840mAh para ASUS A456U X456U F456U K456U R457U X456UQ-3F X456UA-1B Series C21N1508,Batería,ASUS A456U | ASUS X456U | ASUS F456U | ASUS K456U | ASUS R457U | ASUS X456UQ-3F | ASUS X456UA-1B,EKUA456,305
10091757469986,Alterco,Bateria 10.8V para Asus U33 U33J U42 U42J U43 U43F U43S U52 U52J U53 U53F U53SD A31-U53 A32-U53 A41-U53,Batería,Asus U33 | Asus U33J | Asus U42 | Asus U42J | Asus U43 | Asus U43F | Asus U43S | Asus U52 | Asus U52J | Asus U53 | Asus U53F | Asus U53SD | A31-U53 | A32-U53 | A41-U53,EKUA42,395
10091757437218,Alterco,Bateria 3 Celdas para Asus X407MA X407UF X407UA X407UB R507UB X507UB X507UF R507UA X507MA X507UA X507LA X507MA X5,Batería,Asus X407MA | Asus X407UF | Asus X407UA | Asus X407UB | Asus R507UB | Asus X507UB | Asus X507UF | Asus R507UA | Asus X507MA | Asus X507UA | Asus X507LA | Asus X5,EKUA31N1719,175
10091757404450,Alterco,"Bateria 10.8V 4400mAhpara ASUS A31-1025, A32-1025",Batería,ASUS A31-1025 | ASUS A32-1025,EKUA31,325
10091757371682,Alterco,Bateria 11.4V para Asus U56 U46 U46E U46J U46JC U46S U56E U56J U56S U56JC U56SV U56e-bbl6 A42-U46,Batería,Asus U56 | Asus U46 | Asus U46E | Asus U46J | Asus U46JC | Asus U46S | Asus U56E | Asus U56J | Asus U56S | Asus U56JC | Asus U56SV | Asus U56e-bbl6 | Asus A42-U46,EKU56,300
10091757306146,Alterco,Bateria Li-ion 10.8V para ASUS A32-K55 A33-K55 A41-K55 SERIES,Batería,ASUS A32-K55 | ASUS A33-K55 | ASUS A41-K55,EKU550,230
10091757273378,Alterco,"Bateria Li-ion 10.8V para ASUS A43, A53, K43, K53 SERIES",Batería Li-ion,ASUS A43 | ASUS A53 | ASUS K43 | ASUS K53,EKU530,230
10091757240610,Alterco,Beteria 6 Celdas de Reemplazo para ASUS Eee PC 1015 / A31-1015,Batería,ASUS Eee PC 1015 | A31-1015,EKU1015,245
10091757207842,Alterco,"Bateria Li-ion 11.1V para Aspire V5-171, One 725 Series",Batería,Aspire V5-171 | One 725 Series,EKRA725,230
10091757175074,Alterco,Bateria  para Apple MacBook Pro 13'' Model A1708 Late 2016 Mid 2017 11.41v / 58.19wh,Batería,"MacBook Pro 13'' A1708 (Late 2016, Mid 2017)",EKA1713,625
10091757142306,Alterco,"Bateria  6 celdas para Apple Macbook Air 13.3"" 7.6V / 60WH",Batería,"Apple Macbook Air 13.3""",EKA1496,565
10091757109538,Alterco,Bateria  6 celdas para Apple MacBook Air 11 (2013) 7.6V / 39WH,Batería,Apple MacBook Air 11 (2013),EKA1495,680
10091757076770,Alterco,Bateria  6 celdas para Apple Macbook Pro Retina 15'' (Late 2013) 11.26V / 98WH,Batería,Apple MacBook Pro Retina 15'' (Late 2013),EKA1494,880
10091757011234,Alterco,"Bateria  6 celdas para Apple  MacBook Pro 13"" Late 2013 Retina 11.34V /79.4WH",Batería,"MacBook Pro 13"" Late 2013 Retina",EKA1493,905
10091756978466,Alterco,"Bateria  6 celdas para Apple MacBook Pro 15"" 2012 2013 Retina 11.26V / 98WH",Batería,"MacBook Pro 15"" Retina (2012-2013)",EKA1417,1095
10091756945698,Alterco,"Bateria  6 celdas para Apple MacBook pro 13"" (2009) 10.95V / 74WH",Batería,"Apple MacBook Pro 13"" (2009)",EKA1322,630
10091756912930,Alterco,"Bateria  6 celdas para Apple MacBook pro 15"" (2009) 10.95V / 85WH",Batería,"MacBook Pro 15"" (2009)",EKA1321,765
10091756847394,Alterco,"Bateria Interna (P) 15.2v para Acer Aspire ES1-511 V3-111 V3-371 V5-132 E5-771G AC14B8K , AC14B3K",Batería interna,Acer Aspire ES1-511 | Acer Aspire V3-111 | Acer Aspire V3-371 | Acer Aspire V5-132 | Acer Aspire E5-771G,EKRV3-111,370
10091756814626,Alterco,Bateria de 3 Celdas Aspire S Ultrabook Series,Batería,Aspire S Ultrabook Series,EKRS3B,370
10091756749090,Alterco,"Bateria Interna 4 Celdas para Acer Aspire Aspire S3 Series Ultrabook S3-391 , S3-951 , AP11D3F , AP11D4F",Batería,Acer Aspire S3-391 | Acer Aspire S3-951,EKRS3-391,370
10091756716322,Alterco,Bateria Interna (P) 14.8v para Acer Aspire E5-422 E5-573 E5-573T E5-522 E722 AL15A32 AL15A32 (4ICR17/65),Batería,Acer Aspire E5-422 | Acer Aspire E5-573 | Acer Aspire E5-573T | Acer Aspire E5-522 | Acer Aspire E722,EKRE5422,225
10091756683554,Alterco,"Bateria Interna (P) 11.4V para Acer Aspire E3-111, E3-112, E3-112M, E3-721, E5-771, E5-771G, ES1-311, ES1-511, ES1-",Batería,Acer Aspire E3-111 | Acer Aspire E3-112 | Acer Aspire E3-112M | Acer Aspire E3-721 | Acer Aspire E5-771 | Acer Aspire E5-771G | Acer ES1-311 | Acer ES1-511,EKRE3-112,315
10091756650786,Alterco,Bateria de Li-ion 10.8V para Acer AS09A41,Batería,Acer AS09A41,EKRD525,240
10091756618018,Alterco,Bateria de Li-ion 11.1V para Acer One D257,Batería,Acer One D257,EKRD255,225
10091756585250,Alterco,Bateria Interna (P) 7.7V para Acer Aspire A114-31 A314-31 A315-21 A315-51 A515-51 ES1-523 Series AP16M5J,Batería,Acer Aspire A114-31 | Acer Aspire A314-31 | Acer Aspire A315-21 | Acer Aspire A315-51 | Acer Aspire A515-51 | ES1-523 Series,EKRAP16M5J,300
10091756519714,Alterco,Bateria Interna 11.4V para Acer Aspire V5-122P V5-132 E3-111 E3-112 ES1-111M AC13C34,Batería,Acer Aspire V5-122P | Acer Aspire V5-132 | Acer Aspire E3-111 | Acer Aspire E3-112 | Acer Aspire ES1-111M,EKRAC13C34,270
10091756486946,Alterco,Bateria Li-ion 11.1V para Acer Aspire 5920 / 6920 / 8920,Batería,Acer Aspire 5920 | Acer Aspire 6920 | Acer Aspire 8920,EKR5920,225
10091756421410,Alterco,"Bateria 10.8V/4400mA para ACER Extensa 5630Z, Extensa 5630ZG, Extensa 7120, Extensa 7420, Extensa 7620Z, TravelMate 5",Batería,ACER Extensa 5630Z | Extensa 5630ZG | Extensa 7120 | Extensa 7420 | Extensa 7620Z | TravelMate 5,EKR5630,370
10091756388642,Alterco,"Bateria Interna (P) 14.8V para Acer V5-572, V5-572P, V5-573 ES1-511 ES1-512, R7-572 (AP13B3K  / AP13B8K)",Batería,Acer V5-572 | Acer V5-572P | Acer V5-573 | Acer ES1-511 | Acer ES1-512 | Acer R7-572,EKR5572,355
10091756355874,Alterco,Bateria 6 Celdas para  Acer Aspire 3680 / 3050 / 5050,Batería,Acer Aspire 3680 | Acer Aspire 3050 | Acer Aspire 5050,EKR5500,225
10091756323106,Alterco,Bateria 6 Celdas para Aspire ONE 532H,Batería,Aspire One 532H,EKR5325,295
10091756257570,Alterco,"Bateria Li-ion 14.8V para Acer Aspire V5, V5-431 V5-531",Batería,Acer Aspire V5 | Acer Aspire V5-431 | Acer Aspire V5-531,EKR5007,190
10091756192034,Alterco,Bateria de 6 Celdas para Acer TimeLinex 4820T,Batería,Acer TimeLinex 4820T,EKR4820,300
10091756159266,Alterco,Bateria Li-ion 11.1V para Acer Aspire 4710 / 4720 / 4920,Batería,Acer Aspire 4710 | Acer Aspire 4720 | Acer Aspire 4920,EKR4710,255
10091756126498,Alterco,Bateria de Li-ion 10.8V para Acer AS5742,Batería,Acer AS5742,EKR4551,230
10091756093730,Alterco,Bateria de Li-ion 14.4V para Acer Aspire E15 E5-475G 523G 553G 573G 575G 774G E5-575 E5-575-59QB Series AS16A5K,Batería,Acer Aspire E15 | Acer Aspire E5-475G | Acer Aspire E5-523G | Acer Aspire E5-553G | Acer Aspire E5-573G | Acer Aspire E5-575G | Acer Aspire 774G | Acer Aspire E5-575 | Acer Aspire E5-575-59QB,EKR16A5K,195
10091756060962,Alterco,Bateria Li-ion 11.1V para ACER Aspire E14 / Aspire E15,Batería,Acer Aspire E14 | Acer Aspire E15,EKR1432,230
10091755995426,Alterco,Bateria 9 Celdas para Acer Aspire One A150 / A110,Batería,Acer Aspire One A150 | Acer Aspire One A110,EKR101,355
10091755962658,Alterco,Bateria 6 Celdas para Acer Aspire One A110L / A150L NEGRO,Batería,Acer Aspire One A110L | Acer Aspire One A150L,EKR0074,240
10091755929890,Alterco,Bateria 3 Celdas para Acer ONE  A110L/ A150L NEGRO,Batería,Acer One A110L | Acer One A150L,EKR0073,165
10091755897122,Alterco,Bateria 11.4V para MSI BTY-S11 U90 U100 U110 U120 U200 U210 X110 BTY-S12,Batería,U90 | U100 | U110 | U120 | U200 | U210 | X110,EKMSIS11,240
10091755864354,Alterco,Bateria 10.86V para MSI GE62 GE72 GP62 PE60 PE70 BTY-M6H,Batería,MSI GE62 | MSI GE72 | MSI GP62 | MSI PE60 | MSI PE70 | BTY-M6H,EKMM6H,265
10091755798818,Alterco,"Bateria 11.1V para MSI GS70 Series GS70 2PE-026CN, GS70 2QE-084CN; MSI GS70 MS-1771 MS-1772 MS-1774; MSI GS72 Series B",Batería,MSI GS70 Series | GS70 2PE-026CN | GS70 2QE-084CN | MSI GS70 MS-1771 | MSI GS70 MS-1772 | MSI GS70 MS-1774 | MSI GS72 Series,EKML76,800
10091755766050,Alterco,Bateria 11.1V para Medion MD98930 MD99050 MD99090 Akoya P7621 MD97744 MD97886 Akoya E7221 Akoya P7815 A42-A15 A32-A,Batería,Medion MD98930 | MD99050 | MD99090 | Akoya P7621 | MD97744 | MD97886 | Akoya E7221 | Akoya P7815 | A42-A15 | A32-A,EKMD98930,330
10091755733282,Alterco,CABLE CONNECTOR PARA PANTALLAS LCD LED DE 40 PINES,Cable Flex,No especificado,LCDFLAT,50
10091755667746,Alterco,Bateria de Reemplazo para iPhone X Phone X 5.8'' 3.8V / 2716mAh,Batería,iPhone X,BAT-X,130
10091755634978,Alterco,Bateria de Reemplazo 2750mAh 3.82V para iPhone 6S PLUS,Batería,iPhone 6S Plus,BAT-IPH6SP,115
10091755602210,Alterco,Bateria de Reemplazo 1715mAh 3.8V para iPhone 6S,Batería,iPhone 6S,BAT-IPH6S,90
10091755536674,Alterco,Bateria de Reemplazo 2915mAh 3.82V para iPhone 6 PLUS,Batería,iPhone 6 Plus,BAT-IPH6P,100
10091755503906,Alterco,Bateria de Reemplazo para Phone 12 / 12 Pro (3.83V / 2815mAh),Batería,iPhone 12 | iPhone 12 Pro,BAT-IPH12,155
10091755471138,Alterco,Bateria de Reemplazo para iPhone 8 Plus,Batería,iPhone 8 Plus,BAT-8P,100
10091755438370,Alterco,Adaptador de Corriente USB-C 65W 20V/3.25A (Type C) * CON PD,Adaptador de Corriente USB-C,Compatibilidad universal USB-C PD,USBC-65WB,190
10091755405602,Alterco,Adaptador de Corriente TIPO C 90W 20V/4.5A (Type C) con PD Compatible DELL,Cargador USB-C,Dell,EKC-D90W,155
10091755372834,Alterco,Adaptador de Corriente TIPO C 130W 20V/6.5A (Type C) con PD,Cargador USB-C PD,Dispositivos con USB-C PD que acepten 20 V / 6.5 A (130 W),EKC-D130W,220
10091755340066,Alterco,Adaptador de Corriente TIPO C 90W 20V/4.5A (Type C) con PD,Cargador USB-C PD,Dispositivos con USB-C PD de 90W,EKC-90W,140
10091755307298,Alterco,Adaptador de Corriente TIPO C de 65W 20V/3.25A (Type C) con PD,Cargador USB-C,No especificado,EKC-65W,120
10091755274530,Alterco,Adaptador de Corriente 12v 3.6a (Plug Magnetico 2.7x3.5mm) Surface Pro 1 Y Pro 2 Marca EKO,Adaptador de Corriente,Surface Pro 1 | Surface Pro 2,EK-SP1,175
10091755241762,Alterco,Adaptador de Corriente 90W 19.5V-4.74A (6.0*4.4) Modelo AF09 Marca EKO,Adaptador de Corriente,No especificado en el nombre,EK-S9,120
10091755208994,Alterco,Adaptador de Corriente 90W 15V-6A (6.3*3.0) Marca EKO,Adaptador de Corriente,No especificado,EK-S8,100
10091755176226,Alterco,Adaptador de Corriente 90W 20V-4.5A (7.7*5.5) Marca EKO,Adaptador de Corriente,No especificado,EK-S7,120
10091755143458,Alterco,Adaptador de Corriente 40W 19V 2.15A (5.5*1.7) Modelo AF04 Marca EKO,Adaptador de Corriente,Ninguno,EK-S6,90
10091755110690,Alterco,Adaptador de Corriente 90W 19V-4.74A (5.5*1.7) Marca EKO *HAE,Adaptador de Corriente,HAE,EK-S5-90W,105
10091755077922,Alterco,Adaptador de Corriente 135W 19V 7.1A (5.5*1.7) Marca EKO,Adaptador de Corriente,"Dispositivos con entrada 19V y conector 5.5*1.7 mm, 7.1A máximo",EK-S5-135W,255
10091755045154,Alterco,Adaptador de Corriente 90W 19V-4.74A (7.4*5.0) Marca EKO,Adaptador de Corriente,No especificado,EK-S3-90W,115
10091755012386,Alterco,Adaptador de Corriente 65W 18.5V-3.5A (7.4*5.0) Modelo AF06 / PPP009L Marca EKO,Adaptador de Corriente,AF06 | PPP009L,EK-S3,105
10091754979618,Alterco,Adaptador de Corriente 65W 19V-3.33A (4.8*1.7mm BULLET) Marca EKO,Adaptador de Corriente,No especificado,EK-S10,95
10091754946850,Alterco,Adaptador de Corriente 90W 19V-4.74A (5.5*2.5) Marca EKO,Adaptador de Corriente,Genérico 19V 5.5x2.5 mm,EK-S1-90W,115
10091754914082,Alterco,Adaptador de Corriente 65W 19V-3.42A (5.5*2.5) Modelo AF06 Marca EKO,Adaptador de Corriente,AF06,EK-S1,100
10091754881314,Alterco,Adaptador de Corriente 65W 18.5V-3.5A (4.8*1.7) Modelo AF06 Marca EKO,Adaptador de Corriente,AF06,EK-S0,100
10091754848546,Alterco,Adaptador de Corriente 65W 19V-3.42A (3.0*1.1) Marca EKO,Adaptador de Corriente,No especificado en el nombre,EK-L9,100
10091754783010,Alterco,Adaptador de Corriente 90W 20V 4.5A (5.5*2.5 punta café) PARA LENOVO Marca EKO,Adaptador de Corriente,Lenovo,EK-L8,115
10091754750242,Alterco,Adaptador de Corriente 65W 20V / 3.25A (LENOVO CUADRADA)  Marca EKO,Adaptador de Corriente,Lenovo (conector cuadrado),EK-L7-65W,115
10091754717474,Alterco,Adaptador de Corriente 45W 20V / 2.25A (LENOVO CUADRADA)  Marca EKO,Adaptador de Corriente,LENOVO,EK-L7-45W,105
10091754651938,Alterco,Adaptador de Corriente 135W 20V / 6.75A (LENOVO CUADRADA)  Marca EKO,Adaptador de corriente,LENOVO CUADRADA,EK-L7-135W,275
10091754619170,Alterco,Adaptador de Corriente 40W 19V 2.1A (3.0*1.1) Marca EKO,Adaptador de Corriente,No especificado,EK-L5,95
10091754586402,Alterco,Adaptador de Corriente 45W 19.5V 2.31A (4.5*3.0) DELL Marca EKO,Adaptador de Corriente,DELL,EK-L4D,105
10091754553634,Alterco,Adaptador de Corriente 65W 19.5V/3.33A (4.5*3.0) Marca EKO,Adaptador de Corriente,Dispositivos con entrada 19.5V/3.33A y con conector 4.5×3.0 mm,EK-L4-65W,100
10091754520866,Alterco,Adaptador de Corriente 150W 19.5V / 7.7A (4.5*3.0) Marca EKO,Adaptador de Corriente,Modelos con conector 4.5x3.0 mm y salida 19.5V/7.7A,EK-L4-150W,650
10091754488098,Alterco,Adaptador de Corriente 90W 19V 4.74A (5.5*3.0) Modelo AF09 Marca EKO,Adaptador de Corriente,AF09,EK-L3,115
10091754455330,Alterco,Adaptador de Corriente 40W 19V-2.1A (2.5*0.7) Modelo AF04 Marca EKO,Adaptador de Corriente,AF04,EK-L2,95
10091754389794,Alterco,Adaptador de Corriente 40W 19V/2.1A (5.5*3.0) Marca EKO,Adaptador de Corriente,Genéricos: dispositivos con conector 5.5*3.0 mm y entrada 19V,EK-L0,120
10091754357026,Alterco,Adaptador de Corriente 40W 20V/2A (LENOVO CUADRADA) Marca EKO,Adaptador de Corriente,Lenovo,EK-G9,140
10091754324258,Alterco,Adaptador de Corriente 40W 20V/2.25A (4.0*1.7) CUADRADO Marca EKO,Adaptador de Corriente,No especificado,EK-G8C,130
10091754291490,Alterco,Adaptador de Corriente 40W 19V 2.1A (5.5*2.5) Modelo AF04 Marca EKO,Adaptador de Corriente,AF04,EK-G6,95
10091754225954,Alterco,Adaptador de Corriente 33W 19V-1.75A (4.0*1.35) Marca EKO,Adaptador de Corriente,No especificado,EK-G5,95
10091754193186,Alterco,Adaptador de Corriente 40W 19V-2.1A (4.0*1.7) Modelo AF04 Marca EKO,Adaptador de Corriente,AF04,EK-G4,95
10091754127650,Alterco,Adaptador de Corriente 65W 16V-4.0A (6.0*4.0) Sony 65W Marca EKO *HAE,Adaptador de Corriente,Sony,EK-G3,75
10091754062114,Alterco,Adaptador de Corriente 65W 19V-3.42A (4.0*1.35) Marca EKO,Adaptador de Corriente,No especificados en el nombre,EK-G10,105
10091753996578,Alterco,Adaptador de Corriente de Reemplazo para Lenovo All in One 120W 19V 6.3A (5.5*2.5),Adaptador de Corriente,Lenovo All in One,AIO-L120W,255
10091753963810,Alterco,Adaptador de Corriente de Reemplazo para HP All in One 120W 18.5V 6.5A (7.4*5.0),Adaptador de Corriente,HP All in One,AIO-H120W,255
10091753931042,Alterco,Adaptador de Corriente de Reemplazo para DELL All in One 150W 19.5V 7.7A (7.4*5.0),Adaptador de Corriente,DELL All in One,AIO-D150W,745
10091753898274,Alterco,Adaptador de Corriente de Reemplazo para DELL All in One 130W 19.5V 6.7A (7.4*5.0),Adaptador de Corriente,DELL All in One,AIO-D130W,275
10091672895778,FixOEM:Refaccion Celular,Flex Volumen Zte A55,Cable Flex,ZTE A55,4977,50
10091672863010,FixOEM:Refaccion Celular,Flex volumen Vivo X50 V2001,Cable Flex,Vivo X50,4976,50
10091672830242,FixOEM:Refaccion Celular,Flex volumen Samsung A16 A165,Flex de volumen,Samsung A16,4974,50
10091672797474,FixOEM:Refaccion Celular,Flex Volumen Samsung A12 A125,Cable Flex,Samsung A12,4973,50
10091672764706,FixOEM:Refaccion Celular,Flex Volumen Realme 9I Rmx3491,Cable Flex,Realme 9I,4972,50
10091672699170,FixOEM:Refaccion Celular,Flex Volumen Oppo Reno 7 Cph2363,Cable Flex,Oppo Reno 7,4971,50
10091672666402,FixOEM:Refaccion Celular,Flex Interconexion Zte Blade A52 Z6356t,Cable Flex,ZTE Blade A52,4970,70
10091672633634,FixOEM:Refaccion Celular,Flex Interconexion Xiaomi Redmi Note 9S M2003j6a1g,Tapa Trasera,Xiaomi Redmi Note 9S,4969,50
10091672568098,FixOEM:Refaccion Celular,Flex Interconexion Xiaomi 14 23127Pn0cg,Cable Flex,Xiaomi 14,4967,70
10091672535330,FixOEM:Refaccion Celular,Flex Interconexion Samsung S24 Ultra S928,Flex Interconexión,Samsung S24 Ultra,4966,50
10091672502562,FixOEM:Refaccion Celular,Flex Interconexion Samsung S21 Fe G990,Cable Flex,Samsung Galaxy S21 FE,4965,50
10091672437026,FixOEM:Refaccion Celular,Flex Interconexion Samsung A73 A736,Cable Flex,Samsung Galaxy A73,4964,50
10091672240418,FixOEM:Refaccion Celular,Flex Interconexion Samsung A17 A176,Flex de interconexión,Samsung A17,4963,50
10091672076578,FixOEM:Refaccion Celular,Flex Interconexion Realme 14 Pro 5G Rmx5056,Cable Flex,Realme 14 Pro 5G,4962,50
10091672043810,FixOEM:Refaccion Celular,Flex Interconexion Oppo Reno 14F Cph2743,Cable Flex,Oppo Reno 14F,4961,65
10091672011042,FixOEM:Refaccion Celular,Flex Interconexion Oppo A57 4G Cph2387 / A57 5G Cph2389,Cable Flex,Oppo A57 4G | Oppo A57 5G,4960,50
10091671978274,FixOEM:Refaccion Celular,Flex Interconexion Oppo A38 Cph2579,Flex Interconexión,Oppo A38,4959,50
10091671945506,FixOEM:Refaccion Celular,Flex Interconexion Moto Razr 50 Xt2453-1,Cable Flex,Moto Razr 50,4958,495
10091671912738,FixOEM:Refaccion Celular,Flex Interconexion Moto G55 Xt2435-1,Cable Flex,Moto G55,4957,50
10091671879970,FixOEM:Refaccion Celular,Flex Interconexion Moto G100 Xt2125-4,Cable Flex,Moto G100,4956,50
10091671847202,FixOEM:Refaccion Celular,Flex Interconexion Huawei Nova 9 Se Jln-lx1,Tapa Trasera,Huawei Nova 9 Se,4955,50
10091671781666,FixOEM:Refaccion Celular,Flex Huella Xiaomi Redmi Note 7 M1901f7g,Cable Flex,Xiaomi Redmi Note 7,4951,100
10091671748898,FixOEM:Refaccion Celular,Flex Huella Vivo Y35 V2205,Cable Flex,Vivo Y35,4950,105
10091671683362,FixOEM:Refaccion Celular,Flex Huella Samsung A54 A546,Cable Flex,Samsung Galaxy A54,4949,55
10091671617826,FixOEM:Refaccion Celular,Flex Huella Realme 9I Rmx3491,Flex,Realme 9i,4948,105
10091671519522,FixOEM:Refaccion Celular,Flex Huella Moto G84 Xt2347-1,Cable Flex,Moto G84,4947,130
10091671453986,FixOEM:Refaccion Celular,Flex Huella Moto G35 Xt2433-5,Cable Flex,Moto G35,4946,140
10091671126306,FixOEM:Refaccion Celular,Flex Huella Honor X5B Plus Gfy-Lx3,Cable Flex,Honor X5B Plus,4945,105
10091670634786,FixOEM:Refaccion Celular,Flex Encendido Zte V40 Pro 9046,Cable Flex,ZTE V40 Pro,4944,50
10091670405410,FixOEM:Refaccion Celular,Flex Encendido Zte Blade A51 P963f60,Cable Flex,Zte Blade A51,4943,50
10091670241570,FixOEM:Refaccion Celular,Flex Encendido Zte Axon 50 5G 9050,Cable Flex,ZTE Axon 50 5G,4942,50
10091670077730,FixOEM:Refaccion Celular,Flex Encendido Xiaomi Redmi A5 25028Rn03l,Cable Flex,Xiaomi Redmi A5,4941,50
10091669881122,FixOEM:Refaccion Celular,Flex Encendido Xiaomi Poco X6 Pro 2311Drk48g,Cable Flex,Poco X6 Pro,4940,50
10091669750050,FixOEM:Refaccion Celular,Flex Encendido Vivo Y17S V2310,Cable Flex,Vivo Y17S,4939,50
10091669586210,FixOEM:Refaccion Celular,Flex Encendido Samsung Note 20 N980f,Cable Flex,Samsung Galaxy Note 20,4938,50
10091669422370,FixOEM:Refaccion Celular,Flex Encendido Samsung A16 A165,Flex de encendido,Samsung Galaxy A16,4937,50
10091669225762,FixOEM:Refaccion Celular,Flex Encendido Realme C61 Rmx3930,Cable Flex,Realme C61,4936,50
10091669061922,FixOEM:Refaccion Celular,Flex Encendido Oppo Reno 5Z Cph221,Cable Flex,Oppo Reno 5Z,4935,50
10091668865314,FixOEM:Refaccion Celular,Flex Encendido Oppo Reno 10 Lite,Cable Flex,Oppo Reno 10 Lite,4934,50
10091668668706,FixOEM:Refaccion Celular,Flex Encendido Moto Edge 30 Pro Xt2201-1,Cable Flex,Moto Edge 30 Pro,4933,50
10091668504866,FixOEM:Refaccion Celular,Flex Antena Samsung Z Fold 5 F956,Cable Flex,Samsung Galaxy Z Fold 5,4932,170
10091089461538,FixOEM:Refaccion Celular,Tapa Trasera Google Fold 2023 G9fpl,Tapa Trasera,Google Fold 2023,4931,515
10091089428770,FixOEM:Refaccion Celular,Tapa Trasera Samsung A07 A075 Azul,Tapa Trasera,Samsung A07,4930,70
10091089363234,FixOEM:Refaccion Celular,Tapa Trasera Samsung A07 A075  Blanco,Tapa Trasera,Samsung A07,4929,70
10091089330466,FixOEM:Refaccion Celular,Tapa Trasera Oppo A58 Cph2577 Verde,Tapa Trasera,Oppo A58,4928,85
10091089297698,FixOEM:Refaccion Celular,Tapa Trasera Iphone 17 Pro Max A3525 Azul,Tapa Trasera,iPhone 17 Pro Max,4927,115
10091089232162,FixOEM:Refaccion Celular,Tapa Trasera Honor Magic 7 Lite Brp-nx3 Morado,Tapa Trasera,Honor Magic 7 Lite,4926,115
10091089166626,FixOEM:Refaccion Celular,Tapa Trasera Honor 400 Dny-nx9 Negro,Tapa Trasera,Honor 400,4925,135
10091089133858,FixOEM:Refaccion Celular,Tapa Trasera Honor 400 Dny-nx9 Azul,Tapa Trasera,Honor 400,4924,135
10091089068322,FixOEM:Refaccion Celular,Tapa Trasera Honor Magic 8 Lite Mtn-nx3 Azul,Tapa Trasera,Honor Magic 8 Lite,4923,115
10091089035554,FixOEM:Refaccion Celular,Tapa Trasera Honor Magic 8 Lite Mtn-nx3 Verde,Tapa Trasera,Honor Magic 8 Lite,4922,115
10091089002786,FixOEM:Refaccion Celular,Lente Camara Zte Axon 70 Z2459,Lente Cámara,Zte Axon 70,4921,50
10091088970018,FixOEM:Refaccion Celular,Lente Camara Zte Axon 60 Lite Z2350,Lente Cámara,ZTE Axon 60 Lite,4920,50
10091088904482,FixOEM:Refaccion Celular,Lente Camara Zte V70 Max Z2467,Lente Cámara,Zte V70 Max,4918,50
10091088838946,FixOEM:Refaccion Celular,Lente Camara Xiaomi 14 Pro 24094Rad4g,Lente Cámara,Xiaomi 14 Pro,4917,50
10091088773410,FixOEM:Refaccion Celular,Lente Camara Samsung A07 A075,Lente Cámara,Samsung A07,4916,50
10091088707874,FixOEM:Refaccion Celular,Lente Camara Samsung A17 A175,Lente Cámara,Samsung A17,4915,50
10091088642338,FixOEM:Refaccion Celular,Lente Camara Realme 14 Pro Rmx5056,Lente Cámara,Realme 14 Pro,4914,50
10091088576802,FixOEM:Refaccion Celular,Lente Camara Realme 10 Pro RMX3660,Lente Cámara,Realme 10 Pro,4913,50
10091088544034,FixOEM:Refaccion Celular,Lente Camara Moto Edge 60 Xt2505-1,Lente Cámara,Moto Edge 60,4912,50
10091088478498,FixOEM:Refaccion Celular,Lente Camara Moto Edge 60 Pro XT2507-1.,Lente Cámara,Moto Edge 60 Pro,4911,50
10091088412962,FixOEM:Refaccion Celular,Lente Camara Iphone 17 Air A3260 Negro,Lente Cámara,Iphone 17 Air,4910,55
10091088347426,FixOEM:Refaccion Celular,Lente Camara Iphone 17 Air A3260 Blanco,Lente Cámara,iPhone 17 Air,4909,55
10091088281890,FixOEM:Refaccion Celular,Lente Camara Iphone 17 Pro Max A3525 Naranja,Lente Cámara,Iphone 17 Pro Max,4908,90
10091088216354,FixOEM:Refaccion Celular,Lente Camara Iphone 17 Pro Max A3525 Azul,Lente Cámara,iPhone 17 Pro Max,4907,90
10091088150818,FixOEM:Refaccion Celular,Lente Camara Iphone 17 Pro A3521 Naranja,Lente Cámara,Iphone 17 Pro,4906,90
10091088052514,FixOEM:Refaccion Celular,Lente Camara Iphone 17 Pro A3521 Azul,Lente Cámara,iPhone 17 Pro,4905,90
10091087954210,FixOEM:Refaccion Celular,Lente Camara Iphone 17 A3519 Naranja,Lente Cámara,iPhone 17,4904,55
10091087888674,FixOEM:Refaccion Celular,Lente Camara Iphone 17 A3519 Azul,Lente Cámara,Iphone 17,4903,55
10091087790370,FixOEM:Refaccion Celular,Lente Camara Honor Magic 8 Lite Mtn-nx3 Negro,Lente Cámara,Honor Magic 8 Lite,4902,50
10091087757602,FixOEM:Refaccion Celular,Lente Camara Honor Magic 8 Lite Mtn-nx3 Verde,Lente Cámara,Honor Magic 8 Lite,4901,50
10091087692066,FixOEM:Refaccion Celular,Charola Sim Zte Axon 50 Lite 8050 Negro,Charola SIM,Zte Axon 50 Lite,4899,50
10091087626530,FixOEM:Refaccion Celular,Charola Sim Xiaomi Redmi Note 11 Pro 2201116Sg Negro,Charola SIM,Xiaomi Redmi Note 11 Pro,4898,50
10091087593762,FixOEM:Refaccion Celular,Charola Sim Vivo V40 Lite Azul V2341,Charola SIM,Vivo V40 Lite,4897,50
10091087528226,FixOEM:Refaccion Celular,Charola Sim Oppo Reno 14F Cph2743,Bandeja SIM,Oppo Reno 14F,4896,50
10091087495458,FixOEM:Refaccion Celular,Charola Sim Moto G55 Xt2435-1 Azul,Charola SIM,Moto G55,4895,50
10091087397154,FixOEM:Refaccion Celular,Charola Sim Moto One Hyper Xt2027-1 Azul,Charola SIM,Moto One Hyper,4894,50
10091087364386,FixOEM:Refaccion Celular,Charola Sim Moto Edge 60 Fusion Xt2507-2 Azul,Charola SIM,Moto Edge 60 Fusion,4893,50
10091087331618,FixOEM:Refaccion Celular,Charola Sim Moto Edge 60 Xt2505-1 Azul,Charola SIM,Moto Edge 60,4892,50
10091087298850,FixOEM:Refaccion Celular,Charola Sim Honor X8C Abr-lx1 Blanco,Charola SIM,Honor X8C,4891,50
10091087200546,FixOEM:Refaccion Celular,Charola Sim Honor X8C Abr-lx1 Negro,Charola SIM,Honor X8C,4890,50
10091087167778,FixOEM:Refaccion Celular,Charola Sim Honor X8B Lly-lx1 Blanco,Charola SIM,Honor X8B,4889,50
10091087102242,FixOEM:Refaccion Celular,Charola Sim Honor X8B Lly-lx1 Negro,Charola SIM,Honor X8B,4888,50
10091087036706,FixOEM:Refaccion Celular,Charola Sim Honor X6C Nic-lx3 Blanco,Tapa Trasera,Honor X6C,4887,50
10091087003938,FixOEM:Refaccion Celular,Charola Sim Honor X6C Nic-lx3 Negro,Charola SIM,Honor X6C,4886,50
10091086905634,FixOEM:Refaccion Celular,Charola Sim Honor X6B Jdy-lx1 Blanco,Charola SIM,Honor X6B,4885,50
10091086840098,FixOEM:Refaccion Celular,Charola Sim Honor X6B Jdy-lx1 Negro,Charola SIM,Honor X6B,4884,50
10091086774562,FixOEM:Refaccion Celular,Charola Sim Honor X6A Wdy-lx1 Blanco,Charola SIM,Honor X6A,4883,50
10091086741794,FixOEM:Refaccion Celular,Charola Sim Honor X6A Wdy-lx1 Negro,Charola SIM,Honor X6A,4882,50
10091086643490,FixOEM:Refaccion Celular,Charola Sim Honor 400 Dny-nx9 Negro,Charola SIM,Honor 400,4881,50
10091086577954,FixOEM:Refaccion Celular,Charola Sim Honor 200 Pro Elp-an00 Negro,Charola SIM,Honor 200 Pro,4880,50
10091086545186,FixOEM:Refaccion Celular,Charola Sim Honor 200 Eli-nx9 Azul,Charola SIM,Honor 200,4879,50
10091086479650,FixOEM:Refaccion Celular,Charola Sim Honor 200 Eli-nx9 Blanco,Charola SIM,Honor 200,4877,50
10091086446882,FixOEM:Refaccion Celular,Charola Sim Honor 200 Eli-nx9 Negro,Charola SIM,Honor 200,4875,50
10091086414114,FixOEM:Refaccion Celular,Centro De Carga Vivo Y19S V2419,Centro de Carga,Vivo Y19S,4874,75
10091086381346,FixOEM:Refaccion Celular,Centro De Carga Vivo Y17S V2310,Centro de Carga,Vivo Y17S,4873,60
10091086348578,FixOEM:Refaccion Celular,Centro De Carga Vivo V40 Lite V2341,Centro de Carga,Vivo V40 Lite,4872,120
10091086250274,FixOEM:Refaccion Celular,Centro De Carga Samsung Z Flip 7 F751,Centro de Carga,Samsung Z Flip 7,4871,245
10091086184738,FixOEM:Refaccion Celular,Centro De Carga Samsung A17 A176,Centro De Carga,Samsung A17,4869,60
10091086151970,FixOEM:Refaccion Celular,Centro De Carga Realme 12 5G Rmx3999,Centro de Carga,Realme 12 5G,4868,60
10091086119202,FixOEM:Refaccion Celular,Centro De Carga Realme 11 5G Rmx3780,Cable Flex,Realme 11 5G,4867,85
10091086086434,FixOEM:Refaccion Celular,Centro De Carga Realme C30 Rmx3581,Centro de Carga,Realme C30,4866,55
10091086053666,FixOEM:Refaccion Celular,Centro De Carga Realme C75 Rmx3941,Centro de Carga,Realme C75,4856,75
10091086020898,FixOEM:Refaccion Celular,Centro De Carga Oppo Reno 14F Cph2743,Centro de Carga,Oppo Reno 14F,4855,175
10091085955362,FixOEM:Refaccion Celular,Centro De Carga Oppo Reno 14 Cph2737,Centro de Carga,Oppo Reno 14,4845,155
10091085922594,FixOEM:Refaccion Celular,Centro De Carga Moto G53 5G Xt2335-1,Centro de Carga,Moto G53 5G,4844,70
10091085889826,FixOEM:Refaccion Celular,Centro De Carga Moto G35 5G Xt2433-5,Centro de Carga,Moto G35 5G,4843,75
10091085857058,FixOEM:Refaccion Celular,Centro De Carga Moto Edge 60 Fusion Xt2503,Centro de Carga,Moto Edge 60 Fusion,4840,90
10091085824290,FixOEM:Refaccion Celular,Centro De Carga Moto Razr 40 Ultra Xt2321-1,Centro De Carga,Moto Razr 40 Ultra,4835,170
10091085791522,FixOEM:Refaccion Celular,Centro De Carga Iphone 17E A3575,Tapa Trasera,iPhone 17E,4834,300
10091085758754,FixOEM:Refaccion Celular,Centro De Carga Iphone 17 Air A3260,Cable Flex,Iphone 17 Air,4831,470
10091085725986,FixOEM:Refaccion Celular,Centro De Carga Infinix Note 50 Pro X6855,Centro de Carga,Infinix Note 50 Pro,4825,95
10091085693218,FixOEM:Refaccion Celular,Centro De Carga Infinix Hot 30I X669c,Centro de Carga,Infinix Hot 30I,4824,55
10091085660450,FixOEM:Refaccion Celular,Centro De Carga Infinix Hot 50 Pro X6881,Cable Flex,Infinix Hot 50 Pro,4823,60
10091085627682,FixOEM:Refaccion Celular,Camara Frontal Xiaomi Note 10 Pro M2101k6g,Lente Cámara,Redmi Note 10 Pro,4822,75
10091085594914,FixOEM:Refaccion Celular,Camara Trasera Samsung S25 Ultra S938,Lente Cámara,Samsung S25 Ultra,4821,1625
10091085562146,FixOEM:Refaccion Celular,Camara Frontal Samsung S23 Fe S711,Lente Cámara,Samsung S23 Fe,4820,105
10091085529378,FixOEM:Refaccion Celular,Camara Trasera Samsung S23 Fe S711,Lente Cámara,Samsung Galaxy S23 FE,4819,225
10091085496610,FixOEM:Refaccion Celular,Camara Trasera Samsung S23 Ultra S918,Lente Cámara,Samsung S23 Ultra,4818,1250
10091085431074,FixOEM:Refaccion Celular,Camara Trasera Samsung S22 Ultra S908,Lente Cámara,Samsung S22 Ultra,4817,610
10091085365538,FixOEM:Refaccion Celular,Camara Trasera Iphone 14 Plus A2886,Lente Cámara,iPhone 14 Plus,4816,1075
10091085234466,FixOEM:Refaccion Celular,Camara Trasera Iphone 16 Plus A3289,Lente Cámara,Iphone 16 Plus,4814,1800
10091085168930,FixOEM:Refaccion Celular,Camara Trasera Iphone 16 Pro Max A3295,Lente Cámara,Iphone 16 Pro Max,4813,1570
10091085103394,FixOEM:Refaccion Celular,Camara Trasera Iphone 15 Pro Max A3105,Lente Cámara,iPhone 15 Pro Max,4812,1600
10091085005090,FixOEM:Refaccion Celular,Camara Trasera Iphone 14 Pro Max A2893,Lente Cámara,iPhone 14 Pro Max,4811,1365
10091084874018,FixOEM:Refaccion Celular,Camara Trasera Honor Magic 8 Lite Mtn-nx3,Lente Cámara,Honor Magic 8 Lite,4810,225
10091084808482,FixOEM:Refaccion Celular,Camara Forntal Honor Magic 8 Lite Mtn-nx3,Lente de cámara frontal,Honor Magic 8 Lite,4802,100
10091084775714,FixOEM:Refaccion Celular,Camara Trasera Honor Magic 7 Lite Brp-nx3,Lente Cámara,Honor Magic 7 Lite,4800,225
10091084677410,FixOEM:Refaccion Celular,Camara Forntal Honor Magic 7 Lite Brp-nx3,Lente Cámara,Honor Magic 7 Lite,4799,100
10091084611874,FixOEM:Refaccion Celular,Camara Trasera Honor Magic 6 Lite Ali-nx3,Lente Cámara,Honor Magic 6 Lite,4798,225
10091084546338,FixOEM:Refaccion Celular,Camara Forntal Honor Magic 6 Lite Ali-nx3,Lente Cámara,Honor Magic 6 Lite,4797,85
10091084480802,FixOEM:Refaccion Celular,Marco Honor X6C Nic-lx3,Marco,Honor X6C,4796,90
10091084448034,FixOEM:Refaccion Celular,Marco Honor X6A Wdy-lx1,Marco,Honor X6A,4795,90
10091084382498,FixOEM:Refaccion Celular,Marco Honor Magic 7 Lite Brp-nx3,Tapa Trasera,Honor Magic 7 Lite,4794,205
10091084316962,FixOEM:Refaccion Celular,Marco Honor X8C Abr-LX3,Tapa Trasera,Honor X8C,4790,185
10091084251426,FixOEM:Refaccion Celular,Carcasa Iphone 14 Pro A2890 Azul,Tapa Trasera,iPhone 14 Pro,4781,685
10091084218658,FixOEM:Refaccion Celular,Carcasa Iphone 14 A2882 Azul,Tapa Trasera,iPhone 14,4779,425
10091084087586,FixOEM:Refaccion Celular,Bisel Xiaomi Poco M6 Pro 2312Fpca6g,Tapa Trasera,Xiaomi Poco M6 Pro,4778,70
10091084054818,FixOEM:Refaccion Celular,Bisel Xiaomi Redmi A5 25028Rn03l,Pantalla,Xiaomi Redmi A5,4777,80
10091083989282,FixOEM:Refaccion Celular,Bisel Samsung A17 A176,Tapa,Samsung A17,4776,65
10091083956514,FixOEM:Refaccion Celular,Bisel Samsung A07 A076,Tapa Trasera,Samsung A07,4775,65
10091083923746,FixOEM:Refaccion Celular,Bisel Samsung A25 A256,Tapa Trasera,Samsung A25,4774,65
10091083890978,FixOEM:Refaccion Celular,Bisel Samsung A36 A366,Bisel,Samsung A36,4773,155
10091083825442,FixOEM:Refaccion Celular,Bisel Oppo A79 Cph2553,Tapa,Oppo A79,4771,80
10091083759906,FixOEM:Refaccion Celular,Bisel Oppo Reno 13F Cph269,Bisel de pantalla,Oppo Reno 13F,4768,280
10091083727138,FixOEM:Refaccion Celular,Bisel Oppo A5 Pro Pkp110,Bisel,Oppo A5 Pro,4767,280
10091083628834,FixOEM:Refaccion Celular,Bisel Oppo A5 Cph1931,Tapa,Oppo A5,4766,80
10091083596066,FixOEM:Refaccion Celular,Bisel Moto E15 Xt-2523-1,Tapa Trasera,Moto E15,4765,90
10091083563298,FixOEM:Refaccion Celular,Bisel Huawei Nova 8I Nen-lx1,Tapa Trasera,Huawei Nova 8i,4764,205
10091083530530,FixOEM:Refaccion Celular,Bisel Honor X9 Lite Jsn-l23,Bisel de Pantalla,Honor X9 Lite,4761,155
10091083497762,FixOEM:Refaccion Celular,Bisel Honor Magic 7 Lite Brp-nx1 Negro,Bisel,Honor Magic 7 Lite,4760,205
10091083464994,FixOEM:Refaccion Celular,Altavoz Xiaomi Pooco X6 Pro 2311Drk48g,Altavoz,Poco X6 Pro,4754,65
10091083432226,FixOEM:Refaccion Celular,Altavoz Xiaomi Pooco M6 Pro 2312Fpca6g,Altavoz,Poco M6 Pro,4753,50
10091083399458,FixOEM:Refaccion Celular,Altavoz Xiaomi Pooco M6 23128Pc33g,Altavoz,Pooco M6,4752,50
10091083366690,FixOEM:Refaccion Celular,Altavoz Vivo Y11S Pd2042f,Altavoz,Vivo Y11S,4749,50
10091083333922,FixOEM:Refaccion Celular,Altavoz Vivo Y36 V2247,Altavoz,Vivo Y36,4747,50
10091083268386,FixOEM:Refaccion Celular,Altavoz Moto Edge 50 Xt2407-1,Altavoz,Moto Edge 50,4746,50
10091083202850,FixOEM:Refaccion Celular,Altavoz Moto G85 Xt2427-1,Altavoz,Moto G85,4745,50
10091083170082,FixOEM:Refaccion Celular,Altavoz Moto G56 Xt2529-1,Altavoz,Moto G56,4744,55
10091083137314,FixOEM:Refaccion Celular,Altavoz Moto G60S Xt2133-1,Altavoz,Moto G60S,4743,50
10091083104546,FixOEM:Refaccion Celular,Altavoz Iphone 15 Pro A3102,Altavoz,iPhone 15 Pro,4742,130
10091083039010,FixOEM:Refaccion Celular,Altavoz Iphone 12 Pro A2406,Altavoz,iPhone 12 Pro,4739,115
10091082973474,FixOEM:Refaccion Celular,Altavoz Iphone 13 Pro A2638,Altavoz,iPhone 13 Pro,4735,100
10091082940706,FixOEM:Refaccion Celular,Altavoz Iphone 16 Pro Max A3296,Altavoz,iPhone 16 Pro Max,4734,205
10091082907938,FixOEM:Refaccion Celular,Altavoz Honor X6B Jdy-nx1,Altavoz,Honor X6B,4731,50
10091082809634,FixOEM:Refaccion Celular,Altavoz Honor 50 Nth-nx1,Tapa,Honor 50,4725,50
10091082744098,FixOEM:Refaccion Celular,Altavoz Honor 400 Dny-nx9,Altavoz,Honor 400,4723,55
10091082645794,FixOEM:Refaccion Celular,Altavoz Honor 200 Eli-nx9,Altavoz,Honor 200,4722,50
10090917724450,FixOEM:Refaccion Celular,Stencil XZZ Iphone 12,Tapa Trasera,Iphone 12,4721,60
10090917691682,FixOEM:Refaccion Celular,Stencil XZZ Iphone 13,Tapa Trasera,Iphone 13,4720,60
10090917658914,FixOEM:Refaccion Celular,Stencil XZZ Iphone 14,Tapa Trasera,Iphone 14,4719,60
10090917626146,FixOEM:Refaccion Celular,Stencil XZZ Iphone 15,Tapa Trasera,Iphone 15,4718,60
10090917593378,FixOEM:Refaccion Celular,Stencil XZZ Iphone 16,Tapa Trasera,Iphone 16,4717,60
10090917560610,FixOEM:Refaccion Celular,Stencil XZZ Iphone 17,Tapa Trasera,iPhone 17,4716,60
10090917527842,FixOEM:Refaccion Celular,Prensa Giratoria  Mini XZZ S1,Tapa Trasera,Mini XZZ S1,4715,270
10090917429538,FixOEM:Refaccion Celular,Prensa Separadora Pantalla Multifuncional XZZ X4 Mini,Herramienta,XZZ X4 Mini,4714,550
10090917396770,FixOEM:Refaccion Celular,Prensa Separadora Pantalla Multifuncional XZZ X4,Herramienta,No aplica,4713,625
10090917364002,FixOEM:Refaccion Celular,Puntas Finas Multimetro XZZ P2,Herramienta,XZZ P2,4712,145
10090917331234,FixOEM:Refaccion Celular,Tina Ultrasonica Limpieza XZZ 800Ml,Herramienta,Genérico universal,4711,600
10090917298466,FixOEM:Refaccion Celular,Placa Programacion XZZ Mps,Herramienta,XZZ Mps,4710,155
10090917200162,FixOEM:Refaccion Celular,Almoadilla Soldadura Universal Ic XZZ,Herramienta,IC XZZ,4709,40
10090917167394,FixOEM:Refaccion Celular,Base Magnética XZZ C1,Tapa Trasera,XZZ C1,4708,220
10090917134626,FixOEM:Refaccion Celular,Programadora Chip Eeprom XZZ Iphone 15-16 Pro Max,Herramienta,iPhone 15 Pro Max | iPhone 16 Pro Max,4707,1755
10090917069090,FixOEM:Refaccion Celular,Placa Base Prueba XZZ Iphone 17 Air / 17 Pro / 17 Pro Max,Placa Base,Iphone 17 Air | Iphone 17 Pro | Iphone 17 Pro Max,4706,4955
10090917036322,FixOEM:Refaccion Celular,Placa Base Prueba XZZ Iphone 16 / 16 Plus / 16 Pro / 16 Pro Max,Placa Base,iPhone 16 | iPhone 16 Plus | iPhone 16 Pro | iPhone 16 Pro Max,4705,4375
10090917003554,FixOEM:Refaccion Celular,Placa Base Prueba XZZ Iphone 15 / 15 Plus / 15 Pro / 15 Pro Max,Placa Base,iPhone 15 | iPhone 15 Plus | iPhone 15 Pro | iPhone 15 Pro Max,4704,3215
10090916970786,FixOEM:Refaccion Celular,Placa Base Prueba XZZ Iphone 14 / 14 Plus / 14 Pro / 14 Pro Max,Placa Base,iPhone 14 | iPhone 14 Plus | iPhone 14 Pro | iPhone 14 Pro Max,4703,3845
10090916905250,FixOEM:Refaccion Celular,Molde Precalentadora XZZ Iphone L2023-16 / 16E,Herramienta,iPhone L2023-16 | iPhone 16E,4702,195
10090916839714,FixOEM:Refaccion Celular,Molde Precalentadora XZZ Iphone L2023-17,Tapa Trasera,Iphone L2023-17,4701,195
10090916806946,FixOEM:Refaccion Celular,Kit Moldes Precalentadora XZZ L2023 Samsung S20 / S20 Plus / S20 Ultra / S22 / S22 Plus / S22 Ultra / S23 / S23 Plus / S23 Ultra 7 S24 / S24 Plus / S24 Ultra / S25 / S25 Plus / S25 Ultra / Z Fold 5 / Z Flip 5 / Zflip 6,Tapa,Samsung S20 | Samsung S20 Plus | Samsung S20 Ultra | Samsung S22 | Samsung S22 Plus | Samsung S22 Ultra | Samsung S23 | Samsung S23 Plus | Samsung S23 Ultra | Samsung S24 | Samsung S24 Plus | Samsung S24 Ultra | Samsung S25 | Samsung S25 Plus | Samsung S25 Ultra | Samsung Z Fold 5 | Samsung Z Flip 5 | Samsung Z Flip 6,4700,195
10090916774178,FixOEM:Refaccion Celular,Precalentadora XZZ L2023,Herramienta,XZZ L2023,4699,2460
10090855563554,FixOEM:Refaccion Celular,Bateria Moto Edge 30 Pro Na50,Batería,Moto Edge 30 Pro NA50,4698,195
10090855432482,FixOEM:Refaccion Celular,Bateria Samsung Tab A7 2020 T500 Scud-wt-n19,Batería,Samsung Galaxy Tab A7 (2020) SM-T500,4696,175
10090855366946,FixOEM:Refaccion Celular,Bateria Zte Blade A71 Li3839T44P8h866445,Batería,Zte Blade A71,4695,175
10090855301410,FixOEM:Refaccion Celular,Bateria Xiaomi 11 Ultra / Mi 11 Pro Bm55,Batería,Xioami 11 Ultra | Mi 11 Pro,4694,270
10090855268642,FixOEM:Refaccion Celular,Bateria Samsung A55 Eb-BA556aby,Batería,Samsung A55,4693,185
10090855235874,FixOEM:Refaccion Celular,Bateria Samsung A35 Eb-ba356aby,Batería,Samsung Galaxy A35,4692,175
10090855104802,FixOEM:Refaccion Celular,Bateria Oppo Reno 14F Blpc63,Batería,Oppo Reno 14F,4691,345
10090855006498,FixOEM:Refaccion Celular,Bateria Oppo Reno 12 Blpa59,Batería,Oppo Reno 12,4690,240
10090854940962,FixOEM:Refaccion Celular,Bateria Moto G75 Sb18e36915,Batería,Moto G75,4689,175
10090854908194,FixOEM:Refaccion Celular,Bateria Moto Edge 30 Pro Na50,Batería,Moto Edge 30 Pro,4688,195
10090854842658,FixOEM:Refaccion Celular,Bateria Hiuawei Nova 10 Hb426493efw,Batería,Huawei Nova 10,4687,355
10090854777122,FixOEM:Refaccion Celular,Bateria Honor Magic 5 Pro Hb526881ehc,Batería,Honor Magic 5 Pro,4686,355
10090854744354,FixOEM:Refaccion Celular,Bateria Honor X6S Hb496590efw-f,Batería,Honor X6S,4685,185
10090854678818,FixOEM:Refaccion Celular,Bateria Google Pixel 8 Pro Gukd8,Batería,Google Pixel 8 Pro,4684,160
10090854646050,FixOEM:Refaccion Celular,Bateria Google Pixel 8A G07df,Batería,Google Pixel 8A,4683,200
10089887727906,FixOEM:Refaccion Celular,Display Samsung S24 Fe S721b Oled,Pantalla,Samsung Galaxy S24 FE,4681,610
10089887695138,FixOEM:Refaccion Celular,Display Zte Blade A40 Se,Pantalla,ZTE Blade A40 SE,4679,440
10089887662370,FixOEM:Refaccion Celular,Display Zte A35E Z2466,Pantalla,Zte A35E,4678,210
10089887629602,FixOEM:Refaccion Celular,Display Zte Nubia Neo 3 Z2464n,Pantalla,Nubia Neo 3,4677,300
10089887596834,FixOEM:Refaccion Celular,Display Zte Axon 40 Se 9047 Ips,Pantalla,ZTE Axon 40 SE,4676,440
10089887564066,FixOEM:Refaccion Celular,Display Xiaomi Poco M7 Pro 2409fpcc4g Ips,Pantalla,Xiaomi Poco M7 Pro,4675,200
10089887531298,FixOEM:Refaccion Celular,Display Xiaomi Poco M7 23128pc33g Ips,Pantalla,Xiaomi Poco M7,4674,230
10089887498530,FixOEM:Refaccion Celular,Display Tcl 50 Xl T702w,Pantalla,TCL 50 XL,4673,360
10089887465762,FixOEM:Refaccion Celular,Display Tcl 50 T613p,Tapa Trasera,TCL 50,4672,360
10089887432994,FixOEM:Refaccion Celular,Display Vivo V25 Pro V2158,Pantalla,Vivo V25 Pro,4671,280
10089887400226,FixOEM:Refaccion Celular,Display Vivo V60 Lite V2529,Pantalla,Vivo V60 Lite,4670,290
10089887367458,FixOEM:Refaccion Celular,Display Vivo V40 Lite 4G V2348 / V2349 5G Oled,Pantalla,Vivo V40 Lite 4G | Vivo V40 Lite 5G,4669,580
10089887334690,FixOEM:Refaccion Celular,Display Samsung S25 Fe S731,Pantalla,Samsung Galaxy S25 FE,4668,1040
10089887301922,FixOEM:Refaccion Celular,Display Samsung S24 Fe S721,Pantalla,Samsung Galaxy S24 FE,4667,610
10089887269154,FixOEM:Refaccion Celular,Display Samsung A17 A175 Oled,Pantalla,Samsung A17,4665,770
10089887236386,FixOEM:Refaccion Celular,Display Samsung A17 A175 Ips,Pantalla,Samsung Galaxy A17,4664,210
10089887203618,FixOEM:Refaccion Celular,Display Samsung A16 A165 Oled,Pantalla,Samsung Galaxy A16,4663,770
10089887170850,FixOEM:Refaccion Celular,Display Samsung Tab A11 Plus Sm-X230,Pantalla,Samsung Tab A11 Plus Sm-X230,4662,600
10089887138082,FixOEM:Refaccion Celular,Display Realme C71 Rmx5303,Pantalla,Realme C71,4661,210
10089887072546,FixOEM:Refaccion Celular,Display Realme Note 60 Rmx3933,Pantalla,Realme Note 60,4660,190
10089887039778,FixOEM:Refaccion Celular,Display Realme Note 70 Rmx5313,Pantalla,Realme Note 70,4659,210
10089887007010,FixOEM:Refaccion Celular,Display Realme Gt 7 Rmx5061,Pantalla,Realme GT 7,4658,1030
10089886974242,FixOEM:Refaccion Celular,Display Realme Gt Neo 5 Rmx3706,Pantalla,Realme GT Neo 5,4657,240
10089886941474,FixOEM:Refaccion Celular,Display Oppo Reno 13F Cph2699 Oled,Pantalla,Oppo Reno 13F,4656,580
10089886908706,FixOEM:Refaccion Celular,Display Oppo Reno 14F Cph2743,Pantalla,Oppo Reno 14F,4655,270
10089886875938,FixOEM:Refaccion Celular,Display Moto Edge 60 Xt2505-1,Pantalla,Moto Edge 60,4654,710
10089886843170,FixOEM:Refaccion Celular,Display Moto G57 Xt2537-1,Pantalla,Moto G57,4653,230
10089886810402,FixOEM:Refaccion Celular,Display Moto Edge 40 Pro Xt2301-4 Oled,Pantalla,Moto Edge 40 Pro,4652,850
10089886777634,FixOEM:Refaccion Celular,Display Moto Edge 60 Fusion Xt2507-2 Oled,Pantalla,Moto Edge 60 Fusion,4651,710
10089886744866,FixOEM:Refaccion Celular,Display Moto Edge 30 Pro Xt2201-1 Oled,Pantalla,Moto Edge 30 Pro,4650,780
10089886712098,FixOEM:Refaccion Celular,Display Moto G Stylus 5G 2024 Xt2419-1 Ips,Tapa Trasera,Moto G Stylus 5G 2024,4649,760
10089886646562,FixOEM:Refaccion Celular,Display Iphone 17 Pro Max A3525,Pantalla,iPhone 17 Pro Max,4648,900
10089886613794,FixOEM:Refaccion Celular,Display Iphone 17 Pro A3521,Pantalla,iPhone 17 Pro,4647,850
10089886581026,FixOEM:Refaccion Celular,Display Iphone 17 A3519,Pantalla,iPhone 17,4646,950
10089886515490,FixOEM:Refaccion Celular,Display Iphone 13 	A2633 Oled,Pantalla,iPhone 13,4645,820
10089886482722,FixOEM:Refaccion Celular,Display Iphone 13 	A2633 Ips,Pantalla,iPhone 13,4644,300
10089886449954,FixOEM:Refaccion Celular,Display Infinix Gt 30 Pro X6873,Pantalla,Infinix Gt 30 Pro,4643,800
10089886417186,FixOEM:Refaccion Celular,Display Huawei Pura 70 Ultra Hbp-lx9,Pantalla,Huawei Pura 70 Ultra,4642,3890
10089886384418,FixOEM:Refaccion Celular,Display Honor X5C Nla-lx3,Pantalla,Honor X5C,4641,200
10089886318882,FixOEM:Refaccion Celular,Display Honor Magic 8 Lite Mtn-nx3,Pantalla,Honor Magic 8 Lite,4640,750
10089886253346,FixOEM:Refaccion Celular,Display Honor Magic 7 Ptp-An00 Oled,Pantalla,Honor Magic 7,4638,1000
10089886187810,FixOEM:Refaccion Celular,Display Honor 400 Dny-nx9,Pantalla,Honor 400,4637,1250
10089886155042,FixOEM:Refaccion Celular,Display Google Pixel 10 Pro Gn4f5,Pantalla,Google Pixel 10 Pro,4636,2330
10089886122274,FixOEM:Refaccion Celular,Display Google Pixel 7A Ghl1x,Pantalla,Google Pixel 7A,4635,1180
10089886089506,FixOEM:Refaccion Celular,Display Google Pixel 9 Pro Xl Ggx8b,Pantalla,Google Pixel 9 Pro Xl,4634,2080
10089886056738,FixOEM:Refaccion Celular,Display Google Pixel 9 Pro Gr83y,Pantalla,Google Pixel 9 Pro,4633,1630
10089886023970,FixOEM:Refaccion Celular,Display Google Pixel 9Gur25,Pantalla,Google Pixel 9,4632,1930
10089885958434,FixOEM:Refaccion Celular,Display Cubot King Kong X100,Pantalla,Cubot King Kong X100,4630,310
10089885892898,FixOEM:Refaccion Celular,Display Cubot King Kong X Pro,Pantalla,Cubot King Kong X Pro,4629,370
10089885860130,FixOEM:Refaccion Celular,Display Cubot King Kong Power 5 Ips,Pantalla,Cubot King Kong Power 5,4628,300
10089885827362,FixOEM:Refaccion Celular,Display Cubot King Kong Es,Pantalla,Cubot King Kong ES,4627,230
10089885761826,FixOEM:Refaccion Celular,Display Cubot King Kong X Oled,Pantalla,Cubot King Kong X,4626,0
10089885729058,FixOEM:Refaccion Celular,Display Cubot King Kong X Ips,Pantalla,Cubot King Kong X,4625,310
10089885663522,FixOEM:Refaccion Celular,Display Cubot A40,Pantalla,Cubot A40,4624,250
10081643921698,FixOEM:Refaccion Celular,Tapa Trasera Xiaomi Redmi 15 Negro 25062Rn2dl,Tapa Trasera,Xiaomi Redmi 15,4623,120
10081643856162,FixOEM:Refaccion Celular,Tapa Trasera Xiaomi Pocophone F4 Gt 21121210g / Redmi K50 Negro,Tapa Trasera,Poco F4 GT | Redmi K50,4622,120
10081643823394,FixOEM:Refaccion Celular,Tapa Trasera Xiaomi Poco F4 Gt 21121210g,Tapa Trasera,Poco F4 GT,4621,120
10081643790626,FixOEM:Refaccion Celular,Tapa Trasera Xiaomi Mi 13 T Negro 2306Epn60g,Tapa Trasera,Xiaomi Mi 13 T,4620,135
10081643757858,FixOEM:Refaccion Celular,Tapa Trasera Samsung S23 Ultra Verde S918B,Tapa Trasera,Samsung Galaxy S23 Ultra,4619,115
10081643725090,FixOEM:Refaccion Celular,Tapa Trasera Oppo Reno 14 Pro Cph2739,Tapa Trasera,Oppo Reno 14 Pro,4618,115
10081643692322,FixOEM:Refaccion Celular,Tapa Trasera Oppo A80 Negro Cph2639,Tapa Trasera,Oppo A80,4617,120
10081643659554,FixOEM:Refaccion Celular,Tapa Trasera Huawei Mate 40 Pro Noh-nx9,Tapa Trasera,Huawei Mate 40 Pro,4616,135
10081643626786,FixOEM:Refaccion Celular,Tapa Trasera Honor 200 Azul Eli-nx9,Tapa Trasera,Honor 200,4615,135
10081643528482,FixOEM:Refaccion Celular,Tapa Trasera De Xiaomi Redmi Note 13 Pro Plus Negro 23090Ra98g,Tapa Trasera,Xiaomi Redmi Note 13 Pro Plus,4614,120
10081643495714,FixOEM:Refaccion Celular,Tapa Traceta Honor X5C Azul Nla-lx3,Tapa Trasera,Honor X5C,4613,120
10081643462946,FixOEM:Refaccion Celular,Lente Camara Oppo Reno 5 Pro Cph2201,Lente Cámara,Oppo Reno 5 Pro,4612,50
10081643430178,FixOEM:Refaccion Celular,Lente Camara Xiaomi Redmi Note 14 Pro 5G 24115Ra8eg,Lente Cámara,Xiaomi Redmi Note 14 Pro 5G,4611,50
10081643331874,FixOEM:Refaccion Celular,Lente Camara Xiaomi Poco X5 Pro 22101320g,Lente Cámara,Poco X5 Pro,4610,50
10081643299106,FixOEM:Refaccion Celular,Lente Camara Xiaomi K50 Gaming 21121210c,Lente Cámara,Xiaomi K50 Gaming,4609,50
10081643200802,FixOEM:Refaccion Celular,Lente Camara Samsung S25 Ultra S938,Lente Cámara,Samsung S25 Ultra,4608,50
10081643102498,FixOEM:Refaccion Celular,Lente Camara Samsung Note 8 N950,Lente Cámara,Samsung Galaxy Note 8,4607,50
10081643069730,FixOEM:Refaccion Celular,Lente Camara Oppo Reno 14 Pro Cph2739,Lente Cámara,Oppo Reno 14 Pro,4606,50
10081643004194,FixOEM:Refaccion Celular,Flex Volumen Samsung A20S A207,Cable Flex,Samsung A20S,4604,50
10081642873122,FixOEM:Refaccion Celular,Flex Interconexion Lcd Lenovo Tab M10 2a Generacion Tb-x306x,Flex de Interconexión LCD,Lenovo Tab M10 2Da Generacion,4603,75
10081642840354,FixOEM:Refaccion Celular,Charola Sim Xiaomi Poco X7 Pro 2412Dpc0ag,Charola SIM,Xiaomi Poco X7 Pro,4602,50
10081642742050,FixOEM:Refaccion Celular,Charola Sim Samsung Z Flip 7 Negro F751,Charola SIM,Samsung Galaxy Z Flip 7,4601,50
10081642610978,FixOEM:Refaccion Celular,Charola Sim Samsung A17 Negro A176,Charola SIM,Samsung A17 | Samsung A176,4600,50
10081642479906,FixOEM:Refaccion Celular,Charola Sim Samsung A07 A075,Tapa Trasera,Samsung Galaxy A07,4599,50
10081642447138,FixOEM:Refaccion Celular,Charola Sim XIaomi Redmi Note 14S 2502Fra65g,Charola SIM,Redmi Note 14S,4598,50
10081642348834,FixOEM:Refaccion Celular,Charola Sim Oppo A5 Pro Cph2695,Charola SIM,Oppo A5 Pro,4597,50
10081642250530,FixOEM:Refaccion Celular,Charola Sim Oppo A31 Cph2015,Charola SIM,Oppo A31,4596,50
10081642152226,FixOEM:Refaccion Celular,Charola Sim OnePlus 6 A6003,Charola SIM,OnePlus 6,4595,50
10081642053922,FixOEM:Refaccion Celular,Charola Sim Moto Edge 60 Fusion Xt2507-1,Charola SIM,Moto Edge 60 Fusion,4594,50
10081641955618,FixOEM:Refaccion Celular,Charola Sim Moto Edge 60 Xt2505-3,Charola SIM,Moto Edge 60,4593,50
10081641922850,FixOEM:Refaccion Celular,Charola Sim Infinix Note 40 X6853,Charola SIM,Infinix Note 40,4592,50
10081641824546,FixOEM:Refaccion Celular,Charola Sim Honor X8B Lly-lx3,Charola SIM,Honor X8B,4591,50
10081641693474,FixOEM:Refaccion Celular,Centro Carga Xiaomi 13 Ultra 2304Fpn6dg,Centro de Carga,Xiaomi 13 Ultra,4589,135
10081641562402,FixOEM:Refaccion Celular,Centro Carga Samsung Zflip 6 F741,Cable Flex,Samsung Galaxy Z Flip6,4588,180
10081641529634,FixOEM:Refaccion Celular,Centro Carga Realme C33 Rmx3624,Centro de Carga,Realme C33,4587,55
10081641431330,FixOEM:Refaccion Celular,Centro Carga Oppo Reno 14 Pro Cph2739,Centro de Carga,Oppo Reno 14 Pro,4586,550
10081641398562,FixOEM:Refaccion Celular,Centro Carga Ipad 11 Gen 1&2,Centro de Carga,iPad Pro 11 Gen 1 | iPad Pro 11 Gen 2,4585,170
10081641300258,FixOEM:Refaccion Celular,Centro Carga Infinix Note 40 5G X6853,Centro de Carga,Infinix Note 40 5G,4584,170
10081641201954,FixOEM:Refaccion Celular,Camara Frontal Oppo Reno 12F Cph2637,Lente Cámara,Oppo Reno 12F,4583,85
10081641169186,FixOEM:Refaccion Celular,Bisel Samsung A35 A356,Bisel,Samsung Galaxy A35,4582,155
10081641103650,FixOEM:Refaccion Celular,Bisel Honor X6C Nic-lx3,Bisel,Honor X6C,4581,75
10081641005346,FixOEM:Refaccion Celular,Auricular Xiaomi Poco M4 Pro 2201117Pg,Auricular,Xiaomi Poco M4 Pro,4580,50
10081640972578,FixOEM:Refaccion Celular,Auricular Samsung A06 A065,Auricular,Samsung Galaxy A06,4579,50
10081640874274,FixOEM:Refaccion Celular,Auricular Oppo A58 4G Cph2577,Auricular,Oppo A58 4G,4578,50
10081640841506,FixOEM:Refaccion Celular,Auricular De Moto G13 Xt2331-1,Auricular receptor,Moto G13,4577,50
10081640743202,FixOEM:Refaccion Celular,Altavoz Samsung A35 A356,Altavoz,Samsung A35,4575,55
10081640710434,FixOEM:Refaccion Celular,Altavoz Samsung A07 A075,Altavoz,Samsung Galaxy A07,4574,55
10081640677666,FixOEM:Refaccion Celular,Altavoz Moto Edge 40 Xt2303-2,Altavoz,Moto Edge 40,4573,60
10081640612130,FixOEM:Refaccion Celular,Altavoz Moto E22I Xt2239-27,Altavoz,Moto E22I,4572,65
10081640579362,FixOEM:Refaccion Celular,Altavoz Honor X7B Clk-lx3,Altavoz,Honor X7B,4571,50
10079775326498,FixOEM:Refaccion Celular,Display Honor Original Play10A / X5C / X5C Plus C/Bateria S/Marco,Pantalla,Honor Play10A | Honor X5C | Honor X5C Plus,HRD31,725
10079775260962,FixOEM:Refaccion Celular,Display Honor Original Magic8 Lite / X9D C/Bateria C/Marco,Pantalla,Honor Magic8 Lite,HRD29,1880
10079775195426,FixOEM:Refaccion Celular,Display Honor Original X7D C/Bateria S/Marco,Pantalla,Honor X7D,HRD28,940
10079775097122,FixOEM:Refaccion Celular,Display Honor Original X6C C/Bateria S/Marco,Pantalla,Honor X6C,HRD27,635
10079775031586,FixOEM:Refaccion Celular,Display Honor Original 400 Lite / X8C 5G C/Bateria C/Marco Gris,Pantalla,Honor 400 Lite | Honor X8C 5G,HRD26,1555
10079774966050,FixOEM:Refaccion Celular,Display Honor Original 400 Lite C/Bateria C/Marco Verde,Pantalla,Honor 400 Lite,HRD25,1555
10079774834978,FixOEM:Refaccion Celular,Display Honor Original  X8C C/Bateria C/Marco Negro,Pantalla,Honor X8C,HRD24,1555
10079774769442,FixOEM:Refaccion Celular,Display Honor Original Magic7 Lite / X9C C/Bateria C/Marco,Tapa Trasera,Honor Magic7 Lite,HRD22,1460
10079774605602,FixOEM:Refaccion Celular,"Display Pad Honor Original X8A / X8A 11"" / Z5A Lte",Pantalla,Honor X8A | Z5A Lte,HRD21,1085
10079774507298,FixOEM:Refaccion Celular,Display Honor Original  X60 Pro C/Bateria C/Marco Negro,Pantalla,Honor X60 Pro | Honor X60 Pro C,HRD20,2185
10079774408994,FixOEM:Refaccion Celular,Display Honor Original X6A C/Bateria S/Marco,Pantalla,Honor X6A,HRD19,900
10079774343458,FixOEM:Refaccion Celular,Display Honor Original X7C Plus C/Bateria S/Marco,Pantalla,Honor X7C Plus,HRD18,630
10079774245154,FixOEM:Refaccion Celular,Display Honor Original X6B / X6B Plus C/Bateria S/Marco,Pantalla,Honor X6B | Honor X6B Plus,HRD17,645
10079774146850,FixOEM:Refaccion Celular,Display Honor Original 200 Lite / X8B C/Bateria C/Marco Plata,Pantalla,Honor 200 Lite | X8B,HRD16,1495
10079774081314,FixOEM:Refaccion Celular,Display Honor Original X5 Plus / X6A C/Bateria S/Marco,Pantalla,Honor X5 Plus | Honor X6A,HRD15,600
10079774015778,FixOEM:Refaccion Celular,Display Pad Honor Original X9 / X8 Pro / Z6,Pantalla,Honor X9 | Honor X8 Pro | Honor Z6,HRD14,1265
10079773950242,FixOEM:Refaccion Celular,Display Honor Original  X50 C/Bateria C/Marco Negro,Pantalla,Honor X50,HRD13,1860
10079773851938,FixOEM:Refaccion Celular,Display Honor Original X6 5G / X8A C/Bateria S/Marco,Pantalla,Honor X6 5G | Honor X8A,HRD12,1160
10079773786402,FixOEM:Refaccion Celular,Display Honor Original 90 Lite / X8A C/Bateria C/Marco,Pantalla,Honor 90 Lite | Honor X8A,HRD10,1025
10079773720866,FixOEM:Refaccion Celular,Display Honor Original X5 C/Bateria S/Marco,Pantalla,Honor X5,HRD09,1180
10079773622562,FixOEM:Refaccion Celular,Display Honor Original X7A C/Bateria S/Marco,Pantalla,Honor X7A,HRD08,880
10079773557026,FixOEM:Refaccion Celular,Display Honor Original 5 Lite 5G / X9A 5G C/Bateria C/Marco Verde,Pantalla,Honor 5 Lite 5G | Honor X9A 5G,HRD07,1630
10079773491490,FixOEM:Refaccion Celular,Display Pad Honor Original X8,Pantalla,Honor X8,HRD05,1380
10079773393186,FixOEM:Refaccion Celular,Display Honor Original X8 C/Bateria C/Marco,Pantalla,Honor X8,HRD03,1765
10079773327650,FixOEM:Refaccion Celular,Display Honor Original X8 C/Bateria C/Marco Negro,Pantalla,Honor X8,HRD02,1765
10079773229346,FixOEM:Refaccion Celular,Display Honor Original X7 C/Bateria S/ Marco,Pantalla,Honor X7,HRD01,860
10079773163810,FixOEM:Refaccion Celular,Bateria Honor Original X8,Batería,Honor X8,HRB02,305
10079773065506,FixOEM:Refaccion Celular,Bateria Honor Original X5 / X6 / X6 5G /  X7 /  X8 5G / X8A 5G / Play 6T / 30 Plus,Batería,Honor X5 | Honor X6 | Honor X6 5G | Honor X7 | Honor X8 5G | Honor X8A 5G | Honor Play 6T | Honor Play 30 Plus,HRB01,290
10079447777570,FixOEM:Refaccion Celular,Programmador Flex Sensor LiDAR Iphone JCID,Tapa Trasera,JCID,4566,680
10079402885410,FixOEM:Refaccion Celular,Socket Programadora BGA110 P15 JCID,Herramienta,BGA110 | P15 | JCID,4565,2000
10079307661602,FixOEM:Refaccion Celular,Stencil Plantilla Reballing Iphone 17 2UUL BG03,Plantilla de Reballing,iPhone 17,4564,130
10078829052194,FixOEM:Refaccion Celular,Brazo Base Microscopio RF4 H101,Componente de microscopio,RF4 | H101,4562,1200
10073578832162,FixOEM:Refaccion Celular,Flex interconexion Realme 12 4g / Realme 12 plus (Main),Cable Flex,Realme 12 4G | Realme 12 Plus,4561,60
10073501466914,FixOEM:Refaccion Celular,Display Zte Blade A35E,Pantalla,ZTE Blade A35e,4560,190
10066752438562,FixOEM:Refaccion Celular,"Smart Wacht 1.83"" Negro Q1 G-Tide",Tapa Trasera,Q1 | G-Tide,2336,500
10066752405794,FixOEM:Refaccion Celular,Punta Cautin Rl-T245-I Relife,Punta Cautin,RL-T245-I,2369,90
10066752373026,FixOEM:Refaccion Celular,Perlas Soldadura Lanrui Ct80,Tapa Trasera,Lanrui Ct80,3371,110
10066752340258,FixOEM:Refaccion Celular,Kit Desarmador Mechanic Mini Ishell Max,Herramienta,Ishell Max,11390,710
10066752307490,FixOEM:Refaccion Celular,Icopy Plus 2.2 Qianli Vibrador/Sensor Luz/True Tone/Bateria,Tapa Trasera,Icopy Plus 2.2,5529,2290
10066752274722,FixOEM:Refaccion Celular,Flex Huella Vivo Y15S V2139 Azul*,Cable Flex,Vivo Y15S,1079,150
10066752241954,FixOEM:Refaccion Celular,Display Zte Blade L210 Ips*,Pantalla,Zte Blade L210,9718,175
10066752209186,FixOEM:Refaccion Celular,Display Sony Xz2 Ips H8216,Pantalla,Sony Xperia XZ2,7639,330
10066752110882,FixOEM:Refaccion Celular,Display Sony Xa1 Ultra Ips G3223 Blanco*,Pantalla,Xperia XA1 Ultra (G3223),5654,490
10066752078114,FixOEM:Refaccion Celular,Display Samsung J7 Metal 2016 Led Sm-J710 Negro*,Pantalla,Samsung Galaxy J7 (2016) SM-J710,5397,260
10066752045346,FixOEM:Refaccion Celular,Display Samsung J5 Prime Ips Sm-G570 Negro*,Pantalla,Samsung Galaxy J5 Prime SM-G570,5394,250
10066751979810,FixOEM:Refaccion Celular,Display Lg K51 Ips Lmk500Um.,Pantalla,LG K51 | LG K51 LMK500UM,9427,185
10066751947042,FixOEM:Refaccion Celular,Display Infinix Note 40 Pro X6851 Oled,Pantalla,Infinix Note 40 Pro,2913,720
10066751914274,FixOEM:Refaccion Celular,Display Huawei Y5P Ips Dra-Lx9.*,Pantalla,Huawei Y5P | DRA-LX9,9092,210
10066751848738,FixOEM:Refaccion Celular,Display Hisense Hi 2 Ips *,Pantalla,Hisense Hi 2,5231,330
10066751783202,FixOEM:Refaccion Celular,Desarmador Mechanic T2,Desarmador,No aplica,10246,120
10066751750434,FixOEM:Refaccion Celular,Desarmador Mechanic Pata Gallo 0.6*,Desarmador,No aplica,10244,110
10066751684898,FixOEM:Refaccion Celular,Desarmador Mechanic Mortar Mini Ishell Max,Desarmador,Mortar Mini | Ishell Max,10245,90
10066751619362,FixOEM:Refaccion Celular,Camara Microscopio Gran Angular Cmos 4K Rf4 Rf-39B,Lente Cámara,Rf4 | Rf-39B,4186,2780
10066751586594,FixOEM:Refaccion Celular,Camara Microscopio 4K +hub Rf4 Rf-4Kc6,Lente Cámara,Rf4 | Rf-4Kc6,2201,3520
10066751553826,FixOEM:Refaccion Celular,Bateria Xiaomi Poco F5 Pro BM5N,Batería,Poco F5 Pro,1086,280
10066751488290,FixOEM:Refaccion Celular,Bateria Xiaomi Note 12 Pro Plus BP4J,Batería,Xiaomi Note 12 Pro Plus,1025,360
10066751455522,FixOEM:Refaccion Celular,Bateria Vivo Y28 5G / Y17S BA10,Batería,Vivo Y28 5G,1412,350
10066751389986,FixOEM:Refaccion Celular,Bateria Tcl 20 Se TlP048A1,Batería,TCL 20 SE,9444,180
10066751324450,FixOEM:Refaccion Celular,Bateria Moto G23 PH50,Batería,Moto G23 | Moto G23 PH50,1778,340
10066751258914,FixOEM:Refaccion Celular,Bateria Moto Edge 50 Fusion QC50,Batería,Moto Edge 50 Fusion,7655,290
10066751193378,FixOEM:Refaccion Celular,"Bateria Iphone 16 Plus A3290, A3082, A3289, A3291",Batería,iPhone 16 Plus,5414,320
10066739626274,FixOEM:Refaccion Celular,Tapa Trasera Xiaomi Note 10 M2101k7alVerde,Tapa Trasera,Xiaomi Note 10,1068,80
10066729599266,FixOEM:Refaccion Celular,Flex Encendido + Huella Moto G54 Xt2343-1,Cable Flex,Moto G54,3746,170
10066676351266,FixOEM:Refaccion Celular,Marco Moto G20 Xt2128-1,Marco de Carcasa,Moto G20,4522,70
10065978392866,FixOEM:Refaccion Celular,Display Honor 200 Pro Elp-nx9 Ips,Pantalla,Honor 200 Pro,3670,500
10062739276066,Celulandia,Samsung Tab A11 4+64Gb Negro Nacional,,,CT161,2320
10062739210530,Celulandia,"Samsung Galaxy Tab S10 Lite 10.9"" 6+128Gb Gray Wifi Tablet W/ S Pen",,,CT160,5920
10062738948386,Celulandia,"Galaxy Tab A11 8.7"" 4+64Gb Wifi - X133",,,CT157,2680
10062738915618,Celulandia,Apple Watch Ultra 2 (Gps+Cel) 49Mm Titanium Case W/ Navy Ocean Band - Natural,,,CT156,16540
10062738882850,Celulandia,"Apple Watch Series 11 (Gps) 46Mm Aluminum Case W/ Black Sport Band Sm, Jet Black",,,CT155,10370
10062738850082,Celulandia,"Apple Watch Series 11 (Gps) 42Mm Aluminum Case W/ Black Sport Band Sm, Jet Black",,,CT154,9650
10062738817314,Celulandia,"Apple Watch Se 2Nd Gen (Gps) 44Mm Aluminum Case, Ink Sport Loop - Midnight",,,CT153,4880
10062738784546,Celulandia,"Apple Watch Se 2Nd Gen (Gps) 40Mm Aluminum Case, Lake Green Sport Loop - Starlight",,,CT152,4440
10062738751778,Celulandia,Apple Usb-C Woven Charge Cable (2M),,,CT151,630
10062738686242,Celulandia,Apple Usb-C Woven Charge Cable (1M),,,CT150,510
10062738653474,Celulandia,Apple Usb-C Magsafe Charger,,,CT149,760
10062738587938,Celulandia,Apple Pencil Pro White,,,CT148,2740
10062738489634,Celulandia,"Apple Ipad 11Th Gen - A16 Chip, 11In Display, 512Gb, Wi-Fi, Blue",,,CT147,14650
10062738456866,Celulandia,Apple Airtag - (4 Pack),,,CT146,2010
10062738424098,Celulandia,Apple Airpods Pro 2 W/ Active Noise Cancellation,,,CT145,4290
10062738391330,Celulandia,"Apple Airpods Max - (Usb-C), Starlight",,,CT144,10920
10062738358562,Celulandia,Apple Airpods 4 White,,,CT143,2600
10062738325794,Celulandia,Apple 20W Usb-C Power Adapter (Flat Pin),,,CT142,530
10062738260258,Celulandia,"Amazon Echo Spot - Smart Alarm Clock With Vibrant Sound And Alexa (2024), Glacier White",,,CT141,1480
10062738161954,Celulandia,"Amazon Echo Show 8 - 3Rd Generation 8.0In Smart Display With Alexa, Charcoal",,,CT140,2950
10062738096418,Celulandia,"Amazon Echo Show 5 - 3Rd Generation 5.5In Smart Display With Alexa, Charcoal",,,CT139,1810
10062738063650,Celulandia,Amazon Echo Pop Kids - Smart Speaker With Alexa - Disney Princess,,,CT138,930
10062738030882,Celulandia,"Amazon Echo Pop - 1St Generation Smart Speaker With Alexa, Lavender Bloom",,,CT137,950
10062737965346,Celulandia,"Amazon Echo Dot 5 Kids - 5Th Generation Smart Speaker With Alexa, Owl",,,CT136,1110
10062737899810,Celulandia,"Amazon Echo Dot 5 - 5Th Generation Smart Speaker With Alexa, Charcoal",,,CT135,1200
10062737834274,Celulandia,Xiaomi Redmi 15C 256Gb/8Ram,,,CT134,2810
10062737801506,Celulandia,Xiaomi Redmi 15C 128Gb/4Ram,,,CT133,2300
10062737768738,Celulandia,Xiaomi Poco X7 5G 512Gb/12Ram,,,CT132,5440
10062737703202,Celulandia,Xiaomi Poco M7 Pro 5G Dual 512Gb/12Ram,,,CT131,4250
10062737637666,Celulandia,Xiaomi Poco M7 Dual 256Gb/8Ram,,,CT130,2930
10062737604898,Celulandia,Xiaomi Poco M7 Dual 128Gb/6Ram,,,CT129,2620
10062737506594,Celulandia,Xiaomi Poco F8 Ultra Dual 512Gb/16Ram,,,CT128,15940
10062737473826,Celulandia,Xiaomi Poco F8 Ultra Dual 256Gb/12Ram,,,CT127,14740
10062737441058,Celulandia,Xiaomi Poco F8 Pro Dual 512Gb/12Ram,,,CT126,11630
10062737408290,Celulandia,Xiaomi Poco F8 Pro Dual 256Gb/12Ram,,,CT125,10430
10062737342754,Celulandia,Xiaomi Poco F7 Pro Dual 512Gb/12Ram,,,CT124,9350
10062737309986,Celulandia,Xiaomi Poco C85 Dual 256Gb/8Ram,,,CT123,2540
10062737277218,Celulandia,Xiaomi Poco C85 Dual 128Gb/6Ram,,,CT122,2240
10062737244450,Celulandia,Xiaomi Poco C71 Dual 64Gb/3Ram,,,CT121,1720
10062737211682,Celulandia,Xiaomi Poco C71 Dual 128Gb/4Ram,,,CT120,1960
10062737178914,Celulandia,Xiaomi 15T Pro Dual 512Gb/12Ram,,,CT119,15220
10062737146146,Celulandia,Xiaomi 15T Dual 512Gb/12Ram,,,CT118,11390
10062737113378,Celulandia,Sony Audifonos Wh-Ch720N,,,CT117,1650
10062737080610,Celulandia,Samsung Galaxy Watch 8 44Mm,,,CT116,4870
10062737047842,Celulandia,Samsung Galaxy Watch 8 40Mm,,,CT115,4730
10062737015074,Celulandia,Samsung Galaxy Buds Core,,,CT114,650
10062736982306,Celulandia,Samsung Galaxy Z Fold 7 512Gb/12Ram,,,CT111,35270
10062736916770,Celulandia,Samsung Galaxy Z Fold 7 1Tb/16Ram,,,CT110,40900
10062736884002,Celulandia,Samsung Galaxy Z Flip 7 Fe 256Gb/8Ram,,,CT109,14020
10062736818466,Celulandia,Samsung Galaxy Z Flip 7 Fe 128Gb/8Ram,,,CT108,14920
10062736785698,Celulandia,Samsung Galaxy Z Flip 7 512Gb/12Ram,,,CT107,20290
10062736687394,Celulandia,Samsung Galaxy Z Flip 7 256Gb/12Ram,,,CT106,18030
10062736654626,Celulandia,Samsung Galaxy Watch Ultra 47Mm 4G,,,CT105,7020
10062736589090,Celulandia,Samsung Galaxy Watch 7 44Mm,,,CT104,4220
10062736556322,Celulandia,Samsung Galaxy Watch 6 Classic Steel 47Mm,,,CT103,3960
10062736523554,Celulandia,Samsung Galaxy Watch 6 Classic Steel 43Mm,,,CT102,3700
10062736490786,Celulandia,Samsung Galaxy Tab A9 8.7'' 128Gb 8Ram,,,CT101,2620
10062736458018,Celulandia,Samsung Galaxy S26 Ultra Dual 512Gb/12Ram,,,CT100,33190
10062736294178,Celulandia,Samsung Galaxy S26 Ultra Dual 256Gb/12Ram,,,CT99,31190
10062736261410,Celulandia,Samsung Galaxy S26 Plus Dual 512Gb/12Ram,,,CT98,28860
10062736228642,Celulandia,Samsung Galaxy S26 Plus Dual 256Gb/12Ram,,,CT97,26310
10062736163106,Celulandia,Samsung Galaxy S26 Dual 512Gb/12Ram,,,CT96,23310
10062736130338,Celulandia,Samsung Galaxy S26 Dual 256Gb/12Ram,,,CT95,19530
10062736064802,Celulandia,Samsung Galaxy S25 Ultra 512Gb/12Ram,,,CT94,22550
10062736032034,Celulandia,Samsung Galaxy S25 Ultra 256Gb/12Ram,,,CT93,20190
10062735999266,Celulandia,Samsung Galaxy S25 Ultra 1Tb/12Ram,,,CT92,23730
10062735933730,Celulandia,Samsung Galaxy S25 Plus 512Gb/12Ram,,,CT91,17840
10062735868194,Celulandia,Samsung Galaxy S25 Plus 256Gb/12Ram,,,CT90,16660
10062735835426,Celulandia,Samsung Galaxy S25 Fe Dual 512Gb/8Ram,,,CT89,12300
10062735769890,Celulandia,Samsung Galaxy S25 Fe Dual 256Gb/8Ram,,,CT88,13480
10062735704354,Celulandia,Samsung Galaxy S25 Fe Dual 128Gb/8Ram,,,CT87,9830
10062735671586,Celulandia,Samsung Galaxy S25 256Gb/12Ram,,,CT86,14300
10062735638818,Celulandia,Samsung Galaxy S25 128Gb/12Ram,,,CT85,13120
10062735606050,Celulandia,Samsung Galaxy S24 Fe Dual 256Gb/8Ram,,,CT84,8690
10062735573282,Celulandia,Samsung Galaxy S24 Fe Dual 128Gb/8Ram,,,CT83,7920
10062735507746,Celulandia,Samsung Galaxy S24 256Gb/8Ram,,,CT82,10700
10062735474978,Celulandia,Samsung Galaxy Buds 3 Pro,,,CT81,2690
10062735442210,Celulandia,Samsung Galaxy Buds 3,,,CT80,2130
10062735409442,Celulandia,Samsung Galaxy A56 5G Dual 256Gb/12Ram,,,CT79,7470
10062735376674,Celulandia,Samsung Galaxy A56 5G Dual 128Gb/8Ram,,,CT113,6170
10062735311138,Celulandia,Samsung Galaxy A36 5G Dual 256Gb/8Ram,,,CT77,5760
10062735278370,Celulandia,Samsung Galaxy A36 5G Dual 128Gb/8Ram,,,CT76,5160
10062735245602,Celulandia,Samsung Galaxy A26 5G Dual 256Gb/8Ram,,,CT75,4490
10062735212834,Celulandia,Samsung Galaxy A26 5G Dual 128Gb/6Ram,,,CT74,4250
10062735180066,Celulandia,Samsung Galaxy A17 Dual 256Gb/8Ram,,,CT73,4060
10062735147298,Celulandia,Samsung Galaxy A17 Dual 128Gb/6Ram,,,CT72,3530
10062735081762,Celulandia,Samsung Galaxy A17 Dual 128Gb/4Ram,,,CT71,3410
10062735016226,Celulandia,Samsung Galaxy A17 5G Dual 128Gb/6Ram,,,CT70,4180
10062734983458,Celulandia,Samsung Galaxy A16 Dual 256Gb/8Ram,,,CT69,3410
10062734917922,Celulandia,Samsung Galaxy A16 Dual 128Gb/6Ram,,,CT68,2830
10062734885154,Celulandia,Samsung Galaxy A16 Dual 128Gb/4Ram,,,CT67,2590
10062734852386,Celulandia,Samsung Galaxy A16 5G Dual 256Gb/8Ram,,,CT66,3770
10062734819618,Celulandia,Samsung Galaxy A16 5G Dual 128Gb/6Ram,,,CT65,3290
10062734786850,Celulandia,Samsung Galaxy A16 5G Dual 128Gb/4Ram,,,CT64,2620
10062734754082,Celulandia,Samsung Galaxy A07 Dual 64Gb/4Ram,,,CT112,2060
10062734688546,Celulandia,Samsung Galaxy A06 Dual 64Gb/4Ram,,,CT60,1810
10062734655778,Celulandia,Samsung Galaxy A06 Dual 128Gb/4Ram,,,CT59,2000
10062734590242,Celulandia,Audifonos Samsung Galaxy Buds Fe,,,CT58,1100
10062734557474,Celulandia,Poco X8 Pro Max 5G 12+256,,,CT57,9230
10062734491938,Celulandia,Poco X8 Pro 5G 8+512,,,CT56,7310
10062734426402,Celulandia,Poco X8 Pro 5G 8+256,,,CT55,6650
10062734393634,Celulandia,Poco X8 Pro 5G 12+512,,,CT54,7910
10062734360866,Celulandia,Poco M8 Pro 5G Ram 512Gb/12Ram,,,CT53,7670
10062734295330,Celulandia,Poco M8 Pro 5G Ram 256Gb/8Ram,,,CT52,6410
10062734262562,Celulandia,Poco M8 5G 8Gb 512Gb/8Ram,,,CT51,5320
10062734164258,Celulandia,Poco M8 5G 8G 256Gb/8Ram,,,CT50,4520
10062734131490,Celulandia,Motorola Moto G56 Dual 256Gb/8Ram,,,CT49,3890
10062734065954,Celulandia,Motorola Moto G15 Dual 512Gb/4Ram,,,CT48,2690
10062734033186,Celulandia,Motorola Moto G15 Dual 256Gb/4Ram,,,CT47,2350
10062734000418,Celulandia,Motorola Moto G15 Dual 128Gb/4Ram,,,CT46,2100
10062733967650,Celulandia,Motorola Moto Edge 60 Pro Dual 512Gb/12Ram,,,CT45,8460
10062733902114,Celulandia,Motorola Moto Edge 60 Fusion Dual 256Gb/8Ram,,,CT44,5640
10062733869346,Celulandia,Motorola Moto Edge 50 Pro Dual 512Gb/12Ram,,,CT43,7820
10062733836578,Celulandia,Motorola Moto Edge 50 Fusion 5G Dual 256Gb/8Ram,,,CT42,4440
10062733803810,Celulandia,Motorola Moto E15 Dual 64Gb/2Ram,,,CT41,1760
10062733672738,Celulandia,Motorola G05 Dual 128Gb/4Ram,,,CT40,1860
10062733541666,Celulandia,Jbl Flip Essential 2,,,CT39,1390
10062733508898,Celulandia,Jbl Bocina Grip Bluetooth,,,CT38,1300
10062733476130,Celulandia,Audifonos Jbl Quantum 360P,,,CT37,830
10062733443362,Celulandia,Audifonos Jbl Live Flex,,,CT36,1270
10062733410594,Celulandia,Apple Iphone 17 Pro Max 256Gb,,,CT35,29970
10062733377826,Celulandia,Apple Iphone 17 Pro 256Gb,,,CT34,26850
10062733312290,Celulandia,Apple Iphone 17 Air 256Gb,,,CT33,23380
10062733279522,Celulandia,Apple Iphone 13 128Gb,,,CT31,5930
10062733213986,Celulandia,Apple Iphone 17 256Gb,,,CT32,19770
10062733181218,Celulandia,Apple Iphone 16E 128Gb,,,CT29,12250
10062733148450,Celulandia,Apple Iphone 16 Pro Max 256Gb,,,CT28,26550
10062733115682,Celulandia,Apple Iphone 16 Plus 256Gb,,,CT27,21250
10062733050146,Celulandia,Apple Iphone 16 Plus 128Gb,,,CT26,18540
10062733017378,Celulandia,Apple Iphone 16 256Gb,,,CT25,17220
10062732984610,Celulandia,Apple Iphone 16 128Gb,,,CT24,15810
10062732951842,Celulandia,Apple Iphone 15 Plus 128Gb,,,CT23,15690
10062732919074,Celulandia,Apple Iphone 15 128Gb,,,CT22,13430
10062732853538,Celulandia,Apple Iphone 14 128Gb,,,CT21,11710
10062732722466,Celulandia,Tecno Camon 40 Pro Dual 256Gb/8Ram,,,CT20,4780
10062732689698,Celulandia,Honor X9C Dual 256Gb/8Ram,,,CT19,5200
10062732656930,Celulandia,Honor X8C Dual 512Gb/8Ram,,,CT18,4730
10062732624162,Celulandia,Honor X8C Dual 256Gb/8Ram,,,CT17,4260
10062732591394,Celulandia,Honor X7D 256Gb/8Ram,,,CT16,4090
10062732525858,Celulandia,Honor X7D 128Gb/8Ram,,,CT15,3540
10062732493090,Celulandia,Honor X7C 256Gb/8Gb,,,CT14,3210
10062732460322,Celulandia,Honor X6C Dual 128Gb/6Ram,,,CT13,2420
10062732427554,Celulandia,Honor X5C Plus Dual 256Gb/4Ram,,,CT12,2340
10062732394786,Celulandia,Honor Magic7 Lite Dual 512Gb/8Ram,,,CT9,6470
10062732362018,Celulandia,Honor Magic7 Lite Dual 256Gb/8Ram,,,CT11,5080
10062732296482,Celulandia,Honor 400 Lite 5G 256Gb/8Gb,,,CT7,5040
10062732230946,Celulandia,Honor 400 5G 512Gb/12Gb,,,CT10,6900
10062732198178,Celulandia,Honor 200 Pro 512Gb/12Gb,,,CT5,8880
10062732165410,Celulandia,Honor 200 Lite 256Gb/8Gb,,,CT4,4010
10062732132642,Celulandia,Honor 200 Dual 256Gb/12Gb,,,CT3,6470
10062732099874,Celulandia,Honor 200 512Gb/12Gb,,,CT2,6830
10062732067106,Celulandia,"Apple Ipad 11"" A16 128Gb Wifi Blue Tecnol",,,CT1,7420
10062665122082,FixOEM:Refaccion Celular,Tapa Trasera Xiaomi Redmi Note 15 Pro Plus 5G 2508Rabdg Negro,Tapa Trasera,Xiaomi Redmi Note 15 Pro Plus 5G,4558,140
10062665056546,FixOEM:Refaccion Celular,Tapa Trasera Xiaomi Redmi Note 15 Pro Plus 5G 2508Rabdg Azul,Tapa Trasera,Redmi Note 15 Pro Plus 5G,4557,140
10062664958242,FixOEM:Refaccion Celular,Tapa Trasera Xiaomi Redmi Note 14 Pro 4G/5G 24094Rad4g Negro,Tapa Trasera,Xiaomi Redmi Note 14 Pro 4G | Xiaomi Redmi Note 14 Pro 5G,4556,130
10062664925474,FixOEM:Refaccion Celular,Tapa Trasera Xiaomi Redmi Note 14 Pro 4G/5G 24094Rad4g Morado,Tapa Trasera,Xiaomi Redmi Note 14 Pro 4G | Xiaomi Redmi Note 14 Pro 5G,4555,130
10062664892706,FixOEM:Refaccion Celular,Tapa Trasera Xiaomi Redmi Note 13 Pro Plus 23090Ra98g,Tapa Trasera,Xiaomi Redmi Note 13 Pro Plus,4554,130
10062664827170,FixOEM:Refaccion Celular,Tapa Trasera Xiaomi Redmi Note 13 Pro 4G 23117Ra68g Negro,Tapa Trasera,Xiaomi Redmi Note 13 Pro 4G,4553,120
10062664794402,FixOEM:Refaccion Celular,Tapa Trasera Xiaomi Redmi Note 13 Azul 23129Ra5fl,Tapa Trasera,Xiaomi Redmi Note 13,4552,110
10062664761634,FixOEM:Refaccion Celular,Tapa Trasera Xiaomi Redmi Note 13 4G 23129Ra5fl Negro,Tapa Trasera,Xiaomi Redmi Note 13 4G,4551,110
10062664728866,FixOEM:Refaccion Celular,Tapa Trasera Xiaomi Poco F7 Pro 24117Rk2cg Negro,Tapa Trasera,Poco F7 Pro,4550,130
10062664696098,FixOEM:Refaccion Celular,Tapa Trasera Vivo Y21 V2111 Negro,Tapa Trasera,Vivo Y21,4549,90
10062664663330,FixOEM:Refaccion Celular,Tapa Trasera Samsung Z Flip 7 F766,Tapa Trasera,Samsung Z Flip 7,4548,290
10062664630562,FixOEM:Refaccion Celular,Tapa Trasera Samsung A56 A566 Rosa,Tapa Trasera,Samsung A56,4547,90
10062664565026,FixOEM:Refaccion Celular,Tapa Trasera Samsung A55 A556 Azul,Tapa Trasera,Samsung A55,4546,80
10062664499490,FixOEM:Refaccion Celular,Tapa Trasera Samsung A54 A546 Lila,Tapa Trasera,Samsung A54,4545,80
10062664466722,FixOEM:Refaccion Celular,Tapa Trasera Realme C75 Rmx3941,Tapa Trasera,Realme C75,4544,120
10062664433954,FixOEM:Refaccion Celular,Tapa Trasera Realme 6 Pro Rmx2061,Tapa Trasera,Realme 6 Pro,4543,90
10062664401186,FixOEM:Refaccion Celular,Tapa Trasera Oppo A80 4G Cph2639 Negro,Tapa Trasera,Oppo A80 | Oppo A80 4G,4542,140
10062664368418,FixOEM:Refaccion Celular,Tapa Trasera Oneplus 10 Pro Ne2215 Negro,Tapa Trasera,OnePlus 10 Pro,4541,550
10062664302882,FixOEM:Refaccion Celular,Tapa Trasera Moto G84 Xt2347-2 Azul,Tapa Trasera,Moto G84,4540,90
10062664171810,FixOEM:Refaccion Celular,Tapa Trasera Moto G22 Xt2231-1 Azul,Tapa Trasera,Moto G22,4539,70
10062664073506,FixOEM:Refaccion Celular,Tapa Trasera Iphone 13 A2633 Negro,Tapa Trasera,iPhone 13,4538,50
10062663975202,FixOEM:Refaccion Celular,Tapa Trasera Iphone 12 A2403 Negro,Tapa Trasera,iPhone 12,4537,50
10062663844130,FixOEM:Refaccion Celular,Tapa Trasera Honor X6A Wdy-Lx3 Azul,Tapa Trasera,Honor X6A,4536,100
10062663745826,FixOEM:Refaccion Celular,Tapa Trasera Honor Magic 8 Lite Mtn-Nx3 Negro,Tapa Trasera,Honor Magic 8 Lite,4535,120
10062663647522,FixOEM:Refaccion Celular,Tapa Trasera Google Pixel Fold 2023 G9fpl Gris,Tapa Trasera,Google Pixel Fold 2023,4534,550
10062663549218,FixOEM:Refaccion Celular,Spen Samsung S25 Ultra Ej-Ps938 Negro,S Pen,Galaxy S25 Ultra,4533,150
10062663450914,FixOEM:Refaccion Celular,Marco Xiaomi Redmi A5 25028Rn03l,Tapa,Xiaomi Redmi A5,4532,100
10062663319842,FixOEM:Refaccion Celular,Bisel Xiaomi Poco F5 Pro 23013Pc75g,Marco,Poco F5 Pro,4531,240
10062663221538,FixOEM:Refaccion Celular,Marco Vivo Y21 V2111,Tapa Trasera,Vivo Y21,4530,130
10062663123234,FixOEM:Refaccion Celular,Marco Samsung A54 A546,Marco,Samsung Galaxy A54,4529,160
10062663024930,FixOEM:Refaccion Celular,Bisel Samsung A34 A346,"Tapa Trasera Modelos Compatibles: 1. Samsung Galaxy A34 Detalles: 1.Bisel de carcasa 2. Propósito: fijar y alinear la tapa trasera y componentes internos del Samsung Galaxy A34 3. Características especiales: ajuste preciso, compatibilidad con tornillería original, borde mecanizado, acabado en color negro",Samsung Galaxy A34,4528,90
10062662959394,FixOEM:Refaccion Celular,Marco Samsung A25 A256,Tapa Trasera,Samsung Galaxy A25,4527,90
10062662861090,FixOEM:Refaccion Celular,Marco Samsung A24 A245,Tapa Trasera,Samsung A24,4526,90
10062662697250,FixOEM:Refaccion Celular,Marco Samsung A14 A145,Marco,Samsung A14,4525,80
10062662631714,FixOEM:Refaccion Celular,Marco Oppo A80 4G Cph2639,Tapa Trasera,Oppo A80 4G,4524,140
10062662566178,FixOEM:Refaccion Celular,Marco Motorola E20 Xt2155-1,Marco de carcasa,Motorola E20,4523,70
10062662533410,FixOEM:Refaccion Celular,Lente Camara Xiaomi Redmi Note 15 Pro Plus 5G 2508Rabdg,Lente Cámara,Redmi Note 15 Pro Plus 5G,4521,50
10062662500642,FixOEM:Refaccion Celular,Lente Camara Vivo Y36 V2247,Lente Cámara,Vivo Y36,4520,50
10062662467874,FixOEM:Refaccion Celular,Lente Camara Samsung A24 A245,Lente Cámara,Samsung A24,4519,50
10062662435106,FixOEM:Refaccion Celular,Lente Camara Realme C75 Rmx3941,Lente Cámara,Realme C75,4518,50
10062662402338,FixOEM:Refaccion Celular,Lente Camara Xiaomi Poco F7 Ultra 24122Rkc7g,Lente Cámara,Poco F7 Ultra,4517,50
10062662336802,FixOEM:Refaccion Celular,Lente Camara Moto Edge 50 Xt2407-1,Lente Cámara,Moto Edge 50,4515,50
10062662304034,FixOEM:Refaccion Celular,Lente Camara Honor X7D Lgn-Lx3,Lente Cámara,Honor X7D,4514,50
10062662271266,FixOEM:Refaccion Celular,Lente Camara Honor Magic 8 Lite Mtn-Nx3,Lente Cámara,Honor Magic 8 Lite,4513,50
10062662238498,FixOEM:Refaccion Celular,Lente Camara Honor 90 Smart Clk-Nx1,Lente Cámara,Honor 90 Smart,4512,50
10062662205730,FixOEM:Refaccion Celular,Lente Camara Honor 400 Dny-Nx9,Lente Cámara,Honor 400,4511,50
10062662172962,FixOEM:Refaccion Celular,Flex Interconexion Samsung Z Flip 4 F721,Cable Flex,Samsung Z Flip 4,4510,260
10062662140194,FixOEM:Refaccion Celular,Flex Interconexion Samsung A36 A366,Cable Flex,Samsung Galaxy A36,4509,60
10062662074658,FixOEM:Refaccion Celular,Flex Interconexión Oppo Reno 12 Cph2625,Cable Flex,Oppo Reno 12,4508,80
10062662041890,FixOEM:Refaccion Celular,Flex Interconexion Motorola G52 Xt2221-1,Flex de Interconexión,Motorola G52,4507,60
10062662009122,FixOEM:Refaccion Celular,Flex Interconexión Lcd Xiaomi Mi 11 Lite M2101k9ag,Cable Flex,Xiaomi Mi 11 Lite,4506,50
10062661976354,FixOEM:Refaccion Celular,Flex Interconecion Xiaomi Redmi Note 14 Pro 4G 24094Rad4g,Cable Flex,Xiaomi Redmi Note 14 Pro 4G,4505,50
10062661878050,FixOEM:Refaccion Celular,Flex Huella Zte Blade V41 8045,Cable Flex,Zte V41,4504,130
10062661812514,FixOEM:Refaccion Celular,Flex Huella Xiaomi Poco X7 24095Pcadg,Cable Flex,Xiaomi Poco X7,4503,130
10062661779746,FixOEM:Refaccion Celular,Flex Huella Realme C55 Rmx3710,Cable Flex,Realme C55,4502,110
10062661746978,FixOEM:Refaccion Celular,Flex Huella Moto G71 Xt2169-1 Azul,Tapa Trasera,Moto G71,4501,150
10062661714210,FixOEM:Refaccion Celular,Flex Encendido Xiaomi Redmi Note 14 4G 24094Rad4g,Flex de Encendido,Xiaomi Redmi Note 14 4G,4500,50
10062661681442,FixOEM:Refaccion Celular,Flex Encendido Xiaomi Poco X7 Pro 2412Dpc0ag,Cable Flex,Xiaomi Poco X7 Pro,4499,50
10062661648674,FixOEM:Refaccion Celular,Flex Encendido Xiaomi Mi 10 Lite M2002j9g,Cable Flex,Xiaomi Mi 10 Lite,4498,50
10062661615906,FixOEM:Refaccion Celular,Flex Encendido Vivo V30 V2318,Cable Flex,Vivo V30,4497,50
10062661583138,FixOEM:Refaccion Celular,Flex Encendido Vivo V25E V2201,Cable Flex,Vivo V25E,4496,50
10062661550370,FixOEM:Refaccion Celular,Flex Encendido Samsung A54 A546,Cable Flex,Samsung A54,4495,50
10062661517602,FixOEM:Refaccion Celular,Flex Encendido Samsung A34 A346,Cable Flex,Samsung Galaxy A34,4494,50
10062661484834,FixOEM:Refaccion Celular,Flex Encendido Oppo Reno 13F Cph2699,Cable Flex,Oppo Reno 13F,4492,50
10062661452066,FixOEM:Refaccion Celular,Flex Encendido Honor X6C Nic-Lx,Cable Flex,Honor X6C,4491,50
10062661419298,FixOEM:Refaccion Celular,Flex Bisagra Samsung Z Flip 3 F711,Cable Flex,Samsung Z Flip 3,4490,230
10062661386530,FixOEM:Refaccion Celular,Charola Samsung Z Fold 6 F956 Negro,Charola SIM,Samsung Z Fold 6,4489,60
10062661353762,FixOEM:Refaccion Celular,Charola Sim Xiaomi Poco F5 23049Pcd8g,Charola SIM,Poco F5,4488,50
10062661320994,FixOEM:Refaccion Celular,Charola Sim Xiaomi Poco F3 M2012k11ag,Charola SIM,Xiaomi Poco F3,4487,50
10062661222690,FixOEM:Refaccion Celular,Charola Sim Samsung A04S A047,Charola SIM,Samsung A04S,4486,50
10062661189922,FixOEM:Refaccion Celular,Charola Sim Redmi Note 11 2201117Tg / 11S 2201117Sg,Charola SIM,Redmi Note 11 | Redmi Note 11S,4485,50
10062661157154,FixOEM:Refaccion Celular,Charola Sim Redmi Note 11 4G 2201117Tg,Tapa SIM,Redmi Note 11 4G,4484,50
10062661124386,FixOEM:Refaccion Celular,Charola Sim Redmi 13C 23106Rn0da,Charola SIM,Redmi 13C,4483,50
10062661091618,FixOEM:Refaccion Celular,Charola Sim Realme C67 Rmx3890 Negro,Charola SIM,Realme C67,4482,50
10062661058850,FixOEM:Refaccion Celular,Charola Sim Realme 14 Pro 5G Rmx5056,Charola SIM,Realme 14 Pro 5G,4481,50
10062661026082,FixOEM:Refaccion Celular,Charola Sim Moto Razr 60 Xt2553 Negro,Charola SIM,Moto Razr 60,4480,90
10062660993314,FixOEM:Refaccion Celular,Charola Sim Moto G71 Xt2169-1 Negro,Charola SIM,Moto G71,4479,50
10062660960546,FixOEM:Refaccion Celular,Charola Sim Moto G55 Xt2435-1,Charola SIM,Moto G55,4478,50
10062660927778,FixOEM:Refaccion Celular,Charola Sim Moto Edge 50 Neo Xt2409-1,Charola SIM,Moto Edge 50 Neo,4477,50
10062660862242,FixOEM:Refaccion Celular,Charola Sim Moto Edge 30 Pro Xt2201-1 Negro,Charola SIM,Moto Edge 30 Pro,4476,50
10062660829474,FixOEM:Refaccion Celular,Charola Sim Moto E13 Xt2345-3,Charola SIM,Moto E13,4475,50
10062660796706,FixOEM:Refaccion Celular,Charola Sim Honor Magic 8 Lite Mtn-Nx3,Charola SIM,Honor Magic 8 Lite,4474,50
10062660763938,FixOEM:Refaccion Celular,Charola Sim Edge 60 Pro XT2507-1,Charola SIM,Edge 60 Pro,4473,50
10062660731170,FixOEM:Refaccion Celular,Charola Sim Cubot King Kong Power,Charola SIM,Cubot King Kong Power,4472,170
10062660698402,FixOEM:Refaccion Celular,Charola Sim Cubot King Kong 8,Charola SIM,Cubot King Kong 8,4471,170
10062660632866,FixOEM:Refaccion Celular,Centro Carga Zte Blade V70 Max Z2467,Cable Flex,Zte Blade V70 Max,4470,110
10062660600098,FixOEM:Refaccion Celular,Centro Carga Xiaomi Redmi A3X 24048Rn6cI,Centro de Carga,Xiaomi Redmi A3X,4469,60
10062660469026,FixOEM:Refaccion Celular,Centro Carga Xiaomi Redmi 15C 2508Crn2bI,Centro de Carga,Xiaomi Redmi 15C,4468,60
10062660436258,FixOEM:Refaccion Celular,Centro Carga Samsung S21 Fe 5G G990,Centro Carga,Samsung Galaxy S21 FE 5G,4467,250
10062660370722,FixOEM:Refaccion Celular,Centro Carga Realme C75 4G Rmx3941,Conector de Carga,Realme C75 4G,4466,80
10062660337954,FixOEM:Refaccion Celular,Centro Carga Oppo A80 Cph2639,Centro Carga,Oppo A80,4465,80
10062660305186,FixOEM:Refaccion Celular,Centro Carga Moto Edge 50 Neo Xt2409-1,Centro de Carga,Moto Edge 50 Neo,4464,90
10062660272418,FixOEM:Refaccion Celular,Centro Carga Honor 400 Dny-Nx9,Centro de Carga,Honor 400,4463,380
10062660206882,FixOEM:Refaccion Celular,Bisel Zte Blade A55 Z2355,Bisel,Zte Blade A55,4462,130
10062660174114,FixOEM:Refaccion Celular,Bisel Zte Axon 60 Lite Z2350,Tapa trasera,ZTE Axon 60 Lite,4460,130
10062660141346,FixOEM:Refaccion Celular,Bisel Xiaomi Redmi Note 12 4G 23021Raaeg,Bisel,Redmi Note 12 4G,4459,70
10062660108578,FixOEM:Refaccion Celular,Bisel Vivo Y53S V2058,Tapa Trasera,Vivo Y53S,4458,70
10062660075810,FixOEM:Refaccion Celular,Bisel Vivo Y35 V2205,Bisel de pantalla,Vivo Y35,4457,70
10062660043042,FixOEM:Refaccion Celular,Bisel Vivo V25E V2201,Bisel,Vivo V25E,4456,70
10062659977506,FixOEM:Refaccion Celular,Bisel Samsung A14 5G A146,Tapa Trasera,Samsung Galaxy A14 5G,4455,70
10062659944738,FixOEM:Refaccion Celular,Bisel Realme C67 Rmx3890,Tapa,Realme C67,4454,240
10062659911970,FixOEM:Refaccion Celular,Bisel Oppo A78 Cph2483,Tapa Trasera,Oppo A78,4452,70
10062659879202,FixOEM:Refaccion Celular,Bisel Oppo A58 Cph2577,Tapa Trasera,Oppo A58,4451,70
10062659846434,FixOEM:Refaccion Celular,Bisel Moto G15 Xt2521-2,Bisel,Motorola G15,4450,100
10062659813666,FixOEM:Refaccion Celular,Bisel Moto G85 Xt2427-1,Bisel,Moto G85,4449,150
10062659780898,FixOEM:Refaccion Celular,Bisel Moto G54 Xt2343-2,Tapa Trasera,Moto G54,4447,100
10062659715362,FixOEM:Refaccion Celular,Bisel Moto G52 Xt2221-1,Tapa Trasera,Moto G52,4446,100
10062659682594,FixOEM:Refaccion Celular,Bisel Moto E30 Xt2158-1,Tapa Trasera,Moto E30,4445,70
10062659649826,FixOEM:Refaccion Celular,Bisel Honor X5B Plus Gfy-Lx3,Bisel,Honor X5B Plus,4444,70
10062659617058,FixOEM:Refaccion Celular,Bisel Honor Magic 5 Lite Rmo-Nx1,Tapa Frontal,Honor Magic 5 Lite,4443,200
10062659584290,FixOEM:Refaccion Celular,Bisel Honor 70 Fne-Nx9,Tapa,Honor 70,4442,220
10062659551522,FixOEM:Refaccion Celular,Auricular Samsung S23 Plus S916,Tapa Trasera,Samsung Galaxy S23+,4441,120
10062659518754,FixOEM:Refaccion Celular,Altavoz Xiaomi Redmi Note 13 4G 23129Ra5fl,Altavoz,Redmi Note 13 4G,4440,50
10062659485986,FixOEM:Refaccion Celular,Altavoz Xiaomi Redmi Note 12 4G 23021Raaeg,Altavoz,Xiaomi Redmi Note 12 4G,4439,50
10062659453218,FixOEM:Refaccion Celular,Altavoz Xiaomi Poco X5 22111317Pg,Altavoz,Poco X5,4438,50
10062659420450,FixOEM:Refaccion Celular,Altavoz Samsung S25 Plus S936,Altavoz,Samsung S25 Plus,4437,60
10062659387682,FixOEM:Refaccion Celular,Altavoz Samsung A54 A546,Altavoz,Samsung A54,4436,50
10062659322146,FixOEM:Refaccion Celular,Altavoz Samsung A16 A165 4G,Altavoz,Samsung A16,4434,70
10062659256610,FixOEM:Refaccion Celular,Altavoz Oppo A54 Cph2239,Altavoz,Oppo A54,4433,50
10062659158306,FixOEM:Refaccion Celular,Altavoz Oppo A40 Cph2669,Altavoz,Oppo A40,4432,50
10062659125538,FixOEM:Refaccion Celular,Altavoz Moto G52 Xt2221-1,Altavoz,Moto G52,4430,70
10062659060002,FixOEM:Refaccion Celular,Altavoz Moto G05 Xt2523-2,Altavoz,Moto G05,4429,50
10062659027234,FixOEM:Refaccion Celular,Altavoz Iphone 14 A2882,Altavoz,iPhone 14,4428,120
10062658994466,FixOEM:Refaccion Celular,Altavoz Iphone 13 A2633,Altavoz,iPhone 13,4427,240
10062658961698,FixOEM:Refaccion Celular,Altavoz Iphone 12 A2403,Altavoz,iPhone 12,4426,110
10062658928930,FixOEM:Refaccion Celular,Auricular + Face Id Iphone 16 Pro Max A3296,Auricular,iPhone 16 Pro Max,4425,120
10062658896162,FixOEM:Refaccion Celular,Auricular + Face Id Iphone 16 Pro A3293,Conjunto Auricular y Face ID,iPhone 16 Pro,4424,120
10062658863394,FixOEM:Refaccion Celular,Flexor Face Id Iphone 16 A3287,Módulo Auricular y Face ID,iPhone 16,4423,140
10062658830626,FixOEM:Refaccion Celular,Flexor  Face Id Iphone 15 Pro Max A3106,Auricular y Face ID,iPhone 15 Pro Max,4422,110
10062658797858,FixOEM:Refaccion Celular,Flexor Face Id Iphone 15 Pro A3102,Tapa Trasera,iPhone 15 Pro,4421,110
10062658732322,FixOEM:Refaccion Celular,Auricular + Face Id Iphone 15 A3090,Cable Flex,iPhone 15,4420,110
10062658699554,FixOEM:Refaccion Celular,Auricular + Face Id Iphone 14 Pro Max A2894,Tapa Frontal,iPhone 14 Pro Max,4419,720
10062658666786,FixOEM:Refaccion Celular,Auricular + Face Id Iphone 14 Pro A2890,Tapa Frontal,iPhone 14 Pro,4418,720
10062658634018,FixOEM:Refaccion Celular,Auricular + Face Id Iphone 14 A2882,Pantalla,Iphone 14,4417,140
10062658601250,FixOEM:Refaccion Celular,Auricular + Face Id Iphone 13 Pro A2638,Pantalla,Iphone 13 Pro,4415,190
10062658535714,FixOEM:Refaccion Celular,Auricular + Face Id Iphone 13 A2633,Auricular + Face Id,Iphone 13,4414,140
10062658470178,FixOEM:Refaccion Celular,Prensa Precalentadora Desmontaje Ma Ant Sc-01,Herramienta,Ma Ant SC-01,4413,750
10062658437410,FixOEM:Refaccion Celular,Estacion Soldar Cautin 210/115 Ma Ant 2S,Herramienta,Universal,4412,1760
10062008221986,FixOEM:Refaccion Celular,Display Samsung Original Note 20 Ultra Sm-N770 C/Marco Rojo,Pantalla,Samsung Galaxy Note 20 Ultra SM-N770,SDI185,1800
10062008189218,FixOEM:Refaccion Celular,Bateria Samsung Orifginal Note 10 Lite,Batería,Samsung Galaxy Note 10 Lite,SBA083,300
10062008156450,FixOEM:Refaccion Celular,Tarjeta Logica Samsung Original S5E,Tarjeta Lógica,Samsung Galaxy Tab S5e,STL001,1700
10062008058146,FixOEM:Refaccion Celular,Display Samsung Original S10 Sm-G973F C/Marco Plata,Pantalla,Samsung Galaxy S10 SM-G973F,SDI184,2300
10062007992610,FixOEM:Refaccion Celular,Display Samsung Original Tab A7 Lite Sm-T220 Blanco,Pantalla,Tab A7 Lite SM-T220,SDI183,900
10062007959842,FixOEM:Refaccion Celular,Display Samsung Original Note 10 Plus 976B S/Marco,Pantalla,Samsung Galaxy Note 10 Plus (N976B),SDI182,2700
10061410468130,FixOEM:Refaccion Celular,Display Oppo Reno 12F OLED,Pantalla,Oppo Reno 12F,2742,500
10060595331362,FixOEM:Refaccion Celular,Display Infinix Note 50 Pro Oled,Pantalla,Infinix Note 50 Pro,4411,770
10048567279906,FixOEM:Refaccion Celular,Flex Face Id Iphone 16 Pro Max JCID,Cable Flex,iPhone 16 Pro Max,4410,730
10048567247138,FixOEM:Refaccion Celular,Flex Face Id Iphone 16 / 16 Plus JCID,Cable Flex,iPhone 16 | iPhone 16 Plus,4409,730
10048567148834,FixOEM:Refaccion Celular,Flex Face Id Iphone 15 / 15 Plus JCID,Cable Flex,iPhone 15 | iPhone 15 Plus,4408,470
10048566788386,FixOEM:Refaccion Celular,Flex Face Id Iphone 15 Pro Max JCID,Cable Flex,iPhone 15 Pro Max,4407,470
10048566755618,FixOEM:Refaccion Celular,Flex Face Id Iphone 14 Pro Max JCID,Cable Flex,iPhone 14 Pro Max,4406,410
10048566722850,FixOEM:Refaccion Celular,Flex Face Id Iphone 13 / 13 Mini JCID,Cable Flex,iPhone 13 | iPhone 13 mini,4405,350
10048566624546,FixOEM:Refaccion Celular,Adaptador Expansion Face Id Iphone 17 V1S Pro V1Se V1S Plus JCID,Accesorio,Iphone 17 | V1S Pro | V1Se | V1S Plus,4404,180
10048566591778,FixOEM:Refaccion Celular,Sonda Lectura Escritura Bateria Ipad V1S Pro V1Se V1S Plus JCID,Herramienta,iPad V1S Pro | iPad V1Se | iPad V1S Plus,4403,490
10048566526242,FixOEM:Refaccion Celular,Kit Lectura Escritura Bateria Ipad V1S Pro V1Se V1S Plus JCID,Tapa Trasera,iPad V1S Pro | iPad V1Se | iPad V1S Plus,4402,1010
10048566493474,FixOEM:Refaccion Celular,Adaptador True Tone Iphone 17 V1S Pro V1Se V1S Plus JCID,Tapa Trasera,Iphone 17 | V1S Pro | V1Se | V1S Plus,4401,1030
10048566460706,FixOEM:Refaccion Celular,Modulo Bga315 Iphone 14 / 15 Pro Max JCID,Tapa Trasera,iPhone 14 Pro Max | iPhone 15 Pro Max,4400,3690
10048566133026,FixOEM:Refaccion Celular,Stencil Reballing Wifi 135 JCID,Herramienta,JCID,4399,70
10048566100258,FixOEM:Refaccion Celular,Chip Wifi Iphone 15 / 15 Plus JCID,Tapa Trasera,iPhone 15 | iPhone 15 Plus,4398,550
10048566034722,FixOEM:Refaccion Celular,Modulo Activacion Wifi P15 Bga14X15 JCID,Módulo Activación Wifi,P15 | Bga14X15 | JCID,4397,3190
10048566001954,FixOEM:Refaccion Celular,Modulo Activacion Wifi P15 Bga15X16 JCID,Módulo Activación Wifi,P15,4396,3190
10048565969186,FixOEM:Refaccion Celular,Modulo Activacion Wifi P15 Bga14X14 JCID,Módulo Activación Wifi,P15,4395,3190
10047192989986,FixOEM :Repuestos Celular+ Micro Electrónica,Lente camara Google Pixel 8 Pro,Lente Cámara,Google Pixel 8 Pro,4394,60
10046583341346,FixOEM :Repuestos Celular+ Micro Electrónica,Conector Activador Batería FPC iPhone 6 – 16 Pro Max MA ANT M062,Conector FPC de batería,iPhone 6 | iPhone 16 Pro Max,4393,120
10044642394402,FixOEM :Repuestos Celular+ Micro Electrónica,Display Google Pixel 7 IPS,Pantalla,Google Pixel 7,4392,630
10043866349858,FixOEM :Repuestos Celular+ Micro Electrónica,Bateria FixOEM Iphone 15 Pro Max Diagnostico Autoprogramable A3121,Batería,iPhone 15 Pro Max,4391,440
10043866284322,FixOEM :Repuestos Celular+ Micro Electrónica,Bateria FixOEM Iphone 15 Pro Diagnostico Autoprogramable A3011,Batería,iPhone 15 Pro,4390,410
10043866251554,FixOEM :Repuestos Celular+ Micro Electrónica,Bateria FixOEM Iphone 15 Plus Diagnostico Autoprogramable A3039 A2847,Batería,iPhone 15 Plus,4389,340
10043866218786,FixOEM :Repuestos Celular+ Micro Electrónica,Bateria FixOEM Iphone 15 Diagnostico Autoprogramable A3090,Batería,iPhone 15,4388,340
10043866186018,FixOEM :Repuestos Celular+ Micro Electrónica,Bateria FixOEM Iphone 14 Pro Max Diagnostico AutoprogramableA2651 A2893 A2894 A2895 A2896,Batería,iPhone 14 Pro Max,4387,440
10043866153250,FixOEM :Repuestos Celular+ Micro Electrónica,Bateria FixOEM Iphone 14 Pro Diagnostico Autoprogramable A2866 A2650 A2889 A2890,Batería,iPhone 14 Pro,4386,390
10043866120482,FixOEM :Repuestos Celular+ Micro Electrónica,Bateria FixOEM Iphone 14 Plus Diagnostico Autoprogramable A2850,Batería,iPhone 14 Plus,4385,340
10043866087714,FixOEM :Repuestos Celular+ Micro Electrónica,Bateria FixOEM Iphone 14 Diagnostico AutoprogramableA2863 A2649 A2881 A2882,Batería,iPhone 14,4384,310
10043866054946,FixOEM :Repuestos Celular+ Micro Electrónica,Bateria FixOEM Iphone 13 Pro Max Diagnostico Autoprogramable A2653 A2643 A2484 A2641,Batería,iPhone 13 Pro Max,4383,460
10043866022178,FixOEM :Repuestos Celular+ Micro Electrónica,Bateria FixOEM Iphone 13 Mini Diagnostico AutoprogramableA2660 A2628 A2481 A2626,Batería,iPhone 13 Mini,4382,280
10043865989410,FixOEM :Repuestos Celular+ Micro Electrónica,Bateria FixOEM Iphone 13 Pro Diagnostico Autoprogramable A2656 A2638 A2483 A2636,Batería,Iphone 13 Pro,4381,360
10043865956642,FixOEM :Repuestos Celular+ Micro Electrónica,Bateria FixOEM Iphone 13 Diagnostico Autoprogramable A2655 A2633 A2482 A2631,Batería,iPhone 13,4380,290
10043865923874,FixOEM :Repuestos Celular+ Micro Electrónica,Bateria FixOEM Iphone 12 Pro Max Diagnostico Autoprogramable A2342 A2411 A2410 A2412 A2466,Batería,iPhone 12 Pro Max,4379,370
10043865891106,FixOEM :Repuestos Celular+ Micro Electrónica,"Bateria FixOEM Iphone 12 Mini Diagnostico Autoprogramable A2176, A2398, A2399",Batería,iPhone 12 Mini,4378,270
10043865858338,FixOEM :Repuestos Celular+ Micro Electrónica,Bateria FixOEM Iphone 12 / 12 Pro Diagnostico Autoprogramable A2172 A2402 A2403 A2404 A2341 A2406 A2407 A2408 A2479,Batería,iPhone 12 | iPhone 12 Pro,4377,300
10043865825570,2UUL,Ventilador Extractor Humo Lampara 2Uul Da98,"Herramienta Modelos Compatibles: 1. Da98 Detalles: 1. Ventilador de extracción de humo 2. Propósito: extracción de humo durante soldadura y desoldadura en bancada de reparación 3. Características especiales: diseño compacto, montaje en banco de trabajo, funcionamiento estable y silencioso",Da98,4376,360
10043865727266,2UUL,Stencil Plantilla Reballing Universal Bga 2Uul Bg02,Herramienta Modelos Compatibles: 1. BG02 Detalles: 1. Stencil de reballing BGA 2. Propósito: plantilla de reballing para paquetes BGA 3. Características especiales: universal; compatible con BG02; alta precisión de perforaciones; marcajes de alineación,BG02,4375,90
10043865661730,2UUL,Base Separacion Precalentadora Extraccion Chip Tarjeta 2Uul Da10,"Herramienta Modelos Compatibles: 1. Da10 Detalles: 1. Precalentadora para extracción de chips 2. Propósito: facilitar extracción de chips en tarjetas mediante precalentamiento 3. Características especiales: control de temperatura estable, distribución de calor uniforme, protección contra sobrecalentamiento",Da10,4374,920
10043865563426,2UUL,Cable Pulpo Probador Activacion Mac PC Computadora Diagnostico Reparacion 2Uul Pw08,Cable de diagnóstico Modelos Compatibles: 1. Desconocido Detalles: 1. Tipo o tecnología del producto: Cable de diagnóstico y activación 2. Propósito: Diagnóstico y reparación de dispositivos Mac 3. Características especiales: Pw08,Desconocido,4372,1200
10043865530658,2UUL,Protector Camara Magnetico 2Uul Da35,"Protector de Cámara Modelos Compatibles: 1. DA35 Detalles: 1. Protector de cámara magnético 2. Propósito: protección de la lente de la cámara trasera 3. Características especiales: recubrimiento antiarañazos, montaje magnético, adaptación exacta para DA35}",DA35,4371,50
10043865497890,2UUL,Cable Activacion Iphone 7-17 Series 2Uul Pw10,Cable Flex,Iphone 7-17 Series,4370,210
10043865465122,2UUL,Pegamento Uv Transparente 25G 2Uul G101,"Adhesivo UV Modelos Compatibles: 1. No especificado Detalles: 1. Pegamento UV transparente 2. Propósito: adhesión y sellado en reparaciones de pantallas y componentes de dispositivos móviles 3. Características especiales: curado por UV, 25G, código G101, transparente, alta adherencia",No especificado,4369,100
10043865399586,2UUL,Precalentador Plancha Pcb Reballing Tarjeta 2Uul Ph11,"Herramienta Modelos Compatibles: 1. Ph11 Detalles: 1. Precalentador de PCB 2. Propósito: calentamiento previo para reballing y reparación de tarjetas 3. Características especiales: control de temperatura preciso, calefacción uniforme, protección contra sobrecalentamiento",Ph11,4368,670
10043865334050,2UUL,Resistol Pegamento Marco Pantalla 50Ml 2Uul G302,"Herramienta Modelos Compatibles: 1. G302 Detalles: 1. Tipo o tecnología del producto: Adhesivo para marco de pantalla 2. Propósito: fijar y sellar el marco de pantalla en dispositivos durante el ensamblaje o reparación 3. Características especiales: envase de 50 ml, alta precisión de aplicación, adherencia estable}",G302,4367,50
10043865235746,Ma Ant,Bastones Limpieza Precision Ma Ant,Bastones de limpieza,N/A,4365,60
10043865202978,Ma Ant,Hilo Separador Pantallas 0.1Mm Ma Ant,Herramienta,Desconocido,4364,70
10043865137442,Ma Ant,Maquina Vacio Separadora Quitar Burbuja Pantalla Celular Ma Ant T-8,Herramienta,T-8,4362,4000
10043865071906,Ma Ant,Base Prueba Limpieza Apple Watch Ma Ant Aw Tester,Herramienta,Apple Watch,4360,2250
10043865039138,Ma Ant,Placa Base Activacion Prueba Iphone 15Pro 15Promax Ma Ant M15-B,Placa Base,iPhone 15 Pro | iPhone 15 Pro Max,4359,1670
10043865006370,Ma Ant,Placa Base Activacion Prueba Iphone 15- 15Plus Ma Ant M15-A,Placa Base,iPhone 15 | iPhone 15 Plus,4358,1670
10043864908066,Ma Ant,Camara Termica Deteccion Corto Tarjeta Ma Ant Rc-6,Cámara Térmica,RC-6,4357,7200
10043864875298,Ma Ant,Detector Señal Tarjeta Diagnostico  Ma Ant RFFE,Herramienta,No especificado,4356,1700
10042695287074,Ma Ant,Almohadilla Vidrio Templado Reballing 3 Pzs Jtx,Herramienta,Genérico,4354,50
10042695221538,Ma Ant,Alicate Pinzas De Corte Jtx Cr-2,Pinzas de Corte,Jtx Cr-2,4353,120
10042695123234,Ma Ant,Conector FPC Activador Bateria Android Resistor Id Jtx Bl-04,Herramienta,BL-04,4352,150
10042695090466,Ma Ant,Pulidor Mini Multifuncion Jtx Gm-2,Herramienta,No aplica,4351,420
10042695057698,Ma Ant,Plataforma Magnetica Stencil Reballing Iphone X - 17 Jtx M29,Herramienta,iPhone X,4350,1300
10042695024930,Ma Ant,Punta Cautin 0.1Mm C210 Jumper Pantalla Jtx S1,,,4349,150
10042516701474,Ma Ant,Cable Alimentacion Alta Banana Fuente Caiman Corriente MA ANT M103,Cable de alimentación,MA ANT M103,4348,50
10042515947810,Ma Ant,Cable Pulpo Arranque Universal MA ANT M101,Cable de arranque,MA ANT M101,4347,250
10042514440482,Ma Ant,Programador Iphone Memoria EEPROM Ma Ant E1,Herramienta,MA ANT E1,4346,360
10028226478370,f64,Flex F64 Version 2,Cable Flex,F64,4345,350
10025296757026,LCM,CURSO REPARACIÓN DE CONTROLES E INTRODUCCIÓN A CONSOLAS DESDE CERO,Curso,No aplica,,0
10025296134434,LCM,CURSO DE REPARACIÓN DE CELULARES,Curso,No aplica,,0
10025295413538,LCM,curso programación de memorias emmc/ufs,Curso,Todos los dispositivos con memoria eMMC | Todos los dispositivos con memoria UFS,,0
10023067189538,FixOEM:Refaccion Celular,Lente camara Honor X9 Any-Lx3 / Magic 4 Lite (Interior) Plata,Lente Cámara,Honor X9 | Magic 4 Lite,4338,33
10020369105186,FixOEM:Refaccion Celular,Tapa Trasera Samsung Note 20 Ultra 5G N986,Tapa Trasera,Samsung Note 20 Ultra 5G,4334,120
10020369072418,FixOEM:Refaccion Celular,Charola Sim Oppo Reno 8 Lite CPH2343,Charola SIM,Oppo Reno 8 Lite,4333,50
10020369039650,FixOEM:Refaccion Celular,Tapa Trasera Xiomi Redmi 10A 220233l2c,Tapa Trasera,Redmi 10A,4332,100
10020369006882,FixOEM:Refaccion Celular,Tapa Trasera Vivo Y17S V2310,Tapa Trasera,Vivo Y17S,4331,100
10020368941346,FixOEM:Refaccion Celular,Tapa Trasera Vivo V40 Lite 5G V2417 / V30E V2339,"Tapa Trasera Modelos Compatibles: 1. Vivo V40 Lite Detalles: 1. Tapa trasera 2. Propósito: reemplazo de la tapa trasera 3. Características especiales: ajuste exacto, acabado de calidad, adaptación exacta para Vivo V40 Lite",Vivo V40 Lite,4330,150
10020368875810,FixOEM:Refaccion Celular,Tapa Trasera Vivo V25 Pro V2158,Tapa Trasera,Vivo V25 Pro,4329,150
10020368843042,FixOEM:Refaccion Celular,Tapa Trasera Oppo A60 CPH2631,Tapa Trasera,Oppo A60,4328,120
10020368777506,FixOEM:Refaccion Celular,Tapa Trasera Iphone 16E A3408 Negra,Tapa Trasera,Iphone 16E,4327,150
10020368679202,FixOEM:Refaccion Celular,Tapa Trasera Google Pixel 8 Pro G1mnw Azul,"Tapa Trasera Modelos Compatibles: 1. Google Pixel 8 Pro Detalles: 1. Tapa trasera 2. Propósito: reemplazo de la tapa trasera 3. Características especiales: color azul, ajuste exacto para Google Pixel 8 Pro",Google Pixel 8 Pro,4324,200
10020368580898,FixOEM:Refaccion Celular,Charola Sim Zte Blade V40 9046,Charola SIM,Zte Blade V40,4323,50
10020368548130,FixOEM:Refaccion Celular,Charola Sim Zte Axon 40 Lite 8046,Charola SIM,Zte Axon 40 Lite,4322,50
10020368515362,FixOEM:Refaccion Celular,Charola Sim Xiaomi Poco F2 Pro M2004j11g / Redmi K30 Pro,Charola SIM,Poco F2 Pro,4321,50
10020368449826,FixOEM:Refaccion Celular,Charola Sim Xiaomi Redmi Note 8 Pro M1906g7,Charola SIM,Xiaomi Redmi Note 8 Pro,4320,50
10020368417058,FixOEM:Refaccion Celular,Bisel Moto G55 Xt2435-1,Lente Cámara,Moto G55,4319,100
10020368318754,FixOEM:Refaccion Celular,Marco Xiaomi Redmi 12C 22120Rn86g,Marco de pantalla,Redmi 12C,4318,80
10020368285986,FixOEM:Refaccion Celular,Marco Vivo Y22S V2206 / Y35 V2218,Marco,Vivo Y22S,4317,100
10020368253218,FixOEM:Refaccion Celular,Marco Samsung A23 5G A236,Marco,Samsung Galaxy A23 5G,4316,80
10020368187682,FixOEM:Refaccion Celular,Marco Xiaomi Redmi A3 24094RAD4G / Poco C61 / Redmi A3X,Marco,Xiaomi Redmi A3,4315,100
10020368122146,FixOEM:Refaccion Celular,Marco Moto G35 XT2433-5,Marco,Moto G35,4314,100
10020368089378,FixOEM:Refaccion Celular,Marco Moto G32 XT2235-1,Marco,Moto G32,4313,100
10020368056610,FixOEM:Refaccion Celular,Marco Moto G15 XT2521-2 / G15 Power / G15,Marco,Moto G15,4312,100
10020367991074,FixOEM:Refaccion Celular,Marco Honor X6B Azul Jdy-Lx1,Marco,Honor X6B,4311,100
10020367958306,FixOEM:Refaccion Celular,Lente Camara Zte V40 8046,Lente Cámara,ZTE V40,4310,50
10020367925538,FixOEM:Refaccion Celular,Lente Camara Zte A34 P963F94,Lente Cámara,ZTE A34,4309,50
10020367827234,FixOEM:Refaccion Celular,Lente Camara Xiaomi Redmi A5 25028Rn03l,Lente Cámara,Redmi A5,4308,50
10020367761698,FixOEM:Refaccion Celular,Lente Camara Xiaomi Redmi 13 24049Rn28l,Lente Cámara,Xiaomi Redmi 13,4307,50
10020367728930,FixOEM:Refaccion Celular,Lente Camara Xiaomi Mi 10T M2007j3sy,Lente Cámara,Xiaomi Mi 10T,4306,50
10020367696162,FixOEM:Refaccion Celular,Lente Camara Xiaomi Redmi Note 11 Pro 5G 2201116SG,Lente Cámara,Redmi Note 11 Pro 5G,4305,50
10020367630626,FixOEM:Refaccion Celular,Lente Camara Moto Razr 50 Ultra XT2451-1,Lente Cámara,Moto Razr 50 Ultra,4304,50
10020367532322,FixOEM:Refaccion Celular,Lente Camara Oppo Reno 13F Cph2699.,Lente Cámara,Oppo Reno 13F,4303,50
10020367499554,FixOEM:Refaccion Celular,Lente Camara Moto G35 Xt2433-5,Lente Cámara,Moto G35,4302,50
10020367466786,FixOEM:Refaccion Celular,Lente Camara Moto Edge 60 Fusion XT2503-4,Lente Cámara,Moto Edge 60 Fusion,4301,50
10020367401250,FixOEM:Refaccion Celular,Lente Camara Moto Edge 50 Pro Xt2403-2,Lente Cámara,Moto Edge 50 Pro,4300,50
10020367368482,FixOEM:Refaccion Celular,Lente Camara Moto Edge 30 Pro Xt2201-1,Lente Cámara,Moto Edge 30 Pro,4299,50
10020367335714,FixOEM:Refaccion Celular,Lente Camara Huawei Nova Y91 Stg-Lx2,Lente Cámara,Huawei Nova Y91,4298,50
10020367270178,FixOEM:Refaccion Celular,Lente Camara Honor X8C Abr-Lx2,Lente Cámara,Honor X8C,4297,50
10020367204642,FixOEM:Refaccion Celular,Lente Camara Honor X6B Plus Jdy-Lx3,Lente Cámara,Honor X6B Plus,4296,50
10020367171874,FixOEM:Refaccion Celular,Lente Camara Google Pixel 7 Pro Ge2ae,Lente Cámara,Google Pixel 7 Pro,4295,50
10020367073570,FixOEM:Refaccion Celular,Lente Camara Xiaomi Redmi 10 21061119Ag,Lente Cámara,Xiaomi Redmi 10,4294,50
10020367040802,FixOEM:Refaccion Celular,Lente Camara Honor 9A Moa-Lx9n,Lente Cámara,Honor 9A,4293,50
10020366942498,FixOEM:Refaccion Celular,Lector Sim Moto Edge 50 Pro Xt2403-1,Lector SIM,Moto Edge 50 Pro,4292,210
10020366876962,FixOEM:Refaccion Celular,Flex Volumen Xiaomi Redmi 13C 23100Rn82l / Redmi 14C 2409Brn2cg /  Poco C75,Cable Flex,Xiaomi Redmi 13C,4291,50
10020366844194,FixOEM:Refaccion Celular,Flex Interconexion Samsung Z Flip 6 5G F741b,Cable Flex,Samsung Galaxy Z Flip 6 5G,4290,430
10020366811426,FixOEM:Refaccion Celular,Flex Interconexion Moto G56 5G Xt2529-1,Cable Flex,Moto G56 5G,4289,80
10020366778658,FixOEM:Refaccion Celular,Flex Interconexion Moto G51 5G Xt2171-1,Cable Flex,Moto G51 5G,4288,50
10020366713122,FixOEM:Refaccion Celular,Flex Interconexion Samsung S20 Plus G996,Cable Flex,Samsung Galaxy S20 Plus,4287,50
10020366680354,FixOEM:Refaccion Celular,Flex Interconeccion Samsung S25 Ultra G938,Cable Flex,Samsung S25 Ultra,4286,80
10020366614818,FixOEM:Refaccion Celular,Flex Interconeccion Moto Edge 40 Pro Xt2301-4,Cable Flex,Moto Edge 40 Pro,4285,210
10020366582050,FixOEM:Refaccion Celular,Flex Huella Zte Blade V20 Smart 8010 Negro,Cable Flex,ZTE Blade V20 Smart,4284,110
10020366516514,FixOEM:Refaccion Celular,Flex Huella Samsung A15 A155 Negro,Cable Flex,Samsung A15,4283,150
10020366483746,FixOEM:Refaccion Celular,Flex Huella Samsung A06 a065 Negro,Cable Flex,Samsung A06,4282,110
10020366418210,FixOEM:Refaccion Celular,Flex Huella Xiaomi Poco C65 2310Fpca4g / Redmi 13C,Cable Flex,Poco C65,4281,110
10020366385442,FixOEM:Refaccion Celular,Flex Huella Oppo A15 Cph2185 / A15s Cph2179 / A32 Pdvm00 / A53 Cph2127 / A53s Negro,Cable Flex,Oppo A53 4G,4280,110
10020366352674,FixOEM:Refaccion Celular,Flex Huella Oppo A38 Cph2579 Negro,Cable Flex,Oppo A38,4279,110
10020366287138,FixOEM:Refaccion Celular,Flex Huella Moto G14 Negro XT2341-1,Cable Flex,Moto G14,4278,150
10020366254370,FixOEM:Refaccion Celular,Flex Huella Honor X6B Negro Jdy-Lx2,Cable Flex,Honor X6B,4277,110
10020366221602,FixOEM:Refaccion Celular,Flex Huella Samsung A22 5G A226,Cable Flex,Samsung A22 5G,4276,150
10020366188834,FixOEM:Refaccion Celular,Flex Encendido Zte V41 Smart A7050 / A72S P606f05,Cable Flex,Zte V41 Smart,4275,50
10020366123298,FixOEM:Refaccion Celular,Flex Encendido Zte Nubia Neo 2 Z2352n,Cable Flex,Nubia Neo 2,4274,50
10020366090530,FixOEM:Refaccion Celular,Flex Encendido Xiaomi Poco F624069pc21g / F6 Pro 23113Rkc6g,Cable Flex,Xiaomi Poco F6,4273,50
10020366057762,FixOEM:Refaccion Celular,Flex Encendido Samsung S24 S921,Cable Flex,Samsung S24,4272,50
10020365992226,FixOEM:Refaccion Celular,Flex Encendido Samsung A20 / A30 / A50 / A70,Flex de Encendido,Samsung A50,4271,50
10020365959458,FixOEM:Refaccion Celular,Flex Encendido Xiaomi Redmi Note 9S M2003j6a1g / 9 pro M2003j6b2g,Flex Encendido,Xiaomi Redmi Note 9S,4270,50
10020365893922,FixOEM:Refaccion Celular,Flex Encendido Xiaomi Redmi Note 14 Pro 24090ra29g,Cable Flex,Xiaomi Redmi Note 14 Pro,4269,50
10020365828386,FixOEM:Refaccion Celular,Flex Encendido + Huella Xiaomi Poco F3 / K40 / K40 PRO,Cable Flex,Poco F3 5G,2384,150
10020365795618,FixOEM:Refaccion Celular,Flex Encendido Oppo Reno 11F Cph2603,Cable Flex,Oppo Reno 11F,4267,50
10020365762850,FixOEM:Refaccion Celular,Flex Encendido Oppo A80 Cph2639,Cable Flex,Oppo A80,4266,50
10020365730082,FixOEM:Refaccion Celular,Flex Encendido Oppo A60 Cph2631,Cable Flex,Oppo A60,4265,50
10020365664546,FixOEM:Refaccion Celular,Flex Encendido Nokia G50 Ta-1361,Cable Flex,Nokia G50,4264,50
10020365631778,FixOEM:Refaccion Celular,Flex Encendido + Huella Moto G56 Xt2529-1 Negro,Flex de encendido,Moto G56,4263,150
10020365599010,FixOEM:Refaccion Celular,Flex Encendido Moto E 2020 Xt2052-1,Cable Flex,Moto E (2020),4262,50
10020365566242,FixOEM:Refaccion Celular,Flex Encendido Honor X8 Tfy-Lx3 / x30i,Cable Flex,Honor X8,4261,50
10020365533474,FixOEM:Refaccion Celular,Flex Encendido Honor Magic 6 Lite / Honor X9B Li-Nx1,Cable Flex,Honor Magic 6 Lite,4260,50
10020365467938,FixOEM:Refaccion Celular,Flex Encendido Honor 9A Moa-Lx9n / Magic 5 Lite Ali-Nx1,Cable Flex,Honor 9A,4259,50
10020365435170,FixOEM:Refaccion Celular,Flex Encendido Honor 400 Elp-An00,Cable Flex,Honor 400,4258,50
10020365402402,FixOEM:Refaccion Celular,Charola Zte Nubia Neo 3 Z2464N,Charola,Nubia Neo 3,4257,50
10020365336866,FixOEM:Refaccion Celular,Charola Xiaomi Redmi A5 25028Rn03l,Charola,Xiaomi Redmi A5,4256,50
10020365304098,FixOEM:Refaccion Celular,Charola Xiaomi Poco X3 Gt 21061110Ag,Charola,Poco X3 GT,4255,50
10020365271330,FixOEM:Refaccion Celular,Charola Sim Zte Blade A54 / A34 P963f94,Charola SIM,ZTE Blade A54,4254,50
10020365238562,FixOEM:Refaccion Celular,Charola Sim Xiaomi Poco X5 Pro 22101320g Negro,Bandeja SIM,Poco X5 Pro,4251,50
10020365173026,FixOEM:Refaccion Celular,Charola Sim Samsung S23 S911,Charola SIM,Samsung Galaxy S23,4250,50
10020365140258,FixOEM:Refaccion Celular,Charola Sim Samsung M53 M536,Charola SIM,Samsung M53,4249,50
10020365107490,FixOEM:Refaccion Celular,Charola Sim Samsung A7 Lite T220,Charola SIM,Samsung A7 Lite,4248,50
10020365074722,FixOEM:Refaccion Celular,Charola Sim Samsung A32 5G A326,Charola SIM,Samsung A32 5G,4247,50
10020364976418,FixOEM:Refaccion Celular,Charola Sim Xiaomi Redmi 10 21061119ag,Charola SIM,Xiaomi Redmi 10,4246,50
10020364943650,FixOEM:Refaccion Celular,Charola Sim Moto E40 Xt2159-1 Negro,Charola SIM,Moto E40,4245,50
10020364878114,FixOEM:Refaccion Celular,Charola Sim Honor X6B Jdy-Lx1,Charola SIM,Honor X6B,4244,50
10020364845346,FixOEM:Refaccion Celular,Charola Sim Honor X5B Plus Gfy-Lx2p,Charola SIM,Honor X5B Plus,4243,50
10020364812578,FixOEM:Refaccion Celular,Charola Sim Honor X8C Abr-Lx3,Charola SIM,Honor X8C,4242,50
10020364779810,FixOEM:Refaccion Celular,Charola Sim Moto E22 / E22I Xt2239-1 Negro,Charola SIM,Moto E22,4241,50
10020364714274,FixOEM:Refaccion Celular,Charola Sim Xiaomi Redmi Note 14 Pro 24090Ra29g,Charola SIM,Xiaomi Redmi Note 14 Pro,4240,50
10020364681506,FixOEM:Refaccion Celular,Charola Sim Moto G35 Xt2433-1,Charola SIM,Moto G35,4239,50
10020364648738,FixOEM:Refaccion Celular,Charola Sim Google Pixel 9 Pro Xl Ggx8b,Charola SIM,Google Pixel 9 Pro Xl,4238,50
10020364615970,FixOEM:Refaccion Celular,Charola Sim Cubot King Kong 9,Charola SIM,Cubot King Kong 9,4237,150
10020364550434,FixOEM:Refaccion Celular,Centro  Samsung Tab A 8.0 T510,Lente Cámara,Samsung Galaxy Tab A 8.0 T510,4236,90
10020364517666,FixOEM:Refaccion Celular,Centro Carga Samsung A14 4G A145,Lente Cámara,Samsung Galaxy A14 4G,4235,50
10020364484898,FixOEM:Refaccion Celular,Centro Carga Moto G34 5G Xt2363-1,Lente Cámara,Moto G34 5G,4234,90
10020364452130,FixOEM:Refaccion Celular,Centro Carga Lenovo M11 Tb330Fu,Lente Cámara,Lenovo M11,4233,160
10020364419362,FixOEM:Refaccion Celular,Centro Carga Xiaomi 13T / 13T Pro 2306Epn60g,Lente Cámara,Xiaomi 13T,4232,90
10020364321058,FixOEM:Refaccion Celular,Centro Carga Realme C11 Rmx2185,Lente Cámara,Realme C11,4230,50
10020364288290,FixOEM:Refaccion Celular,Centro Carga Realme 8 5G Rmx3241,Tapa Trasera,Realme 8 5G,4229,50
10020364255522,FixOEM:Refaccion Celular,Centro Carga Realme 12 Pro Rmx3842,Lente Cámara,Realme 12 Pro,4228,130
10020364222754,FixOEM:Refaccion Celular,Centro Carga Realme 12 Plus Rmx3867,Lente Cámara,Realme 12 Plus,4227,90
10020364157218,FixOEM:Refaccion Celular,Centro Carga Oppo A5 Pro Cph2711,Lente Cámara,Oppo A5 Pro,4226,50
10020364124450,FixOEM:Refaccion Celular,Centro Carga Moto G60S Xt2133,Lente Cámara,Moto G60S,4225,50
10020364091682,FixOEM:Refaccion Celular,Centro Carga Moto G 5G 2022 Xt2213,Lente Cámara,Moto G 5G (2022),4224,90
10020364026146,FixOEM:Refaccion Celular,Centro Carga Moto Edge 40 Xt2303,Lente Cámara,Moto Edge 40,4223,160
10020363993378,FixOEM:Refaccion Celular,Centro Carga Lenovo Tab M10 Plus Tb-X606f,Lente Cámara,Lenovo Tab M10 Plus,4222,90
10020363960610,FixOEM:Refaccion Celular,Centro Carga Honor X7D Lgn-Lx3,Conector de carga,Honor X7D,4221,200
10020363895074,FixOEM:Refaccion Celular,Centro Carga Cubot King Kong 9,Lente Cámara,Cubot King Kong 9,4220,300
10020363862306,FixOEM:Refaccion Celular,Centro Carga Samsung A07 A075,Lente Cámara,Samsung A07,4219,50
10020363829538,FixOEM:Refaccion Celular,Camara Trasera Samsung A03S A037,Lente Cámara,Samsung A03S,4218,50
10020363764002,FixOEM:Refaccion Celular,Camara Frontal Samsung S23 Ultra S918,Lente Cámara,Samsung Galaxy S23 Ultra,4217,50
10020363698466,FixOEM:Refaccion Celular,Boton Fisico Oppo Reno 11F Cph2603,Botón Físico,Oppo Reno 11F,4216,50
10020363665698,FixOEM:Refaccion Celular,Boton Fisico Xiaomi Redmi Note 14 Pro 24090Ra29g,Botón Físico,Xiaomi Redmi Note 14 Pro,4215,50
10020363632930,FixOEM:Refaccion Celular,Boton Fisico Xiaomi Redmi Note 10 5G M2103k19g,Botón Físico,Redmi Note 10 5G,4214,50
10020363567394,FixOEM:Refaccion Celular,Boton Fisico Moto Edge 50 Fusion Xt2429-1,Botón Físico,Moto Edge 50 Fusion,4213,50
10020363534626,FixOEM:Refaccion Celular,Bisel Xiaomi X6 Pro 2311Drk48g,Bisel de pantalla,Xiaomi X6 Pro,4212,200
10020363501858,FixOEM:Refaccion Celular,Bisel Xiaomi Redmi Note 13 4G 23117Ra68g,Bisel,Xiaomi Redmi Note 13 4G,4211,150
10020363403554,FixOEM:Refaccion Celular,Bisel Xiaomi Redmi 12 23053Rn02g,Bisel de Pantalla,Redmi 12,4210,80
10020363370786,FixOEM:Refaccion Celular,Bisel Vivo Y17S V2310,Bisel,Vivo Y17S,4209,80
10020363338018,FixOEM:Refaccion Celular,Bisel Xiaomi Redmi Note 14 5G 24094Rad4g,Bisel,Redmi Note 14 5G,4208,200
10020363272482,FixOEM:Refaccion Celular,Bisel Realme 9T,Pantalla,Realme 9T,4207,80
10020363239714,FixOEM:Refaccion Celular,Bisel Moto G34 Xt2363-1,Pantalla,Moto G34,4206,100
10020363206946,FixOEM:Refaccion Celular,Bisel Moto E14 Xt2421-1,Bisel,Moto E14,4205,100
10020363141410,FixOEM:Refaccion Celular,Bisel Honor X6B Jdy-Lx1,Bisel de pantalla,Honor X6B,4204,80
10020363075874,FixOEM:Refaccion Celular,Auricular Iphone 14 Plus A2886,Auricular,iPhone 14 Plus,4203,200
10020363043106,FixOEM:Refaccion Celular,Auricular Samsung S21 Ultra G998,Auricular,Samsung Galaxy S21 Ultra,4202,80
10020363010338,FixOEM:Refaccion Celular,Altavoz Moto G34 Xt2363-1 / G Play 2024 Xt2413-2,Altavoz,Moto G34,4201,50
10020362944802,FixOEM:Refaccion Celular,Altavoz Moto G24 Xt2423-1,Altavoz,Moto G24,4200,50
10020362912034,FixOEM:Refaccion Celular,Altavoz Honor X6a Wdy-Lx1 / X6a Plus Wdy-Lx3,Altavoz,Honor X6A,4199,50
10020362879266,FixOEM:Refaccion Celular,Altavoz Moto G55 Xt2435-1,"Altavoz Modelos Compatibles: 1. Moto G55 Detalles: 1. Tipo o tecnología del producto: Altavoz dinámico 2. Propósito del producto: Reemplazo del altavoz del teléfono 3. Características especiales: compatibilidad con el chasis Moto G55, montaje preciso, adaptación exacta para Moto G55",Moto G55,4198,50
10017389314338,FixOEM:Refaccion Celular,Tapa Trasera Vivo T3 5G V2334 Azul,"Tapa Trasera Modelos Compatibles: 1. Vivo V30 Lite 5G Detalles: 1. Tapa trasera 2. Propósito: reemplazo de la tapa trasera 3. Características especiales: color verde, montaje preciso, adaptación exacta para Vivo V30 Lite 5G",Vivo V30 Lite 5G,4197,150
10017389281570,FixOEM:Refaccion Celular,Tapa Trasera Moto G15 Xt2421 Negro,"Tapa Trasera Modelos Compatibles: 1. Moto G15 Detalles: 1. Tapa trasera de repuesto 2. Propósito: reemplazo de la tapa trasera 3. Características especiales: color negro, material plástico de alta resistencia, montaje preciso, adaptación exacta para Moto G15",Moto G15,4196,80
10017389183266,FixOEM:Refaccion Celular,Tapa Trasera Honor X7D Rky-Lx3,"Tapa Trasera Modelos Compatibles: 1. Honor X7D Detalles: 1. Tapa trasera 2. Propósito: reemplazo de la tapa trasera 3. Características especiales: recubrimiento antiarañazos, montaje preciso, adaptación exacta para Honor X7D",Honor X7D,4195,110
10017389084962,FixOEM:Refaccion Celular,Tapa Trasera Honor X7A Azul Rky-Lx3,"Tapa Trasera Modelos Compatibles: 1. Honor X7A Detalles: 1. Tapa trasera 2. Propósito: reemplazo de la tapa trasera del teléfono 3. Características especiales: color azul, acabado duradero, montaje preciso, adaptación exacta para Honor X7A",Honor X7A,4194,100
10017388921122,FixOEM:Refaccion Celular,Carcasa Iphone 17 Pro Max Naranja,"Tapa trasera Modelos Compatibles: 1. Iphone 17 Pro Max Detalles: 1. Carcasa trasera 2. Propósito: reemplazo de la carcasa trasera 3. Características especiales: acabado naranja, montaje preciso, adaptación exacta para Iphone 17 Pro Max",Iphone 17 Pro Max,4192,1400
10017388822818,FixOEM:Refaccion Celular,Touch Apple Wacht S6 40Mm,Pantalla,Apple Watch Series 6 40mm,4191,170
10017388790050,FixOEM:Refaccion Celular,Tapa Trasera Samsung A35 Sm-A356 Rosa,"Tapa Trasera Modelos Compatibles: 1. Samsung A35 Detalles: 1. Tapa trasera de repuesto 2. Propósito: reemplazo de la tapa trasera 3. Características especiales: color rosa, material policarbonato, montaje preciso, adaptación exacta para Samsung A35",Samsung A35,4190,80
10017388691746,FixOEM:Refaccion Celular,Tapa Trasera Samsung S25 Fe Negro,Tapa Trasera Modelos Compatibles: 1. S25 Fe Detalles: 1. Tapa trasera 2. Propósito: reemplazo de la tapa trasera 3. Características especiales: color negro,S25 Fe,4189,80
10017388658978,FixOEM:Refaccion Celular,Tapa Trasera Oneplus 9 Le2115 Azul,"Tapa Trasera Modelos Compatibles: 1. OnePlus 9 Detalles: 1. Tapa trasera de repuesto 2. Propósito: reemplazo de la tapa trasera 3. Características especiales: color azul, ajuste preciso, adaptación exacta para OnePlus 9",OnePlus 9,4188,370
10015995920674,FixOEM:Refaccion Celular,Display Moto Razr 60/ Razr 60 Ultra Oled,Pantalla,Moto Razr 60 | Razr 60 Ultra,4184,2660
10014065164578,Huawei,Cable Datos Huawei Original C A C 20V/6A 1.8M,,,HAC005,100
10014054416674,Huawei,Super Cargador Huawei Original 100W Max 20V/5A 1M,"Cargador Modelos Compatibles: 1. Dispositivos con USB-C Power Delivery 100W Detalles: 1. Tipo o tecnología: Cargador USB-C con Power Delivery, 100W 2. Propósito: suministro de energía y carga rápida para dispositivos compatibles 3. Características especiales: salida 20V/5A, cable integrado de 1 m, protección contra sobrecarga y cortocircuito, formato compacto",Dispositivos con USB-C Power Delivery 100W,HAC002,600
10008576262434,FixOEM:Refaccion Celular,Tapa trasera Vivo V29E V2317 negro,"Tapa trasera Modelos Compatibles: 1. Vivo V29E Detalles: 1. Tapa trasera 2. Propósito: reemplazo de la tapa trasera 3. Características especiales: color negro, diseño original, ajuste exacto para Vivo V29E",Vivo V29E,4183,180
10006937862434,RF4 MEXICO,Pistola Ventilador Soplador Aspirador  RF4 RF-P6,,,4182,390
10006934978850,RF4 MEXICO,Raspador Espatula Ceramica RF4 RF-HD12B,,,4181,120
10005608759586,Aifen,Mango Control Estacion Soldar AIFEN 215,,,4180,250
10004213334306,FixOEM:Refaccion Celular,Tapa Trasera Iphone 15 C/lente de camara A3089 Blanco,,,4178,80
10001224139042,FixOEM:Refaccion Celular,Bateria Samsung A54 5G / A34 5G / A25 EB-BA546ABY,,,5645,160
10000501604642,2UUL,Flux Verde 2UUL SC18,Herramienta,SC18,1728,90
9997807386914,FixOEM:Refaccion Celular,Espatula Apertura Mechanic X8,Herramienta,X8,10894,60
9996833784098,FixOEM:Refaccion Celular,Juego Brocas Extractoras barrido MA ANT,Herramienta,MA ANT,1696,60
9996833325346,FixOEM:Refaccion Celular,Pinzetas Punta Ceramica MA ANT,Pinzas de precisión,MA ANT,1702,150
9996512657698,RF4 MEXICO,Estación Soldar Cautin RF4 RF-S210,,,4004,1420
9996505907490,Ma Ant,Hilo Separador Pantallas KingKong MA ANT,,,3864,50
9995129028898,just fix it,Curso de Diagnostico y Reparación Multimarca avanzado,,,,3500
9995209539874,just fix it,Curso de Diagnóstico Avanzado,,,,3500
9995010801954,RF4 MEXICO,Base Brazo Microscopio RF4 FX-35,Base de Brazo Microscopio,RF4 FX-35,1662,1200
9994102276386,FixOEM:Refaccion Celular,Charola Sim VIVO V30 V2319 Plata,Charola SIM,VIVO V30,4166,50
9994100932898,FixOEM:Refaccion Celular,Charola Sim VIVO Y35 V2205,Charola SIM,Vivo Y35,4164,40
9994094674210,FixOEM:Refaccion Celular,Charola SIM VIVO V25 V2202,Charola SIM,Vivo V25,4155,50
9993417064738,FixOEM:Refaccion Celular,Tapa Trasera Honor X6C Nic-Lx3 Negro,"Tapa Trasera Modelos Compatibles: 1. Honor X6C Detalles: 1. Tapa trasera 2. Propósito: reemplazo de la tapa trasera 3. Características especiales: color negro, acabado resistente, ajuste exacto para Honor X6C",Honor X6C,4154,70
9993417031970,FixOEM:Refaccion Celular,Tapa Trasera Oneplus 12 Cph2581 Negro,"Tapa Trasera Modelos Compatibles: 1. OnePlus 12 Detalles: 1. Tapa Trasera 2. Propósito: reemplazo de la tapa trasera 3. Características especiales: color negro, montaje preciso, adaptación exacta para OnePlus 12",OnePlus 12,4153,400
9993416999202,FixOEM:Refaccion Celular,Display Zte Blade A3E Ips,Pantalla,ZTE Blade A3E,4146,210
9993416737058,FixOEM:Refaccion Celular,Tapa Trasera Iphone 13 Pro A2631 Azul,Tapa Trasera,iPhone 13 Pro,4129,50
9993416671522,FixOEM:Refaccion Celular,Tapa Trasera Iphone 8G A1905 Blanco,Tapa Trasera,iPhone 8G,4126,40
9992730575138,SUGON,Punta Cautin c210 MAGMA Sugon Knife,Punta de Cautín,210 MAGMA Knife,11015,170
9991643365666,FixOEM:Refaccion Celular,Tapa Trasera Iphone 13 Mini A2626,Tapa Trasera,iPhone 13 mini,4133,50
9991642939682,FixOEM:Refaccion Celular,TAPA TRASERA XIAOMI REDMI NOTE 11 PRO PLUS 21091116UG NEGRO,,,4144,110
9991642906914,FixOEM:Refaccion Celular,Tapa Trasera Xiaomi mi 13 negro,,,4143,130
9991642874146,FixOEM:Refaccion Celular,Tapa Trasera Xiaomi Mi 13 2211133C,Tapa Trasera,Xiaomi Mi 13,4142,120
9991642841378,FixOEM:Refaccion Celular,Tapa Trasera Poco F5 Pro 23013PC75G,Tapa Trasera,Poco F5 Pro,4141,80
9991642808610,FixOEM:Refaccion Celular,Tapa Trasera Samsung A36 Sm-A366e Blanca,"Tapa Trasera Modelos Compatibles: 1. Samsung A36 Detalles: 1. Tapa trasera de repuesto 2. Propósito: reemplazo de la tapa trasera del Samsung A36 3. Características especiales: color blanco, material policarbonato, ajuste preciso, recorte para módulo de cámara y sensores, compatible con botones y puertos",Samsung A36,4140,80
9991642775842,FixOEM:Refaccion Celular,Tapa Trasera S25 Fe Sm-S731b Blanco,"Tapa Trasera Modelos Compatibles: 1. S25 Fe Detalles: 1. Tapa trasera 2. Propósito: reemplazo de la tapa trasera 3. Características especiales: color blanco, material resistente, montaje preciso, compatible con S25 Fe",S25 Fe,4139,80
9991392362786,Wylie,Cable Arranque Andorid WYLIE Wl-698H,Cable Arranque,Wl-698H,4124,260
9991392330018,Wylie,Pulidora Navajas Mini WYLIE Moro-35,Herramienta,WYLIE Moro-35,4123,220
9991392297250,Wylie,Navaja Barra Soldadura Reballing WYLIE Wl-206F,Herramienta,Wl-206F,4122,110
9991392264482,Wylie,Plataforma Magnetica Soldadura Ic WYLIE K51,"Herramienta Modelos Compatibles: 1. WYLIE K51 Detalles: 1. Plataforma magnética de soldadura de IC 2. Propósito: facilitar la sujeción y alineación de IC durante la soldadura 3. Características especiales: base magnética estable, montaje preciso, adaptación exacta para IC de tamaño estándar",WYLIE K51,4121,530
9991392231714,Ma Ant,Mascara Uv Secado Rapido MA ANT 3S Transparente Suave,Herramienta,MA ANT 3S,4120,90
9991392198946,Ma Ant,Kit Jumper MA ANT M100,Herramienta,MA ANT M100,4119,150
9991392166178,Ma Ant,Pasta Flux MA ANT My50,Pasta Flux,MA ANT My50,4118,50
9991392133410,Ma Ant,Mascara Uv Secado Rapido MA ANT 3S Transparente Soft,Herramienta,MA ANT 3S,4117,50
9990689390882,FixOEM:Refaccion Celular,Bateria Zte Axon 60 E6706zte-b,Batería,ZTE Axon 60 | E6706zte-b,4116,180
9989961613602,Wylie,Esponja Limpiadora WYLIE WL-40C,Accesorio de limpieza,WL-40C,3898,110
9989961154850,FixOEM:Refaccion Celular,Flex Encendido Xiaomi Poco X6,Cable Flex,Poco X6,3673,50
9989958959394,Wylie,Soporte Organizador Magnetico WYLIE,Soporte Magnético,Universal,3899,330
9981075325218,Alterco,Teclado Gris (SP) Lenovo 320-15isk 320-15 320-15iap 320-15abr 320-15as (Tecla Encendido),Teclado,Lenovo 320-15isk | Lenovo 320-15 | Lenovo 320-15iap | Lenovo 320-15abr | Lenovo 320-15as,TEC056,140
9981075259682,Alterco,Teclado Negro (SP) (Tecla SUPR) IdeaPad 320-14ISK 320-14IKB 320S-14IKB 320-14AST,Teclado,IdeaPad 320-14ISK | IdeaPad 320-14IKB | IdeaPad 320S-14IKB | IdeaPad 320-14AST,TEC053,150
9981074211106,Alterco,Teclado Negro (SP) (Backlight / Sin Marco) Dell Inspiron 15 7590 5584 5590 5593 5594 5598 YHXY1,Teclado,Dell Inspiron 15 7590 | Dell Inspiron 15 5584 | Dell Inspiron 15 5590 | Dell Inspiron 15 5593 | Dell Inspiron 15 5594 | Dell Inspiron 15 5598,TEC099,250
9981073817890,Alterco,"Bateria 14.8V 3200mAh HP 250 G6 Series, 255 G6 Series 15-BS000 15-BW000 17-BS000 17z Series JC03 / JC04",Batería,HP 250 G6 Series | HP 255 G6 Series | HP 15-BS000 | HP 15-BW000 | HP 17-BS000 | HP 17z Series JC03 | HP 17z Series JC04,OTH255,760
9981073785122,Alterco,"Bateria 14.6V 3200mAh HP 14-G, 14-Q, 14-AC, 240 G4, 245 G4, 246 G4, 250 G4, 255 G4 Series",Batería,HP 14-G | HP 14-Q | HP 14-AC | HP 240 G4 | HP 245 G4 | HP 246 G4 | HP 250 G4 | HP 255 G4,OTH250,790
9981073752354,Alterco,"Bateria 14.4V 3200mAh HP Compaq 14-D, 14-R, 15-D, 15-G, 15-H, 15-R Ovaltech",Batería,HP Compaq 14-D | HP Compaq 14-R | HP Compaq 15-D | HP Compaq 15-G | HP Compaq 15-H | HP Compaq 15-R,OTH240,720
9981073588514,Alterco,Cargador Adaptador Corriente 85W Magnetico 2,Adaptador de Corriente Magnético,No especificado,AP2-85W,210
9981073391906,Alterco,Pantalla LCD 15.6 LED FHD (1920x1080) eDP IPS Conector Derecho 30P (Sin Brackets / Inverter 26CMS),Pantalla,No especificados,LCD156-006D,1130
9981073359138,Alterco,Pantalla LCD 15.6 LED HD (1366x768) Conector Derecho 30P (Sin Brackets),Pantalla,No especificados en el nombre o descripción,LCD156-005,970
9981072867618,Alterco,Bateria 11.4V / 2200mah Lenovo ThinkPad A475 A485 T470 T570 T480 T580 P51S P52S TP25 Series 01AV422 01AV423,Batería,ThinkPad A475 | ThinkPad A485 | ThinkPad T470 | ThinkPad T570 | ThinkPad T480 | ThinkPad T580 | ThinkPad P51S | ThinkPad P52S | TP25 Series,EKIT470,490
9981072802082,Alterco,Bateria 11.4V / 2200mah Lenovo ThinkPad T440 T440S X240 X240S S440 S540 X250 T450S L450 X260 K2450 T450 T460,Batería,Lenovo ThinkPad T440 | Lenovo ThinkPad T440S | Lenovo ThinkPad X240 | Lenovo ThinkPad X240S | Lenovo ThinkPad S440 | Lenovo ThinkPad S540 | Lenovo ThinkPad X250 | Lenovo ThinkPad T450S | Lenovo ThinkPad L450 | Lenovo ThinkPad X260 | Lenovo ThinkPad K2450 | Lenovo ThinkPad T450 | Lenovo ThinkPad T460,EKIT460,290
9981072769314,Alterco,Bateria Interna (P) 7.4V Lenovo IdeaPad 320-15IAP 320-15IKB 320-17IKB IdeaPad S145-14API S145-14IWL L16C2PB2,Batería,Lenovo IdeaPad 320-15IAP | Lenovo IdeaPad 320-15IKB | Lenovo IdeaPad 320-17IKB | Lenovo IdeaPad S145-14API | Lenovo IdeaPad S145-14IWL,EKIL16C2PB2,410
9981072507170,Alterco,Bateria Interna (P) 11.55V HP Pavilion 15-CC Series 15-CD Series 17-AR Series TF03XL,Batería,HP Pavilion 15-CC Series | HP Pavilion 15-CD Series | HP Pavilion 17-AR Series,EKHTF03XL,260
9981072441634,Alterco,Bateria Interna (P) 11.4V HP EliteBook 840 850 745 755 848 G3 G4 ZBook 15u G3 G4 mt42 mt43,Batería interna,HP EliteBook 840 | HP EliteBook 850 | HP EliteBook 745 | HP EliteBook 755 | HP EliteBook 848 G3 | HP EliteBook 848 G4 | ZBook 15u G3 | ZBook 15u G4 | mt42 | mt43,EKHCS03XL,380
9981072146722,Alterco,"Bateria Li-ion 14.8V HP 14-G, 14-Q, 14-AC, 240 G4, 245 G4, 246 G4, 250 G4, 255 G4 Series",Batería,HP 14-G | HP 14-Q | HP 14-AC | HP 240 G4 | HP 245 G4 | HP 246 G4 | HP 250 G4 | HP 255 G4 Series,EKH250,200
9981072113954,Alterco,"Bateria Li-ion 14.8V HP Compaq 14-D, 14-R, 15-D, 15-G, 15-H, 15-R",Batería,HP Compaq 14-D | HP Compaq 14-R | HP Compaq 15-D | HP Compaq 15-G | HP Compaq 15-H | HP Compaq 15-R,EKH240,200
9981072081186,Alterco,Bateria Interna (P) 7.7V Dell Latitude 5480 5580 5280 5288 5290 5488 5490 GJKNX GD1JP,Batería,Dell Latitude 5480 | Dell Latitude 5580 | Dell Latitude 5280 | Dell Latitude 5288 | Dell Latitude 5290 | Dell Latitude 5488 | Dell Latitude 5490,EKDGJKNX,530
9981071982882,Alterco,Bateria Li-ion 11.1V LATITUDE E6420 Negro,Batería,LATITUDE E6420,EKD6420,330
9981071851810,Alterco,Bateria de Li-ion 14.8V Dell Inspiron 14,Batería,Dell Inspiron 14,EKD4521,270
9981071655202,Alterco,"Bateria Interna (P) 11.4V Acer Aspire E3-111, E3-112, E3-112M, E3-721, E5-771, E5-771G, ES1-311, ES1-511, ES1-",Batería,Acer Aspire E3-111 | Acer Aspire E3-112 | Acer Aspire E3-112M | Acer Aspire E3-721 | Acer Aspire E5-771 | Acer Aspire E5-771G | Acer ES1-311 | Acer ES1-511,EKRE3-112,360
9981071491362,Alterco,"Bateria Li-ion 14.8V Acer Aspire V5, V5-431 V5-531",Batería,Acer Aspire V5-431 | Acer Aspire V5-531,EKR5007,220
9981071458594,Alterco,Bateria de Li-ion 10.8V Acer AS5742,Batería,Acer AS5742,EKR4551,270
9981071393058,Alterco,Bateria Li-ion 11.1V ACER Aspire E14 / Aspire E15,Batería,Acer Aspire E14 | Acer Aspire E15,EKR1432,280
9981071294754,Alterco,Cargador Adaptador Computadora 19.5V/2.31AH OvalTech,Adaptador de corriente para portátil,No especificado,OTAC-E74,270
9981071229218,Alterco,Cargador Adaptador Computadora 19.5V/4.62AH C/Blister + USB OvalTech,Adaptador de corriente para portátil,Modelos no especificados en la descripción,OTAC-E52,260
9981071130914,Alterco,Cargador Adaptador Computadora 19V/4.74AH + USB OvalTech,Cargador,No especificado,OTAC-E51,230
9981071032610,Alterco,Cargador Adaptador Corriente 65W 19V 3.42A (5.5*1.7) Modelo AF06 EKO,Adaptador de Corriente,AF06,EK-S5,100
9981070999842,Alterco,Cargador Adaptador Corriente 65W 19.5V 3.34A (7.4*5.0) Modelo AF06 EKO,Adaptador de Corriente,AF06,EK-S2,110
9981070967074,Alterco,Cargador Adaptador Corriente 65W 19V-3.42A (5.5*2.5) Modelo AF06 EKO,Adaptador de Corriente,AF06,EK-S1,100
9981070934306,Alterco,Cargador Adaptador  Corriente 90W 20V/4.5A (LENOVO CUADRADA) Modelo AF09 EKO,Adaptador de Corriente,AF09,EK-L7,120
9981070901538,Alterco,Cargador Adaptador Corriente 90W 19.5V 4.62A (4.5*3.0) Punta Azul Modelo UC473/AF09 EKO,Adaptador de corriente,UC473 | AF09,EK-L6,120
9981070836002,Alterco,Cargador Adaptador  Corriente 45W 19.5V 2.31A (4.5*3.0) EKO,Adaptador de Corriente,No especificado,EK-L4,120
9981070770466,Alterco,Cargador Adaptador Corriente 40W 20V/2.25A (4.0*1.7) RECTANGULAR EKO,Adaptador de Corriente,Desconocido,EK-G8,90
9981070737698,Alterco,Cargador Adaptador Corriente 65W 20V/3.25A (4.0*1.7) EKO,Adaptador de Corriente,No especificado en el nombre ni en la descripción,EK-G7,100
9981070704930,Alterco,Cargador Adaptador Corriente 65W 19V-3.42A (4.0*1.35) EKO,Adaptador de Corriente,No especificados en el nombre o descripción,EK-G10,110
9980969713954,FixOEM:Refaccion Celular,Flex Interconexion Samsung S21 (Carga),Cable Flex,Samsung S21 Sub,4112,80
9980550938914,2UUL,Multicargador Escritorio 2UUL PC11,"Estación de carga Modelos Compatibles: 1. PC11 Detalles: 1. Estación de carga multipuerto para escritorio 2. Propósito: suministro de energía y carga para múltiples dispositivos USB en un puesto de trabajo 3. Características especiales: puertos USB de carga rápida, protección contra sobrecarga y cortocircuito, diseño compacto para escritorio",PC11,2047,850
9980540518690,FixOEM:Refaccion Celular,Marco Moto G53,Marco,Moto G53,1610,100
9980540485922,FixOEM:Refaccion Celular,Lente Camara Samsung Z Flip 6,Lente Cámara,Samsung Z Flip 6,1606,50
9980540453154,FixOEM:Refaccion Celular,Lente Camara Samsung A05S,Lente Cámara,Samsung A05S,1519,60
9980540387618,FixOEM:Refaccion Celular,Lente Camara Oppo A77,Lente Cámara,Oppo A77,1501,60
9980540354850,FixOEM:Refaccion Celular,Lente Camara Oppo A5,Lente Cámara,Oppo A5,1492,50
9980540322082,FixOEM:Refaccion Celular,Lente Camara Moto G04,Lente Cámara,Moto G04,1472,50
9980540289314,FixOEM:Refaccion Celular,Flex Interconexion Samsung A56 5G,Cable Flex,Samsung A56 5G,1448,60
9980540223778,FixOEM:Refaccion Celular,Flex Interconexion Xiaomi Redmi Note 9,Cable Flex,Xiaomi Redmi Note 9,1447,50
9980540191010,FixOEM:Refaccion Celular,Flex Interconexion Xiaomi Poco X6,Cable Flex,Poco X6,1446,60
9980540158242,FixOEM:Refaccion Celular,Flex Interconexion Honor Magic 6 Lite,Cable Flex,Honor Magic 6 Lite,1435,60
9980540092706,FixOEM:Refaccion Celular,Flex Huella Xiaomi Redmi K50 Gaming,Cable Flex,Redmi K50 Gaming,1434,180
9980540059938,FixOEM:Refaccion Celular,Flex Huella Honor X7C,Cable Flex,Honor X7C,1417,130
9980540027170,FixOEM:Refaccion Celular,Flex Encendido Xiaomi 14T Pro,Cable Flex,Xiaomi 14T Pro,1416,50
9980539961634,FixOEM:Refaccion Celular,Flex Encendido Xiaomi Poco M6 Pro,Cable Flex,Poco M6 Pro,1415,60
9980539928866,FixOEM:Refaccion Celular,Flex Encendido Honor X6B,Cable Flex,Honor X6B,1413,60
9980539896098,FixOEM:Refaccion Celular,Flex Encendido + Huella Xiaomi Mi 11T,Cable Flex,Xiaomi Mi 11T,1410,140
9980539830562,FixOEM:Refaccion Celular,Flex Encendido Vivo V40 Lite,Cable Flex,Vivo V40 Lite,1394,50
9980539797794,FixOEM:Refaccion Celular,Charola SIM Xiaomi Poco X6 Pro 2311Drk48g,Charola SIM,Poco X6 Pro,1391,50
9980539765026,FixOEM:Refaccion Celular,Charola SIM Vivo Y36 V2247,Charola SIM,Vivo Y36,1351,50
9980539732258,FixOEM:Refaccion Celular,Charola SIM Vivo Y17S V2310,Charola SIM,Vivo Y17S,1237,50
9980539666722,FixOEM:Refaccion Celular,Charola SIM Oppo A54 4G Cph2239,Charola SIM,Oppo A54 4G,1235,50
9980539633954,FixOEM:Refaccion Celular,Charola SIM Moto Edge 50 Ultra Xt2401-1,Charola SIM,Moto Edge 50 Ultra,1231,50
9980539601186,FixOEM:Refaccion Celular,Charola SIM Moto Edge 20 Xt2143-1,Charola SIM,Moto Edge 20,1228,50
9980539568418,FixOEM:Refaccion Celular,Charola SIM Iphone 15 A3090,Charola SIM,iPhone 15,1227,50
9980539502882,FixOEM:Refaccion Celular,Charola SIM Honor X7C Clk-Lx3,Charola SIM,Honor X7C,1221,50
9980539437346,FixOEM:Refaccion Celular,Charola SIM Honor X5 Plus Wod-Lx3,Charola SIM,Honor X5 Plus,1208,50
9980539404578,FixOEM:Refaccion Celular,Charola SIM Honor Magic 7 Lite Brp-Nx1,Charola SIM,Honor Magic 7 Lite,1207,50
9980539371810,FixOEM:Refaccion Celular,Charola SIM Honor 50 Nth-Nx9,Charola SIM,Honor 50,1202,50
9980539339042,FixOEM:Refaccion Celular,Centro Carga Xiaomi Redmi 12,Centro de Carga,Xiaomi Redmi 12,1200,80
9980539306274,FixOEM:Refaccion Celular,Centro Carga Samsung M34,Centro Carga,Samsung Galaxy M34,1198,100
9980539240738,FixOEM:Refaccion Celular,Centro Carga Moto G56,Centro de Carga,Moto G56,1197,130
9980539207970,FixOEM:Refaccion Celular,Centro Carga Infinix Note 30 Pro,Centro Carga,Infinix Note 30 Pro,1193,60
9980539175202,FixOEM:Refaccion Celular,Centro Carga Honor 400 Pro,Centro de Carga,Honor 400 Pro,1022,150
9980539109666,FixOEM:Refaccion Celular,Auricular Samsung S24,Auricular,Samsung Galaxy S24,171,90
9980539076898,FixOEM:Refaccion Celular,Auricular Moto Edge 40 Neo,Auricular,Moto Edge 40 Neo,1180,60
9980539044130,FixOEM:Refaccion Celular,Altavoz Xiaomi Redmi 14C,Altavoz,Redmi 14C,1191,60
9980538945826,FixOEM:Refaccion Celular,Tapa Trasera Oppo Reno 13F Cph2699 Lila,Tapa Trasera,Oppo Reno 13F,1178,130
9980538913058,FixOEM:Refaccion Celular,Tapa Trasera One Plus Nord N200 De2118,Tapa Trasera,OnePlus Nord N200,1169,140
9980538880290,FixOEM:Refaccion Celular,Tapa Trasera Honor X6A Wdy-Lx3,Tapa Trasera,Honor X6A,1173,100
9980538814754,FixOEM:Refaccion Celular,Tapa Moto Edge 30 Xt2203-1,Tapa Trasera,Moto Edge 30,1163,100
9980538781986,FixOEM:Refaccion Celular,Carcasa Iphone 17 Pro A3522 Naranja,"Tapa Trasera Modelos Compatibles: 1. iPhone 17 Pro Detalles: 1. Tipo o tecnología del producto: Carcasa trasera de repuesto 2. Propósito: reemplazo de la carcasa trasera del iPhone 17 Pro 3. Características especiales: acabado naranja, montaje preciso, adaptación exacta para iPhone 17 Pro",iPhone 17 Pro,1161,2720
9980538749218,FixOEM:Refaccion Celular,Carcasa Iphone 16 Pro Max A3295 Titanio,Tapa Trasera,iPhone 16 Pro Max,1155,660
9980538716450,FixOEM:Refaccion Celular,Carcasa Iphone 14 Pro Max A2893 Morada,Carcasa,iPhone 14 Pro Max,1151,750
9980538683682,FixOEM:Refaccion Celular,Bisel Xiaomi Redmi Note 13 Pro 4G,Bisel,Xiaomi Redmi Note 13 Pro 4G,1137,230
9980538618146,FixOEM:Refaccion Celular,Bisel Xiaomi 11 Lite,Pantalla,Xiaomi 11 Lite,1136,230
9980538585378,FixOEM:Refaccion Celular,Bisel Xiaomi Redmi Note 12S,Bisel,Redmi Note 12S,1134,110
9980538552610,FixOEM:Refaccion Celular,Bisel Oppo Reno 11 5G,Bisel,Oppo Reno 11 5G,1117,450
9980538487074,FixOEM:Refaccion Celular,Bisel Moto G35,Bisel,Moto G35,1102,110
9980538454306,FixOEM:Refaccion Celular,Bisel Honor X7B,Bisel,Honor X7B,1064,100
9980538421538,FixOEM:Refaccion Celular,Bisel Honor X6A,Bisel de Pantalla,Honor X6A,1063,100
9979190870306,RF4 MEXICO,Organizador Multifuncional RF4 RF-ST15,"Organizador Modelos Compatibles: 1. RF4 2. RF-ST15 Detalles: 1. Organizador multifuncional 2. Propósito: almacenamiento y organización de componentes; compatible con RF4 y RF-ST15 3. Características especiales: diseño compacto, divisiones ajustables, construcción resistente",RF4 2. RF-ST15,2347,140
9979190772002,RF4 MEXICO,Sujetador Universal Soporte Remover Pantallas RF4 RF-SO2,"Herramienta Modelos Compatibles: 1. RF-SO2 Detalles: 1. Sujetador universal para remover pantallas 2. Propósito: facilitar el desmontaje de pantallas sin dañar el cristal ni el marco durante reparaciones 3. Características especiales: diseño universal, sujeción estable, construcción resistente",RF-SO2,2276,350
9972053377314,FixOEM:Refaccion Celular,Display Samsung Note 9 OLED N960,Pantalla,Samsung Galaxy Note9,3669,2460
9972053344546,FixOEM:Refaccion Celular,Display Samsung M55 5G M556 IPS,Pantalla,Samsung Galaxy M55 5G | SM-M556,3666,215
9972053311778,FixOEM:Refaccion Celular,Display Samsung M54 5G M546  IPS,Pantalla,Samsung M54 5G,3660,220
9972053279010,FixOEM:Refaccion Celular,Display Samsung M14 5G / A14 A145 IPS,Pantalla,Samsung M14 5G | Samsung Galaxy A14,3659,180
9972053246242,FixOEM:Refaccion Celular,Display Samsung Note 10 N970 Oled,Pantalla,Samsung Galaxy Note 10,3658,1970
9971896680738,FixOEM:Refaccion Celular,Display Vivo X60 Pro Oled,Pantalla,Vivo X60 Pro,4110,1590
9971478954274,FixOEM:Refaccion Celular,Bateria Huawei Matepad 10.4 2021 Hb28D8C8Ecw 12,Batería,Huawei MatePad 10.4 2021,2666,260
9971478855970,FixOEM:Refaccion Celular,Bateria Xiaomi Redmi 13 Bn5T,Batería,Redmi 13,2665,170
9971478757666,FixOEM:Refaccion Celular,Bateria Zte Axon 40 Se Li3844T45P8H896546 ,Batería,ZTE Axon 40 SE,2626,260
9971478692130,FixOEM:Refaccion Celular,Bateria Google Pixel 7 Gmf5Z,Batería,Google Pixel 7,2504,170
9971478626594,FixOEM:Refaccion Celular,Bateria Xiaomi Poco F4 Gt Bp48,Batería,Poco F4 GT,2501,380
9971478593826,FixOEM:Refaccion Celular,Bateria Realme C63 Blpa83,Batería,Realme C63,2456,220
9971478528290,FixOEM:Refaccion Celular,Bateria Xiaomi 12 Lite Bp4B,Batería,Xiaomi 12 Lite,2440,310
9971478495522,FixOEM:Refaccion Celular,Tapa Trasera Zte Nubia Music 2 Z2460 Multicolor,Tapa Trasera,ZTE Nubia Music 2 | Nubia Music 2,3654,180
9971478462754,FixOEM:Refaccion Celular,Tapa Trasera Xiaomi Poco F4 4G 22021211RG Negro,Tapa Trasera,Xiaomi Poco F4 4G,3202,110
9971478397218,FixOEM:Refaccion Celular,Tapa Trasera Realme 11 Pro Plus Rmx3740,Tapa Trasera,Realme 11 Pro Plus,3123,180
9971478331682,FixOEM:Refaccion Celular,Tapa Trasera Huawei Nova 12 Se Bne-Lx1,Tapa Trasera,Huawei Nova 12 SE,2821,110
9971478298914,FixOEM:Refaccion Celular,Display Zte Red Magic 10 Pro Oled,"Pantalla Modelos Compatibles: 1. Red Magic 10 Pro C Detalles: 1. Pantalla con marco 2. Propósito: reemplazo de la pantalla para Red Magic 10 Pro C 3. Características especiales: recubrimiento antiarañazos, montaje preciso, adaptación exacta para Red Magic 10 Pro C",Red Magic 10 Pro C,2818,5495
9969629692194,Ma Ant,Pluma Rompe Tapas MA ANT B1,"Herramienta Modelos Compatibles: 1. MA ANT B1 Detalles: 1. Pluma rompe tapas 2. Propósito: desmontaje de tapas en dispositivos electrónicos 3. Características especiales: punta de plástico suave para evitar arañazos, diseño compacto, adecuado para espacios reducidos",MA ANT B1,10888,120
9967344025890,RF4 MEXICO,Camara Microscopio Gran Angular Cmos 4K Rf4 Rf-39,"Lente Cámara Modelos Compatibles: 1. RF4 2. RF-39A Detalles: 1. Cámara de microscopio CMOS 4K 2. Propósito: reemplazo de la cámara de microscopio 3. Características especiales: gran angular, sensor CMOS 4K, montaje preciso para RF4 y RF-39A",RF4 2. RF-39A,2191,2780
9967343796514,RF4 MEXICO,Estacion Soldar Cautin Rf4 Rf-S510,"Estación de soldar Modelos Compatibles: 1. RF4 2. RF-S510 Detalles: 1. Estación de soldadura 2. Propósito: estación de soldadura para reparación de dispositivos electrónicos 3. Características especiales: control de temperatura preciso, calentamiento rápido, puntas intercambiables",RF4 2. RF-S510,2131,1680
9967343599906,RF4 MEXICO,Estacion Calor Rf4 Rf-H5 Pro,"Estación de Calor Modelos Compatibles: 1. Rf4 2. Rf-H5Pro Detalles: 1. Estación de calor con control de temperatura digital 2. Propósito: Desoldar y soldar componentes electrónicos mediante aire caliente 3. Características especiales: control de temperatura preciso, flujo de aire regulable, puntas intercambiables, protección de seguridad, adecuado para RF4 y RF-H5Pro",Rf4 2. Rf-H5Pro,2126,2510
9967343370530,RF4 MEXICO,Camara Microscopio 2K Hd Rf4 Rf-2Kc8 Lite,"Cámara de microscopio Modelos Compatibles: 1. Rf4 2. Rf-2Kc8 Lite Detalles: 1. Cámara de microscopio 2K HD 2. Propósito: reemplazo de la cámara de microscopio 3. Características especiales: versión Lite, resolución 2K, conectividad USB",Rf4 2. Rf-2Kc8 Lite,2078,2230
9967343304994,RF4 MEXICO,Tapete Magnetico Organizador Rf4 Rf-Mp21,"Tapete Magnético Organizador Modelos Compatibles: 1. RF4 2. RF-MP21 Detalles: 1. Tapete magnético organizador 2. Propósito: organización de tornillos y componentes durante reparaciones 3. Características especiales: superficie magnética, distribución de ranuras para clasificación, base antideslizante, acabado antiestático, compatible con RF4 y RF-MP21",RF4 2. RF-MP21,1414,100
9967342977314,RF4 MEXICO,Microscopio Rf4 Rf-6558 Pro (6.5X – 58X),"Microscopio Modelos Compatibles: 1. No especificado Detalles: 1. Microscopio óptico digital 2. Propósito: inspección detallada de componentes para reparación de dispositivos electrónicos 3. Características especiales: iluminación LED integrada, enfoque manual, aumento variable, conectividad USB para captura de imágenes",No especificado,1321,6200
9964780388642,Ma Ant,Modulo Control Voz Estacion Soldar / Calor MA ANT Gtp-02,"Herramienta Modelos Compatibles: 1. Gtp-02 Detalles: 1. Módulo de control de voz IA 2. Propósito: control de voz IA en estación de soldar/calor 3. Características especiales: compatibilidad con IA, control por voz, montaje estable, protección ESD",Gtp-02,2020,280
9964780323106,Ma Ant,Cable Pulpo Arranque Iphone 6 - 16 Plus MA ANT Fy-03,"Cable Flex Modelos Compatibles: 1. iPhone 6 2. iPhone 6 Plus Detalles: 1. Cable flex de arranque 2. Propósito: reemplazo del cable de arranque para iPhone 6 y iPhone 6 Plus 3. Características especiales: código MA ANT Fy-03, montaje preciso, adaptación exacta para iPhone 6 y iPhone 6 Plus",iPhone 6 2. iPhone 6 Plus,2011,180
9964780257570,Ma Ant,Soporte Sujetador Pantalla Reparacion MA ANT My-062,"Herramienta Modelos Compatibles: 1. MA ANT My-062 Detalles: 1. Tipo: Soporte de sujeción para pantalla 2. Propósito: sujeción de pantallas durante reparación 3. Características especiales: base antideslizante, ajuste de altura y ángulo, montaje preciso para pantallas",MA ANT My-062,1888,150
9964780192034,Ma Ant,Removedor Pegamento Integrado MA ANT Cj-2Pro,"Herramienta Modelos Compatibles: 1. CJ-2Pro Detalles: 1. Removedor de pegamento integrado 2. Propósito: remover adhesivo residual durante reparaciones de pantallas y ensamblajes 3. Características especiales: formulación específica para adhesivos de pantallas, control de aplicación, seguro para plásticos y vidrios, compatibilidad con CJ-2Pro",CJ-2Pro,1887,220
9964780126498,Ma Ant,Separador Estratificador Magnetico Anti Quemadura MA ANT M099,"Herramienta Modelos Compatibles: 1. MA ANT M099 Detalles: 1. Separador estratificador magnético anti explosión 2. Propósito: separación de capas para procedimientos de reparación, compatible con MA ANT M099 3. Características especiales: recubrimiento antiarañazos, montaje preciso, adaptación exacta para MA ANT M099",MA ANT M099,1805,70
9964780093730,Ma Ant,Limpiador Navaja Soporte Sujetador Cuchillas Doble Filo MA ANT M067,"Herramienta Modelos Compatibles: 1. MA ANT M067 Detalles: 1. Soporte para cuchillas doble filo 2. Propósito: soporte de cuchillas para manipulación y montaje seguro durante tareas de reparación 3. Características especiales: construcción robusta, tolerancias de ajuste precisas, adaptación exacta para MA ANT M067",MA ANT M067,1745,50
9964780028194,Ma Ant,Probador Detector Bobina Inductancia MA ANT M093B,"Herramienta Modelos Compatibles: 1. M093B Detalles: 1. Probador de bobinas inductancia 2. Propósito: detección y verificación de inductancia de bobinas 3. Características especiales: rango de inductancia 0.1 µH a 100 µH, precisión ±2%, calibración automática, incluye conectores de prueba",M093B,1182,50
9964779962658,Ma Ant,Cable 3 En 1 Carga Actualizacion  Firmware flashing Transmision Datos MA ANT Y-15 IPhone 15 16 17,"Cable Modelos Compatibles: 1. MA ANT Y-15 Detalles: 1. Cable de carga y datos 3 en 1, cepillado 2. Propósito: carga y transmisión de datos 3. Características especiales: acabado cepillado, diseño 3 en 1, construcción robusta",MA ANT Y-15,1179,110
9964779929890,Ma Ant,Kit Bisturi Cuchillas Limpiar Lcd MA ANT M098,"Herramienta Modelos Compatibles: 1. M098 Detalles: 1. Kit de bisturí de precisión con cuchillas intercambiables 2. Propósito: reemplazo y retirada de adhesivos durante reparación de pantallas LCD 3. Características especiales: cuchillas intercambiables, tope de seguridad, control de profundidad, diseño compacto y ergonómico",M098,1113,190
9964779864354,Ma Ant,Estacion Soldar Cautin Portatil MA ANT M-T12,"Estación de Soldadura Portátil Modelos Compatibles: 1. M-T12 Detalles: 1. Estación de soldadura portátil 2. Propósito: soldar y desoldar componentes electrónicos 3. Características especiales: control de temperatura digital, incluye soporte para cautín, diseño compacto, compatible con puntas tipo M-T12",M-T12,6351,420
9964779766050,Ma Ant,Kit Desarmadores Serie Blue Fatty MA ANT M081,"Herramienta Detalles: 1. Tipo o tecnología del producto: kit de desarmadores de precisión 2. Propósito del producto: desarmar y reparar dispositivos electrónicos 3. Características especiales: Serie Blue Fatty, Modelo MA ANT M081",,6299,260
9964779733282,Ma Ant,Soporte Holder Pcb Cristal MA ANT Ty02,"Herramienta Modelos Compatibles: 1. Ty02 Detalles: 1. Tipo o tecnología del producto: Soporte de cristal 2. Propósito: soporte y posicionamiento del cristal durante el montaje o reparación 3. Características especiales: diseño de encaixe preciso, ajuste para Ty02, material resistente",Ty02,6146,270
9964779700514,Ma Ant,Soporte Holder Pcb Cristal MA ANT Ty01,"Herramienta Modelos Compatibles: 1. Ty01 Detalles: 1. Soporte cristal 2. Propósito: soporte y alineación del cristal durante ensamblaje o reparación 3. Características especiales: material resistente, tolerancias de montaje precisas, adecuado para Ty01",Ty01,401,340
9964414533922,Ma Ant,"Bateria Iphone 16 Pro A3290, A3082, A3289, A3291",Batería,iPhone 16,4108,470
9964413714722,Ma Ant,Espatula Roach Doble Punta Explorador,Herramienta,,4109,80
9961480159522,cecapi,Curso de Remanufactura,Curso de Remanufactura,No aplica,,4200
9875066388770,TEC SIN HUMO,Capacitación extrema de fallas comunes en el taller.,,,,8000
9961342796066,FixOEM:Refaccion Celular,Tapa Trasera Honor 90 Smart Clk-Nx3,Tapa Trasera,Honor 90 Smart,8059,120
9961342632226,FixOEM:Refaccion Celular,Marco Oppo A79 Negro,Marco,Oppo A79,8046,130
9961342206242,FixOEM:Refaccion Celular,Marco Moto G05,Marco,Moto G05,9996,110
9961342042402,Ma Ant,Pulpo Fuente Poder Extencion Linea Arranque MA ANT Kj-01,"Cable Flex Modelos Compatibles: 1. KJ-01 Detalles: 1. Extensión de línea de antena 2. Propósito: extensión de la línea de la antena para el modelo KJ-01 3. Características especiales: conectores de precisión, resistencia a flexión, blindaje EMI, adaptación exacta para KJ-01",KJ-01,4102,260
9959072104738,Ma Ant,Pulpo Fuente Poder Cable Prueba Cocodrilo Fpc Ma Ant M071 Iphone 16-17,"Cable de prueba Modelos Compatibles: 1. M071 Detalles: 1. Cable de prueba con cocodrilos y conectores FPC 2. Propósito: prueba de conexiones y diagnóstico en dispositivos con conectores FPC y antena 3. Características especiales: cocodrilos de alta conductividad, extremos de prueba compatibles con FPC, aislamiento resistente, diseño compacto",M071,4107,610
9959071908130,Ma Ant,Pulpo Cable Arranque Iphone Ma Ant Kj-02,Cable flex,iPhone,4101,160
9959058899234,FixOEM:Refaccion Celular,Tapa Trasera Samsung A16 4G A165,Tapa Trasera,Samsung A16 4G,4007,80
9958759006498,Keguan,Repuesto Navaja Bisturí Ultra Delgada KEGUAN,Herramienta,KEGUAN,10748,60
9958397706530,Keguan,Soporte Holder Motor Camara KEGUAN,Herramienta,No especificado,10737,200
9958397673762,Keguan,Tubo Sujetador Reparacion Camara 5Mm KEGUAN,Herramienta,No especificado,10736,100
9958397640994,Keguan,Tubo Sujetador Reparacion Camara 7Mm KEGUAN,Herramienta,KEGUAN,10606,100
9958397608226,Keguan,Sticker Adhesivo Protector Camara KEGUAN 6Mm,Protector de Cámara,Universal 6 mm,10600,60
9958397575458,Keguan,Sticker Adhesivo Protector Camara KEGUAN 12Mm,Lente Cámara,No especificado,10551,60
9958397542690,Keguan,Tapete Magnetico Cpu KEGUAN,Tapete Magnético,Universal,10476,150
9958397509922,Keguan,Sujetador Base Reparacion Camara Iphone X-16 KEGUAN K1,Herramienta,iPhone X,10446,400
9958397477154,Keguan,Protector Camara Pesa Kit 4Pz KEGUAN,Protector de Cámara,KEGUAN,10441,290
9958397444386,Keguan,Piedra Aislante Reparacion Camara KEGUAN,Herramienta,KEGUAN,10435,80
9958397411618,Keguan,Mesa Pulido IC Multifuncional Keguan,Herramienta,No aplica,10425,2270
9958397346082,Keguan,Refrescador Punta Cautin KEGUAN Kg-614,Herramienta,Kg-614,10403,80
9958397313314,Keguan,Espatula Separar Pantalla Curva 0.03Mm 5Pzs KEGUAN,Herramienta,KEGUAN,10388,50
9958397280546,Keguan,Sujetador Camara Reparador Sensor Infrarojo  Iphone 11-16 KEGUAN Pequeño,Herramienta,iPhone 11 | iPhone 12 | iPhone 13 | iPhone 14 | iPhone 15 | iPhone 16,10321,400
9958397247778,Keguan,Sujetador Camara Reparador Sensor Infrarojo Iphone 11-16 KEGUAN Grande,Herramienta,iPhone 11 | iPhone 12 | iPhone 13 | iPhone 14 | iPhone 15 | iPhone 16,10316,860
9958397215010,Keguan,Pinzas Soporte Reparacion Dot Matrix Keguan,Herramienta,No especificado,10294,320
9958397182242,Keguan,Soporte Sujetador Celular / Camara Para Cuello KEGUAN Kg,Soporte Celular,Kg-M9,10249,1120
9958397083938,Keguan,Brazo Microscopio KEGUAN,Brazo de Microscopio,Microscopio KEGUAN,10191,5240
9958397051170,Keguan,Precalentadora Plataforma Calor Sujecion KEGUAN Pro,Herramienta,KEGUAN Pro,10125,3490
9958397018402,Keguan,Base Separar Prensa Precalentadora Universal KEGUAN A8,Herramienta,KEGUAN A8,10118,3860
9958349963554,FixOEM:Refaccion Celular,Tapa trasera Realme 8 5G Rmx3241 negro,Tapa Trasera,Realme 8 5G,4006,80
9958329647394,RF4 MEXICO,Lampara Curado UV RF4 RF-CL09,"Herramienta Modelos Compatibles: 1. RF4 2. RF-CL09 Detalles: 1. Lámpara UV para curado 2. Propósito: curado de resinas y adhesivos UV 3. Características especiales: alta intensidad de emisión UV, temporizador integrado, protección de sobrecalentamiento, compatible con RF4 y RF-CL09",RF4 2. RF-CL09,4003,300
9957778555170,JTX,Estacion Soldar Cuatin Inteligente JTX TX1 Pro,,,3999,2600
9957150064930,FixOEM:Refaccion Celular,Charola Sim Google Pixel 8 Pro Gc3ve,Charola SIM,Google Pixel 8 Pro,3998,50
9957150032162,FixOEM:Refaccion Celular,Charola Sim Google Pixel 8A,Charola SIM,Google Pixel 8A,3997,50
9957149999394,FixOEM:Refaccion Celular,Charola Sim Google Pixel 8 G9bqd,Charola SIM,Google Pixel 8,3996,50
9957149966626,FixOEM:Refaccion Celular,Charola Sim Google Pixel 7A Gwkk3,Charola SIM,Google Pixel 7A,3995,50
9957149933858,FixOEM:Refaccion Celular,Charola Sim Google Pixel 7 Pro Ge2ae,Charola SIM,Google Pixel 7 Pro,3994,50
9957149901090,FixOEM:Refaccion Celular,Charola Sim Google Pixel 7 Gvu6c,Charola SIM,Google Pixel 7,3993,50
9957149835554,FixOEM:Refaccion Celular,Charola Sim Google Pixel 6,Charola SIM,Google Pixel 6,3990,50
9957149802786,FixOEM:Refaccion Celular,Tapa Trasera Samsung Z Flip 5 Sm-F731b Negro,Tapa Trasera,Samsung Galaxy Z Flip 5,3989,180
9957149770018,FixOEM:Refaccion Celular,Tapa Trasera Samsung S25 Ultra Sm-S938b Blanco,Tapa Trasera,Samsung S25 Ultra,3988,120
9957149737250,FixOEM:Refaccion Celular,Tapa Trasera Samsung S25 Sm-S931b Blanco,Tapa Trasera,Samsung S25,3987,110
9957149704482,FixOEM:Refaccion Celular,Tapa Trasera Samsung S24 Sm-S921b Violeta,Tapa Trasera,Samsung S24,3986,80
9957149638946,FixOEM:Refaccion Celular,Tapa Trasera Samsung S24 Sm-S921b Blanco,Tapa Trasera,Samsung S24,3984,80
9957149606178,FixOEM:Refaccion Celular,Tapa Trasera Realme C35 Rmx3511,Tapa Trasera,Realme C35,3982,120
9957149573410,FixOEM:Refaccion Celular,Tapa Trasera Realme 7 Pro Rmx2170,Tapa Trasera,Realme 7 Pro,3981,80
9957149507874,FixOEM:Refaccion Celular,Tapa Trasera Realme 11 5G RMX3780,Tapa Trasera,Realme 11,3980,120
9957149475106,FixOEM:Refaccion Celular,Tapa Trasera Poco X7 Pro 22041211Ag,Tapa Trasera,Poco X7 Pro,3979,100
9957149409570,FixOEM:Refaccion Celular,Tapa Trasera Poco C40 220333QPG,Tapa Trasera,Poco C40,3978,80
9957149376802,FixOEM:Refaccion Celular,Tapa Trasera Oppo A5 Pro Cph2711,Tapa Trasera,Oppo A5 Pro,3977,130
9957149344034,FixOEM:Refaccion Celular,Tapa Trasera Moto Edge 30 Fusion Xt2243-1,Tapa Trasera,Moto Edge 30 Fusion,3976,100
9957149278498,FixOEM:Refaccion Celular,Charola Sim Honor X6 Pro Vne-Lx3,Charola SIM,Honor X6 Pro,3974,50
9957149245730,FixOEM:Refaccion Celular,Bisel Moto G100 XT2125,Pantalla,Moto G100,3973,170
9957149212962,FixOEM:Refaccion Celular,Bisel Honor 200 Pro,Bisel,Honor 200 Pro,3972,310
9957149180194,FixOEM:Refaccion Celular,Altavoz Zte V50 Smart,Altavoz,Zte V50 Smart,3971,60
9955363586338,2UUL,Plataforma Base Sujetador Fixture Reballing Dual CPU Stencil 2Uul BH17,"Herramienta Modelos Compatibles: 1. BH17 Detalles: 1. Plataforma de reballing de doble CPU 2. Propósito: facilitar el reballing de CPU en placas con doble CPU 3. Características especiales: control de temperatura estable, montaje preciso, guía de alineación y adaptadores específicos para BH17",BH17,3940,960
9955517169954,FixOEM:Refaccion Celular,Tapa Realme C67 Verde RMX3890,Tapa Trasera,Realme C67,3968,110
9955517137186,FixOEM:Refaccion Celular,Tapa Google Pixel 6 Gb7N6,Tapa Trasera,Google Pixel 6,3967,180
9955517038882,FixOEM:Refaccion Celular,S Pen Samsung S23 Ultra,Herramienta,Galaxy S23 Ultra,3966,120
9955517006114,FixOEM:Refaccion Celular,Marco Zte Axon 60 Lite,Marco,ZTE Axon 60 Lite,3965,170
9955516973346,FixOEM:Refaccion Celular,Bisel Xiaomi Note 14 Pro 5G,Marco,Xiaomi Note 14 Pro 5G,3964,220
9955516940578,FixOEM:Refaccion Celular,Marco Samsung A06 a065,Marco,Samsung Galaxy A06,3963,100
9955516907810,FixOEM:Refaccion Celular,Marco Moto G42 Xt2233,Marco,Moto G42,3962,110
9955516875042,FixOEM:Refaccion Celular,Marco Moto G13 Negro,Marco,Moto G13,3961,110
9955516809506,FixOEM:Refaccion Celular,Lente Camara Honor X5B / X5B Plus,Lente Cámara,Honor X5B | Honor X5B Plus,3960,60
9955516776738,FixOEM:Refaccion Celular,Flex Huella Samsung A16 a165,Cable Flex,Samsung Galaxy A16,3959,130
9955516711202,FixOEM:Refaccion Celular,Flex Interconexion Oppo Reno 13F CPH2699,Cable Flex,Oppo Reno 13F,3958,90
9955516678434,FixOEM:Refaccion Celular,Flex Interconexion Redmi Note 12S,Cable Flex,Redmi Note 12S,3957,60
9955516645666,FixOEM:Refaccion Celular,Flex Interconexion Vivo y11s / Y20 / Y20s / Y20i / Y12s,Cable Flex,Vivo Y20,3956,60
9955516612898,FixOEM:Refaccion Celular,Flex Interconexion Oppo A40 / a60,Cable Flex,Oppo A40,3955,60
9955516580130,FixOEM:Refaccion Celular,Flex Encendido Moto Edge 50 Pro Xt2403,Flex Encendido,Moto Edge 50 Pro,3953,60
9955516547362,FixOEM:Refaccion Celular,Charola Sim Xiaomi Redmi A3 23129Rn51x,Charola SIM,Xiaomi Redmi A3,3952,50
9955516449058,FixOEM:Refaccion Celular,Charola Sim Moto G05 XT2523,Charola SIM,Moto G05,3950,50
9955516416290,FixOEM:Refaccion Celular,Carcasa Iphone 16 Negro,Tapa Trasera,iPhone 16,3948,630
9955516383522,FixOEM:Refaccion Celular,Bisel Vivo V30 Lite,Bisel,Vivo V30 Lite,3947,100
9955516350754,FixOEM:Refaccion Celular,Bisel Samsung A16 A166,Bisel,Samsung A16,3946,90
9955516317986,FixOEM:Refaccion Celular,Bisel Samsung A05 A055,Bisel,Samsung A05,3945,90
9955516285218,FixOEM:Refaccion Celular,Bisel Moto G05,Bisel frontal,Moto G05,3944,110
9955516252450,FixOEM:Refaccion Celular,Bisel Moto Edge 50,Bisel,Moto Edge 50,3943,220
9955363455266,2UUL,Plataforma Base Tapete Reballing NAND Stencil Flash 2Uul BH16,"Herramienta Modelos Compatibles: 1. BH16 Detalles: 1. Plataforma de reballing para NAND Flash 2. Propósito: plataforma de reballing para NAND Flash 3. Características especiales: distribución de calor uniforme, control de temperatura, guía de alineación, base antiestática, montaje preciso",BH16,3941,290
9954893365538,2UUL,Cinta Doble Cara 2UUL 3mm,"Cinta Doble Cara Modelos Compatibles: 1. 2UUL Detalles: 1. Cinta adhesiva de doble cara 2. Propósito: fijación de componentes en ensamblajes electrónicos 3. Características especiales: ancho 3 mm, adhesión estable, adecuado para superficies lisas de plástico y metal",2UUL,3937,40
9954349449506,JTX,Activador Tablilla Bateria Iphone 6- 16 Pro Max JTX P15,"Placa Modelos Compatibles: 1. iPhone 16 2. iPhone 16 Pro Max Detalles: 1. Placa de activación de batería 2. Propósito: activación de batería y control de carga rápida 3. Características especiales: compatibilidad con iPhone 16 y 16 Pro Max, montaje preciso, protección contra sobretensiones",iPhone 16 2. iPhone 16 Pro Max,3936,170
9954340897058,JTX,Desarmador Precision JTX JT87,Desarmador de precisión,No aplica,3933,110
9954275361058,FixOEM:Refaccion Celular,Display Ipad Pro 9.7,Pantalla,iPad Pro 9.7 (2016),3932,2180
9953088995618,just fix it,Curso reparación de celulares básico intermedio,,,,2700
9953090863394,just fix it,Remanufactura,,,,3500
9953092927778,just fix it,Diagnóstico Avanzado,,,100000,3500
9953084965154,JTX,Estación Soldar Cautin Doble 210 / 115 / 245 200W JTX TX1 D,Estación de Soldadura,JTX TX1 D,3931,3190
9953082868002,JTX,Espatula Spudger Cuña Fibra Carbono JTX Qw-10,Herramienta,No aplica,3930,60
9953082835234,JTX,Espatula Spudger Cuña Fibra Carbono JTX Qw-09,Herramienta,JTX Qw-09,3929,60
9953082802466,JTX,Espatula Spudger Cuña Fibra Carbono JTX Qw-08,Herramienta,Qw-08,3928,60
9953082769698,JTX,Espatula Spudger Cuña Fibra Carbono JTX Qw-04,Espátula,JTX Qw-04,3927,60
9953082736930,JTX,Espatula Spudger Cuña Fibra Carbono JTX Qw-02,Herramienta,JTX Qw-02,3926,60
9953082704162,JTX,Espatula Spudger Cuña Fibra Carbono JTX Qw-01,Herramienta,JTX Qw-01,3925,60
9953082671394,JTX,Espatula Spudger Cuña  Fibra Carbono JTX 10Pz,Herramienta,JTX,3924,500
9953082638626,JTX,Bisturi Set Cuchillas Limpieza JTX Js-05,Herramienta,JTX Js-05,3923,220
9953082605858,JTX,Sujetador Multifuncional Universal Tres Ejes JTX Kj-01,Soporte,Universal,3922,330
9953082573090,JTX,Pinzas Precision Microsoldar JTX  & Fixst,Pinzas de precisión,JTX | Fixst,3921,110
9953082507554,JTX,Plataforma Base Tapete Reballing Iphone JTX,,,3920,250
9951386599714,FixOEM:Refaccion Celular,Display Tcl 20 Pro Oled,Pantalla,TCL 20 Pro,2738,2080
9951386468642,FixOEM:Refaccion Celular,Display Samsung Original S25 Plus SM-AS936,Pantalla,Samsung Galaxy S25 Plus (SM-AS936),SDI181,3760
9951386042658,FixOEM:Refaccion Celular,Display Nokia G300 IPS,Pantalla,Nokia G300,2678,190
9951349965090,YCS,Set Probador ICFriend Mipi Pro + Cable Isp YCS,Herramienta,No aplica,3919,15110
9951349899554,YCS,Box Adaptadores Ufs Icfriend 3 En 1 / 4 En 1 / 6 En 1 F64,Herramienta,No aplica,3918,760
9951349866786,YCS,Precalentadora Plataforma Removedora Pegamento Chips YCS 2S,Herramienta,YC 2S,3917,340
9951349834018,YCS,Sujetador Abrazadera Placa Base Ycs H03-Pro,Herramienta,Ycs H03-Pro,3916,370
9951349801250,YCS,Cepillo Limpieza Placa Base,"Herramienta Modelos Compatibles: 1.  Detalles: 1. Cepillo de limpieza para placa base 2. Propósito: limpieza de la placa base durante reparaciones 3. Características especiales: cepillo antiestático, cerdas suaves, mango ergonómico, compatible con electrónica sensible",,3915,60
9951349768482,YCS,Espatula Spudger Cuña No Magnetico Ycs,Herramienta,No aplica,3914,80
9951349735714,YCS,Bisturi Mango Cuchillo Para Electronicos Ycs,Bisturí,No aplica,3913,360
9951349702946,YCS,Desarmador Dinamometro Torque Ycs 2Dj,Herramienta,YCS 2DJ,3912,190
9951349670178,YCS,Desarmador Dinamometro Torque Ycs 2Di,Herramienta,Ycs 2Di,3911,190
9951349637410,YCS,Desarmador Dinamometro Torque Ycs 2Dh,Herramienta,Ycs 2Dh,3909,190
9951349604642,YCS,Desarmador Dinamometro Torque Ycs 2Dg,Herramienta,No aplica,3908,190
9951349571874,YCS,Isocket Soporte Prueba Placa Base Iphone 16 / Plus / Pro Ycs,Herramienta,iPhone 16 | iPhone 16 Plus | iPhone 16 Pro,3907,4750
9951349539106,YCS,Isocket Soporte Prueba Placa Base Iphone 15 Mini / Pro / Pro / Max Ycs,Herramienta,iPhone 15 Mini | iPhone 15 Pro | iPhone 15 Pro Max,3906,4400
9951349506338,YCS,Isocket Soporte Prueba Placa Base Iphone 13 Mini / Pro / Pro / Max Ycs,Herramienta,iPhone 13 mini | iPhone 13 | iPhone 13 Pro | iPhone 13 Pro Max,3905,5160
9951349440802,YCS,Separador Pantalla Ycs Q18,Separador de Pantalla,Ycs Q18,3904,550
9951349408034,YCS,Estacion Soldar Cautin Ycs S1 160W,"Estación Soldar Modelos Compatibles: 1. Ycs S1-160W Detalles: 1. Estación de soldar con control de temperatura 2. Propósito: soldadura y reparación de componentes electrónicos 3. Características especiales: potencia 160W, diseño compacto, control de temperatura ajustable",Ycs S1-160W,3903,2260
9951349375266,YCS,Pistola Aire Caliente Mr Yang No.1 110V Ycs,"Pistola Aire Caliente Modelos Compatibles: 1. No aplica Detalles: 1. Pistola de aire caliente 110V 2. Propósito: desoldar y soldar componentes SMD con aire caliente 3. Características especiales: control de temperatura ajustable, flujo de aire variable, boquillas intercambiables, protección contra sobrecalentamiento",No aplica,3902,3030
9951339381026,FixOEM:Refaccion Celular,Bateria Samsung Tab A7 SCUD-WT-N19,Batería,Samsung Tab A7,3695,250
9950691557666,Wylie,Flex Lector Dual Sim 17 Integrado MEP Wylie,Lector Dual SIM,MEP Wylie,3901,280
9950301323554,RF4 MEXICO,Estacion Soldar Cautin Rf4 Rf-S410,"Estación de Soldadura Modelos Compatibles: 1. RF4 2. RF-S410 Detalles: 1. Estación de soldadura 2. Propósito: soldar y desoldar componentes electrónicos en placas de circuito impreso 3. Características especiales: control de temperatura digital, protección contra sobrecalentamiento, soporte para puntas intercambiables, incluye accesorios básicos",RF4 2. RF-S410,3896,1800
9950300995874,RF4 MEXICO,Fuente Poder Rf4 Rf-3005Pro Fis,"Fuente de Poder Modelos Compatibles: 1. RF4 2. RF-3005Pro Detalles: 1. Fuente de alimentación 2. Propósito: suministro de energía estable para RF4 y RF-3005Pro 3. Características especiales: protección contra sobrecarga, protección contra cortocircuito, salida regulada, entrada 100-240V, montaje compacto",RF4 2. RF-3005Pro,3895,2400
9950300799266,RF4 MEXICO,Holder Fixture Sujetador Chip Rf4 Rf-Ft3X,"Herramienta Modelos Compatibles: 1. Rf4 2. Rf-Ft3X Detalles: 1. Sujetador de chips 2. Propósito: fijación y manejo seguro de chips para pruebas y ensamblaje 3. Características especiales: material antiestático, montaje preciso, adaptación exacta para Rf4 y Rf-Ft3X",Rf4 2. Rf-Ft3X,3894,550
9950300537122,RF4 MEXICO,Microscopio Trinocular Rf4 Rf-6565 ProFO26 (6.5X – 6.5X),"Microscopio Modelos Compatibles: 1. RF4 2. RF-6565Pro Detalles: 1. Microscopio óptico trinocular 2. Propósito: observación y documentación de muestras a alta resolución 3. Características especiales: iluminación LED regulable, torre trinocular integrada, platina XY de movimiento suave y ajuste preciso",RF4 2. RF-6565Pro,3893,8680
9950300078370,FixOEM:Refaccion Celular,Holder Fixture Sujetador Rf4 Rf-Ft09,"Herramienta Modelos Compatibles: 1. Rf4 2. Rf-Ft09 Detalles: 1. Tipo: sujetador de montaje para componentes RF 2. Propósito: fijación de componentes RF durante el ensamblaje o reparación 3. Características especiales: adaptación exacta para RF4 y RF-Ft09, tolerancias de montaje precisas, material resistente",Rf4 2. Rf-Ft09,3892,250
9950152163618,FixOEM:Refaccion Celular,Bateria Moto Edge 50 Neo QVV43,Batería,Moto Edge 50 Neo,2800,220
9949563584802,FixOEM:Refaccion Celular,Display Moto G86 Power 5G XT2527-6 OLED,Pantalla,Moto G86 Power 5G,3891,1490
9949529342242,Ma Ant,Removedora Todo En Uno 2025 Ma Ant F713,Herramienta,MA ANT F713,3889,3270
9949529309474,Ma Ant,Pistola Aplicador Flux Ma Ant,Herramienta,No aplica,3888,100
9949529276706,FixOEM:Refaccion Celular,Soplador Ventilador Extractor Humo Lampara Uv Ma Ant My-01,"Ventilador Modelos Compatibles: 1. MY-01 Detalles: 1. Tipo o tecnología del producto: Ventilador extractor con luz UV 2. Propósito: extracción de humo y desinfección UV en sistemas compatibles 3. Características especiales: iluminación UV integrada, flujo de aire optimizado, montaje plug-and-play",MY-01,3887,140
9949529243938,Ma Ant,Espatula Spudger Cuña Fibra Carbono M091 Ma Ant,Herramienta,M091,3885,60
9949529211170,Ma Ant,Desarmador Desatornillador Electrico Multifuncion Ma Ant L5Pro,"Desatornillador Eléctrico Multifunción Modelos Compatibles: 1. L5Pro Detalles: 1. Desatornillador eléctrico multifunción 2. Propósito: desatornillado y atornillado en reparaciones de dispositivos electrónicos 3. Características especiales: puntas intercambiables, control de par, velocidad variable, iluminación LED integrada, mango ergonómico",L5Pro,3884,560
9949529178402,Ma Ant,Multicargador Cubo 3 USB + Tipo C  PD+QC 60W Blanco Carga MA ANT,"Adaptador de corriente USB-C Modelos Compatibles: 1. Dispositivo con conector USB-C Detalles: 1. Adaptador de corriente USB-C 2. Propósito: suministro de energía para dispositivos con puerto USB-C 3. Características especiales: protección contra sobrecargas y cortocircuitos, carga rápida USB-C, entrada 100-240V AC, salida USB-C PD, cuerpo compacto, color blanco",Dispositivo con conector USB-C,3882,220
9949529145634,Ma Ant,Escobilla Brocha Cepillo Limpiadora Doble Cabezal Ma Ant M090B,Cepillo Limpiador,M090B,3881,50
9949529112866,Ma Ant,Tapete Magnetico Clasificador Tornillos Ma Ant M069 Phd,"Tapete Magnético Modelos Compatibles: 1. Ma Ant M069 Phd Detalles: 1. Tapete magnético de clasificación para tornillos 2. Propósito: Organización y retención de tornillos durante reparaciones de dispositivos 3. Características especiales: imán potente, diseño con zonas de clasificación para tornillos de distintos tamaños, superficie estable y fácil de limpiar, bordes elevados para evitar que las piezas se deslicen",Ma Ant M069 Phd,3880,50
9949529080098,Ma Ant,Soldadura Estaño Baterias Ma Ant M31,"Herramienta Modelos Compatibles: 1. Ma Ant M31 Detalles: 1. Soldadura para baterías 2. Propósito: soldadura y reparación de contactos de baterías en dispositivos electrónicos 3. Características especiales: control de temperatura, puntas intercambiables, mango ergonómico, aislamiento térmico",Ma Ant M31,3879,60
9949529047330,Ma Ant,Soldadura 0.3Mm 63% Estaño Ma Ant,Herramienta,No especificados,3878,70
9949529014562,Ma Ant,Raspador No Magnetico Ma Ant M068,"Raspador Modelos Compatibles: 1. MA ANT M068 Detalles: 1. Raspador no magnético 2. Propósito: raspar adhesivos y residuos durante reparaciones de pantallas 3. Características especiales: no magnético, filo de precisión, mango ergonómico",MA ANT M068,3877,70
9949528981794,Ma Ant,Espatula Spudger Cuña Rascador Plano Ma Ant Flath Mouth,Herramienta,Genérico,3876,40
9949528949026,Ma Ant,Espatula Rascador Bordes Ma Ant Edge,Herramienta,N/A,3875,40
9949528883490,Ma Ant,Puntas Pulidor 0.5 Mm Tungsteno Ma Ant 6Pz,Herramienta,Ma Ant,3873,210
9949528850722,Ma Ant,Puntas Pulidor 0.6 Mm Tungsteno Ma Ant 6Pz,Herramienta,Universal,3872,210
9949528752418,Ma Ant,Espatula Spudger Cuña Flexible Ma Ant M086,Espátula,No aplica,3871,50
9949528719650,Ma Ant,Kit Cuchillas Precision Ma Ant M077,Herramienta,Ma Ant M077,3870,80
9949528654114,Ma Ant,Kit Espatulas Raspador Ma Ant My-101,Herramienta,My-101,3869,150
9949528621346,Ma Ant,Holder Fixture Soporte Universal Placa Pcb Ma Ant H1,Herramienta,H1,3868,450
9949528588578,Ma Ant,Hilo Separador Pantallas 0.035Mm Pantalla Curva Ma Ant,Herramienta,No aplica,3867,40
9949528555810,Ma Ant,Hilo Separador Pantallas 0.026Mm Pantalla Curva Ma Ant,Herramienta,Pantallas curvas,3866,50
9949528457506,Ma Ant,Cabezal Cortadora Pantalla Ma Ant My-060,Herramienta,My-060,3863,110
9949528424738,Ma Ant,Tapete Silicon Resistente Calor 7 Ma Ant F7 Separator,Herramienta,No aplica,3862,90
9949528391970,Ma Ant,Maquina Separadora Pantallas Ma Ant F15Ipad,,,3861,1630
9949528293666,Ma Ant,Pinzas Antiestatica Curva Fina Ma Ant Ss-J,Pinzas Antiestáticas,No Aplica,3860,100
9949528228130,Ma Ant,Pinzas Antiestatica Punta Fina Ma Ant Shadow Blade-007,Pinzas Antiestáticas,N/A,3859,130
9949528162594,Ma Ant,Set Desatornilladores 8D Mushroom Knight Ma Ant,Desatornilladores,Universal,3858,730
9949528129826,Ma Ant,Desatornillador Iphone 15 Alta Precision Ant Knight Ma Ant,Desatornillador de precisión,iPhone 15,3857,110
9949528097058,Ma Ant,Desatornillador Cruz 1.5Mm Alta Precision Ant Knight Ma Ant,Desatornillador Cruz,,3856,110
9949528064290,Ma Ant,Desatornillador Placa Base Alta Precision Ant Knight Ma Ant,Destornillador de precisión,Ant Knight | Ma Ant,3855,110
9949528031522,Ma Ant,Desatornillador 6 Puntas Alta Precision Ant Knight Ma Ant,Herramienta,Ant Knight Ma Ant,3854,110
9949527998754,Ma Ant,Desatornillador Triangular Alta Precision Ant Knight Ma Ant,Herramienta,No aplica,3853,110
9949527965986,Ma Ant,Desatornillador Cruz Alta Precision Ant Knight Ma Ant,Desatornillador Cruz Alta Precisión,MA ANT,3852,110
9949527933218,Ma Ant,Desatornillador 5 Puntas Alta Precision Ant Knight Ma Ant,Desatornillador de Precisión,No aplica,3851,110
9949527900450,Ma Ant,Cepillo Limpieza Ma Ant,Herramienta,No especificado,3850,110
9949527867682,Ma Ant,Pantalla Monitor Microscopio 14 (4K) Ma Ant,Pantalla,Ma Ant,3849,4140
9949527834914,Ma Ant,Pantalla Hd Monitor Microscopio 14 (1080P) Ma Ant,Pantalla,Ma Ant,3848,2420
9949527802146,Ma Ant,Pantalla Hd Monitor Microscopio 10.1 (1080P) Ma Ant,Pantalla,Microscopio 10.1,3847,1340
9949527769378,Ma Ant,Lente Camara Barlow Microscopio 0.5Ax Ma Ant,Lente Cámara,Microscopio,3846,210
9949527736610,Ma Ant,Lente Camara Barlow Microscopio 0.7Ax Ma Ant,Lente Cámara,Microscopio genérico con portaobjetos estándar,3845,210
9949527703842,Ma Ant,Camara Microscopio 4K Eagle Eye Ma Ant Xj-2,"Cámara de microscopio Modelos Compatibles: 1. Xj-2 Detalles: 1. Tipo o tecnología del producto: Cámara de microscopio 4K 2. Propósito: captura y transmisión de imágenes desde un microscopio para observación y documentación 3. Características especiales: resolución 4K, compatibilidad con Eagle Eye Ma Ant Xj-2, montaje para integración en óptica de microscopio, salida USB para transferencia de datos",Xj-2,3844,3850
9949527671074,Ma Ant,Camara Microscopio Hd Eagle Eye Ma Ant Xj-03 Blanca 1/1.8 CMOS 60FPS,"Cámara de microscopio Modelos Compatibles: 1. Xj-3 Detalles: 1. Cámara de microscopio HD 2. Propósito: reemplazo de la cámara de microscopio 3. Características especiales: recubrimiento antiarañazos, montaje preciso, adaptación exacta para Xj-3",Xj-3,3843,2210
9949527605538,Ma Ant,Placa Base Soporte Multifuncional Ma Ant H4,Placa Base,Ma Ant H4,3842,430
9949527572770,Ma Ant,Almohadilla Silicon Magnetica Antiderrapante Ma Ant C03,Herramienta,Ma Ant C3,3841,120
9949527507234,Ma Ant,Stencil Kit Iphone 6-16 Y Android Ma Ant Kj-01+02+03,Herramienta,Iphone 6-16 | Android,3840,530
9949527474466,Ma Ant,Pulpo Cable Encendido Suave Iphone 6-16 Pro Max Ma Ant Kj-04,Cable Flex,iPhone 6 | iPhone 16 Pro Max,3839,230
9949527441698,Ma Ant,Pulpo Linea Arranque Android Ma Ant Kj-03,Antena,KJ-03,3835,260
9949527408930,Ma Ant,Pulpo Cable Alimentación Arranque 8 En 1 Iphone 7-16 Ma Ant M064 Soft,Cable,iPhone 7 | iPhone 16,3834,230
9949527376162,Ma Ant,Pulpo Cable Alimentacion Arranque Iphone 6-16 Pro Max Ma Ant Py-2 Soft,Cable de alimentación,iPhone 6 | iPhone 16 Pro Max,3833,200
9949527343394,Ma Ant,Placa Activacion Bateria Ma Ant M091,Placa Activacion Bateria,M091,3832,140
9949527310626,Ma Ant,Amperimetro Tester Multifuncion Inteligente Ma Ant Dl-02,Multímetro,Dl-02,3831,980
9949527277858,Ma Ant,Fuente Activador Multicargador Ma Ant Dianba Mini+,"Cargador Modelos Compatibles: 1. Universal Detalles: 1. Tipo o tecnología del producto: Multicargador USB para taller 2. Propósito: fuente de energía y diagnóstico para pruebas de dispositivos móviles durante reparaciones 3. Características especiales: salidas múltiples USB-A y USB-C, protección contra sobrecorriente y cortocircuitos, desconexión automática ante sobrecalentamiento, carcasa aislante, diseño compacto, rango de entrada 100-240 V",Universal,3830,350
9949527245090,Ma Ant,"Fuente Activador Multicargador
 Ma Ant Dianba No.1","Cargador Modelos Compatibles: 1. Ma Ant Dianba No.1 Detalles: 1. Cargador múltiple con salidas USB 2. Propósito: suministro de energía para múltiples dispositivos 3. Características especiales: protección contra sobrecorriente, protección térmica, carcasa aislante, tamaño compacto",Ma Ant Dianba No.1,3829,590
9949527212322,Ma Ant,Multicargador Estacion Alimentacion 200W Ma Ant Mt-P200,"Herramienta Modelos Compatibles: 1. Mt-P200 Detalles: 1. Estación de alimentación de banco 2. Propósito: suministro de energía estable para pruebas y reparación de dispositivos 3. Características especiales: 200W, regulación de voltaje y corriente, protección contra sobrecorriente y sobrevoltaje, pantalla digital, construcción robusta, diseño para montaje en banco",Mt-P200,3828,2000
9949527179554,Ma Ant,Cautin Estacion Soldadur Portatil Ma Ant M210,"Estación Soldadura Modelos Compatibles: 1. M210 Detalles: 1. Estación de soldadura portátil 2. Propósito: soldar y desoldar componentes electrónicos 3. Características especiales: diseño compacto, control de temperatura ajustable, soporte de puntas intercambiables, protección contra sobrecalentamiento, adecuado para reparaciones en dispositivos móviles",M210,3827,640
9949527146786,Ma Ant,Cautin Estacion Soldar Ma Ant Ht-C210,Estación Soldadura,HT-C210,3826,1500
9949522460962,2UUL,Kit Tornillos Repuesto 12 Modelos 2UUL SC12,"Kit Tornillos Modelos Compatibles: 1. 2UUL 2. SC12 Detalles: 1. Tornillos de repuesto 2. Propósito: reemplazo de tornillos para reparación de smartphones 3. Características especiales: múltiples longitudes y diámetros, acero inoxidable, tolerancias de precisión, roscas métricas compatibles, kit para 12 modelos",2UUL 2. SC12,3824,330
9947276214562,Ma Ant,Mascara Uv Secado Rapido Ma Ant 3S,Herramienta,MA ANT 3S,3823,50
9947228504354,FixOEM:Refaccion Celular,Display Macbook Pro 13.3 A2338 Silver,Pantalla,Macbook A2338,3810,5330
9947228406050,FixOEM:Refaccion Celular,Display Zte Nubia Z50S Pro 5G Oled,Pantalla,Nubia Z50S Pro 5G,3808,1850
9947228373282,FixOEM:Refaccion Celular,Display Zte Blade A56 Z2473 / A36 Z2472,Pantalla,ZTE Blade A56 | ZTE Blade A36,3806,185
9947228340514,FixOEM:Refaccion Celular,Display Xiaomi Redmi Note 14 Pro 5G / Note 14 Pro Plus 24090Ra29G 24115Ra8Eg,Pantalla,Redmi Note 14 Pro 5G | Redmi Note 14 Pro Plus,3805,250
9947228242210,FixOEM:Refaccion Celular,Display Xiaomi Poco F7 25053PC47G OLED,Pantalla,Xiaomi Poco F7,3804,1165
9947228209442,FixOEM:Refaccion Celular,Display Vivo V30E V2339 IPS,Pantalla,Vivo V30E,3803,370
9947228176674,FixOEM:Refaccion Celular,Display Realme 14 Pro Rmx5055 IPS,Pantalla,Realme 14 Pro RMX5055,3802,785
9947228143906,FixOEM:Refaccion Celular,Display Oppo Reno 13 5G Cph2689 / Reno 14 5G Cph2737 IPS,Pantalla,Oppo Reno 13 5G | Oppo Reno 14 5G,3801,620
9947228111138,FixOEM:Refaccion Celular,Display One Plus 8T Kb2005 / 9R Le2100 / Realme X7 Pro Rmx2121,Pantalla,OnePlus 8T | OnePlus 9R | Realme X7 Pro,3800,180
9947228078370,FixOEM:Refaccion Celular,Display Moto Razr 50 XT2453-1 Exterior OLED,Pantalla,Moto Razr 50,3799,2660
9947228045602,FixOEM:Refaccion Celular,Display Moto G56 XT2529 IPS,Pantalla,Moto G56,3798,200
9947228012834,FixOEM:Refaccion Celular,Display Moto G 5G 2025 XT2513 IPS,Pantalla,Moto G 5G 2025,3797,270
9947227947298,FixOEM:Refaccion Celular,Display Infinix Smart 7 X6515 / Smart 7 Plus X6517 / Hot 30I X669 IPS,Pantalla,Infinix Smart 7 | Infinix Smart 7 Plus | Infinix Hot 30i,3795,150
9947227914530,FixOEM:Refaccion Celular,Display Infinix S5 / S5 Lite X652 IPS,Pantalla,Infinix S5 | Infinix S5 Lite X652,3794,190
9947227816226,FixOEM:Refaccion Celular,Display Huawei Matepad Se 11 2024 Ags6-W09,Pantalla,Huawei MatePad SE 11 2024 (AGS6-W09),3792,475
9947227783458,FixOEM:Refaccion Celular,Display Honor X10 Lite Dnn-Lx9 IPS,Pantalla,Honor X10 Lite,3791,155
9947227750690,FixOEM:Refaccion Celular,Display Cubot A10 Ips,Pantalla,Cubot A10,3790,150
9946799309090,FixOEM:Refaccion Celular,Display Zte V50 Vita IPS,Pantalla,Zte V50 Vita,11525,220
9946799276322,FixOEM:Refaccion Celular,Display Zte Nubia Z50 Oled,Pantalla,Nubia Z50,11524,955
9946799243554,FixOEM:Refaccion Celular,Display Zte Blade V70 Max IPS,Pantalla,ZTE Blade V70 Max,11479,215
9946799210786,FixOEM:Refaccion Celular,Display Zte Blade V40 Design IPS,Pantalla,Zte Blade V40 Design,11463,250
9946799178018,FixOEM:Refaccion Celular,Display Xiaomi Redmi 15C IPS,Pantalla,Xiaomi Redmi 15C,11457,185
9946799145250,FixOEM:Refaccion Celular,Display Vivo Y04 / Y19E / Y29S IPS,Pantalla,Vivo Y04 | Vivo Y19E | Vivo Y29S,11455,190
9946799079714,FixOEM:Refaccion Celular,Display Samsung S24 Sm-S921 OLED,Pantalla,Samsung S24 | Samsung S921,11450,2765
9946799046946,FixOEM:Refaccion Celular,Display Samsung S24 Plus Sm-S926 C/Marco Oled,Pantalla,Samsung S24 Plus SM-S926,11439,1810
9946799014178,FixOEM:Refaccion Celular,Display Samsung S23 Sm-S911 Plata OLED,Pantalla,Samsung Galaxy S23,11434,2750
9946798981410,FixOEM:Refaccion Celular,Display Samsung S23 Sm-S911 Negro OLED,Pantalla,Samsung Galaxy S23 SM-S911,11409,2750
9946798915874,FixOEM:Refaccion Celular,Display Samsung S23 Sm-S911 Lavanda OLED,Pantalla,Galaxy S23 | SM-S911,11392,2750
9946798850338,FixOEM:Refaccion Celular,Display Samsung S21 Fe C/Marco Negro Sm-G990 Oled,Pantalla,Samsung S21 FE | SM-G990,11389,1540
9946798817570,FixOEM:Refaccion Celular,Display Samsung S21 5G Sm-G991 Rosa OLED,Pantalla,Samsung Galaxy S21 5G (SM-G991),11336,1540
9946798784802,FixOEM:Refaccion Celular,Display Samsung S21 5G Sm-G991 Plata OLED,Pantalla,Samsung Galaxy S21 5G SM-G991,11334,1670
9946798752034,FixOEM:Refaccion Celular,Display Samsung S21 5G C/Marco Sm-G991 OLED,Pantalla,Samsung Galaxy S21 5G (SM-G991),11331,1670
9946798719266,FixOEM:Refaccion Celular,Display Samsung A17 A176 IPS,Pantalla,Samsung A17,11330,215
9946798653730,FixOEM:Refaccion Celular,Display Samsung A07 A075F IPS,Pantalla,Samsung A07 | Samsung A075,11315,160
9946798620962,FixOEM:Refaccion Celular,Display Realme 13 Pro IPS,Pantalla,Realme 13 Pro,11267,410
9946798588194,FixOEM:Refaccion Celular,Display Oppo Reno 13 Reno 14 IPS,Pantalla,Oppo Reno 13 | Oppo Reno 14,11266,430
9946798489890,FixOEM:Refaccion Celular,Display Oppo Find X6 Pro Oled,Pantalla,Oppo Find X6 Pro,11240,1590
9946798457122,FixOEM:Refaccion Celular,Display Nubia Z60 Ultra,Pantalla,Nubia Z60 Ultra,11225,910
9946798424354,FixOEM:Refaccion Celular,Display Inifinix Hot 20 IPS,Pantalla,Inifinix Hot 20,11214,180
9946798391586,FixOEM:Refaccion Celular,Display Huawei Pura 70 Pro OLED,Pantalla,Huawei Pura 70 Pro,11213,3900
9946798358818,FixOEM:Refaccion Celular,Display Huawei Nova 13 Oled,Pantalla,Huawei Nova 13,11162,610
9946798326050,FixOEM:Refaccion Celular,Display Huawei Nova 12S Oled,Pantalla,Huawei Nova 12S,11146,595
9946798227746,FixOEM:Refaccion Celular,Display Honor X6C IPS,Pantalla,Honor X6C,10995,170
9946798194978,FixOEM:Refaccion Celular,Display Google Pixel 10 oled,Pantalla,Google Pixel 10,10988,2385
9946798129442,FixOEM:Refaccion Celular,Display Cubot King Kong Power 3 IPS,Pantalla,Cubot King Kong Power 3,10893,350
9946798096674,FixOEM:Refaccion Celular,Display Cubot King Kong Ax IPS,Pantalla,Cubot King Kong Ax,10873,280
9942568010018,FixOEM:Refaccion Celular,Display Xiaomi Mi 14T 2406apnfag / 14T Pro 2407fpn8eg IPS,Pantalla,Xiaomi Mi 14T | Xiaomi Mi 14T Pro,3789,270
9942567944482,FixOEM:Refaccion Celular,Display Honor Magic 7 Pro Ptp-an10 OLED,Pantalla,Honor Magic 7 Pro,3788,4270
9942567846178,FixOEM:Refaccion Celular,Display Oppo Reno 11F Cph2603 IPS,"Pantalla Modelos Compatibles: 1. Oppo Reno 11F Detalles: 1. Pantalla IPS 2. Propósito: reemplazo de la pantalla del Oppo Reno 11F 3. Características especiales: recubrimiento antiarañazos, montaje preciso, adaptación exacta para Oppo Reno 11F GARANTÍA  La garantía tiene vigencia de hasta 5 días después de recibir el producto. Es requisito indispensable que antes de instalar la pieza, realice una prueba con el equipo abierto, para determinar el correcto funcionamiento de ésta, sin levantar micas o sellos.",Oppo Reno 11F,3787,175
9942567747874,FixOEM:Refaccion Celular,Display Realme Gt3 Rmx3709 IPS,Pantalla,Realme GT3,3786,320
9942567649570,FixOEM:Refaccion Celular,Display Vivo V30E V2339 IPS,"Pantalla Modelos Compatibles: 1. Vivo V30E Detalles: 1. Pantalla IPS 2. Propósito: reemplazo de la pantalla 3. Características especiales: adaptación exacta para Vivo V30E, montaje preciso, compatibilidad con el marco original GARANTÍA  La garantía tiene vigencia de hasta 5 días después de recibir el producto. Es requisito indispensable que antes de instalar la pieza, realice una prueba con el equipo abierto, para determinar el correcto funcionamiento de ésta, sin levantar micas o sellos.",Vivo V30E,3785,380
9942567584034,FixOEM:Refaccion Celular,Display Realme 14 Pro / 14 Pro 5G RMX5056 Oled,Pantalla,Realme 14 Pro | Realme 14 Pro 5G,3783,890
9942567485730,FixOEM:Refaccion Celular,Display Vivo V23 V2130 IPS,Pantalla,Vivo V23 | Vivo V2130,3782,300
9941941780770,FixOEM:Refaccion Celular,Bateria Samsung Original Z Fold 6 EB-BF957ABY,Batería,Samsung Galaxy Z Fold,SBA081,580
9941725708578,2UUL,Pistola Ventilador Soplador Nano 30W 2Uul Da90,"Ventilador Modelos Compatibles: 1. Da90 2. 2Uul Detalles: 1. Tipo o tecnología del producto: Ventilador de refrigeración axial 2. Propósito: reemplazo de ventilador en equipos electrónicos 3. Características especiales: diseño compacto, bajo nivel de ruido, montaje compatible con estándares habituales GARANTÍA  La garantía tiene vigencia de hasta 5 días después de recibir el producto. Es requisito indispensable que antes de instalar la pieza, realice una prueba con el equipo abierto, para determinar el correcto funcionamiento de ésta, sin levantar micas o sellos.",Da90 2. 2Uul,3462,590
9941725675810,Ma Ant,Ventilador Extractor Ma Ant M066,Herramienta,Ma Ant M066,3362,370
9941725544738,FixOEM:Refaccion Celular,Tapa Trasera Moto G05/ G015/ E15/ G15 Power,Tapa Trasera,Moto G05 | Moto G015 | Moto E15 | Moto G15 Power,3269,90
9941725511970,FixOEM:Refaccion Celular,Tapa Trasera Moto Edge 50 Pro Xt2403‑2,Tapa Trasera,Moto Edge 50 Pro,3268,180
9941725446434,FixOEM:Refaccion Celular,Tapa Trasera Moto E14 Xt2421‑12,Tapa Trasera,Moto E14,3270,90
9941725413666,2UUL,Sujetador Micro Jig 2Uul Bh04,"Herramienta Modelos Compatibles: 1. No especificado Detalles: 1. Sujetador Micro Jig 2. Propósito: fijación y alineación de componentes durante reparación 3. Características especiales: alta precisión, construcción rígida, compatible con BH04 y 2Uul",No especificado,3637,310
9941725380898,JCID,Probador Pantallas Jcid V15Pm,Herramienta,Jcid V15Pm,3308,6600
9941725348130,FixOEM:Refaccion Celular,Marco Moto G54 Negro,Marco,Moto G54,3762,110
9941725315362,2UUL,Limpiador Punta Cautiin 2Uul Sc93,"Herramienta Modelos Compatibles: 1. SC93 Detalles: 1. Limpiador de punta de cautín 2. Propósito: limpieza de puntas de cautín 3. Características especiales: diseño compacto, limpieza eficiente, compatible con SC93",SC93,3639,50
9941725249826,FixOEM:Refaccion Celular,Lente Camara Iphone 14 Plus,Lente Cámara,iPhone 14 Plus,11523,60
9941725151522,FixOEM:Refaccion Celular,Flex Huella Moto G60,Cable Flex,Moto G60,1093,140
9941725118754,FixOEM:Refaccion Celular,Flex Huella Moto G54 Negro,Cable Flex,Moto G54,3767,170
9941724954914,FixOEM:Refaccion Celular,Espuma Limpiadora Silimex 454Ml,Limpieza,No aplica,156,150
9941724889378,FixOEM:Refaccion Celular,Display Zte Nuvia Music Pro Art IPS,Pantalla,Nuvia Music Pro Art,3090,195
9941724823842,FixOEM:Refaccion Celular,Display Zte Blade A53 Plus IPS,Pantalla,Zte Blade A53 Plus,1172,410
9941724758306,FixOEM:Refaccion Celular,Display Tcl 30 Xe 5G IPS,Pantalla,TCL 30 XE 5G,931,175
9941724692770,FixOEM:Refaccion Celular,Display Tcl 20 Xe/ 20 R 5G 5087Z T767H IPS,Pantalla,TCL 20 Xe | TCL 20 R 5G,930,170
9941724660002,FixOEM:Refaccion Celular,Display Samsung Tab S10 Fe+,Pantalla,Samsung Galaxy Tab S10 FE,3778,1240
9941724627234,FixOEM:Refaccion Celular,Display Samsung S21 Ultra Oled Sm-G998,Pantalla,Samsung Galaxy S21 Ultra | SM-G998,10275,4790
9941724561698,FixOEM:Refaccion Celular,Display Samsung S10 Plus Con Marco Y Huella Oled Sm-975F,Pantalla,Samsung Galaxy S10+ | SM-G975F,9028,2560
9941724528930,FixOEM:Refaccion Celular,"Display Samsung Original Tv 55"" Cy-Nt055Hglv3H,Utu8500N, Bn95-06555C",Pantalla,Cy-Nt055Hglv3H | Utu8500N | Bn95-06555C,SDI037,2530
9941724496162,FixOEM:Refaccion Celular,"Display Samsung Original Tv 55"" 05705D, Bn95-07448A",Pantalla,05705D | BN95-07448A,SDI058,1820
9941724463394,FixOEM:Refaccion Celular,Display Samsung J7 Pro Oled Sm-J730 Rosa,Pantalla,Samsung J7 Pro SM-J730,5335,400
9941724430626,FixOEM:Refaccion Celular,Display Samsung J7 Pro Oled Sm-J730 Negro,Pantalla,Samsung Galaxy J7 Pro SM-J730,5332,570
9941724397858,FixOEM:Refaccion Celular,Display Samsung J7 Pro Oled Sm-J730 Dorado,Pantalla,Samsung J7 Pro | SM-J730,5334,590
9941724365090,FixOEM:Refaccion Celular,Display Samsung J7 Pro Oled Sm-J730 Azul,Pantalla,Samsung J7 Pro SM-J730,5333,400
9941724332322,FixOEM:Refaccion Celular,Display Samsung J7 Pro Led Sm-J730 Negro,Pantalla,Samsung Galaxy J7 Pro SM-J730,5193,205
9941724299554,FixOEM:Refaccion Celular,Display Samsung J7 Pro Led Sm-J730 Azul,Pantalla,Samsung J7 Pro | SM-J730,5192,280
9941724266786,FixOEM:Refaccion Celular,Display Samsung J7 2018 Ips Sm-J737 Negro,Pantalla,Samsung J7 2018 | SM-J737,5328,240
9941724201250,FixOEM:Refaccion Celular,Display Realme 10 Pro IPS,Pantalla,Realme 10 Pro,2682,220
9941724135714,FixOEM:Refaccion Celular,Display Oppo Reno 8 Lite,Pantalla,Oppo Reno 8 Lite,1214,180
9941724037410,FixOEM:Refaccion Celular,Display Oppo K9 K9X K9S K9 Pro X S Pro 4G 5G,Pantalla,Oppo K9 | Oppo K9X | Oppo K9S | Oppo K9 Pro | Oppo X S Pro,2867,180
9941723971874,FixOEM:Refaccion Celular,Display Oppo A95 4G IPS,Pantalla,Oppo A95 4G,6278,270
9941723906338,FixOEM:Refaccion Celular,Display Oppo A94 Ips,Pantalla,Oppo A94,6242,260
9941723873570,FixOEM:Refaccion Celular,Display Nokia 5.4 / 3.4 Ta1285 Ips,Pantalla,Nokia 5.4 | Nokia 3.4,6014,195
9941723742498,FixOEM:Refaccion Celular,Display Lg K4 2017 Led M160 M153 M151,Pantalla,LG K4 2017 | M160 | M153 | M151,267,370
9941723676962,FixOEM:Refaccion Celular,Display Lenovo K5 Ips  K350T *,Pantalla,Lenovo K5 | Lenovo K350T,5365,290
9941723545890,FixOEM:Refaccion Celular,Display Infinix Note 30,Pantalla,Infinix Note 30,2294,165
9941723447586,FixOEM:Refaccion Celular,"Display Huawei Y5 Pro, Y5 2017, Y6 2017, Nova Young 4G Lte Ips Negro",Pantalla,Huawei Y5 Pro | Huawei Y5 2017 | Huawei Y6 2017 | Nova Young 4G Lte,5267,230
9941723382050,FixOEM:Refaccion Celular,Display Huawei Y5 Pro Ips Mya-L13 Dorado,Pantalla,Huawei Y5 Pro | Mya-L13,5269,230
9941723152674,FixOEM:Refaccion Celular,Detector Carga Rapida Jc-Ct02 JCID,Herramienta,Jc-Ct02,2640,620
9941722890530,FixOEM:Refaccion Celular,Charola Sim Moto Razr 40 Xt2323-1,Charola SIM,Moto Razr 40,3254,50
9941722792226,FixOEM:Refaccion Celular,Centro Carga Xiaomi Poco M4 Pro 4G 2201117Pg / Note 11 4G 2201117Tg,Lente Cámara,Poco M4 Pro 4G | Note 11 4G,611,80
9941722628386,FixOEM:Refaccion Celular,Centro Carga Iphone 12 Pro A2407 / 12 A2403,"Lente Cámara Modelos Compatibles: 1. iPhone 12 Pro Detalles: 1. Lente de cámara trasera 2. Propósito: reemplazo de la lente de la cámara trasera 3. Características especiales: recubrimiento antiarañazos, montaje preciso, adaptación exacta para iPhone 12 Pro GARANTÍA  La garantía tiene vigencia de hasta 5 días después de recibir el producto. Es requisito indispensable que antes de instalar la pieza, realice una prueba con el equipo abierto, para determinar el correcto funcionamiento de ésta, sin levantar micas o sellos.",iPhone 12 Pro,11006,170
9941722595618,FixOEM:Refaccion Celular,Centro Carga Alcatel 5025 5025E,Lente Cámara,Alcatel 5025,5711,90
9941722562850,FixOEM:Refaccion Celular,Boton Fisico Moto Edge 40 Neo,Botón Físico,Moto Edge 40 Neo,3218,50
9941722530082,FixOEM:Refaccion Celular,Bisel Moto G10 / G30,Bisel,Moto G10 | Moto G30,493,80
9941722497314,FixOEM:Refaccion Celular,Bateria Zte Blade V40 Pro*,Batería,Zte Blade V40 Pro,1966,100
9941722464546,FixOEM:Refaccion Celular,Bateria Samsung Z Fold 4 5G Sm-F936 Eb-Bf937Aby,Batería,Samsung Galaxy Z Fold4 5G (SM-F936),3692,220
9941722399010,FixOEM:Refaccion Celular,Bateria Samsung S25 Ultra Eb-Bs938Abe,Batería,Samsung S25 Ultra,3697,250
9941722366242,FixOEM:Refaccion Celular,Bateria Samsung S24 Plus Eb-Bs926Aby,Batería,Galaxy S24 Plus,3694,210
9941722333474,FixOEM:Refaccion Celular,Bateria Samsung S24 Eb-Bs922Aby,Batería,Samsung Galaxy S24,3693,140
9941722300706,FixOEM:Refaccion Celular,Bateria Samsung S23 5G Sm-S911 Eb-Bs912Aby,Batería,Samsung Galaxy S23 5G (SM-S911),3698,145
9941722267938,FixOEM:Refaccion Celular,Bateria Samsung S22 Plus Eb-Bs906Aby,Batería,Samsung Galaxy S22 Plus,3699,150
9941722202402,FixOEM:Refaccion Celular,Bateria Samsung S20 Fe 5G / S20 Fe Eb-Bg781Aby,Batería,Samsung Galaxy S20 FE 5G | Samsung Galaxy S20 FE,206,150
9941722169634,FixOEM:Refaccion Celular,Bateria Samsung Original Wacht 5 Eb-Br910Aby,Batería,Samsung Galaxy Watch 5,SBA080,300
9941722136866,FixOEM:Refaccion Celular,Bateria Huawei Original Matepad Pro / Matepad Air / C7 Hb29J7C1Eew-21A,Batería,Huawei MatePad Pro | Huawei MatePad Air,HBA039,870
9941613674786,Ma Ant,Pasta Soldadura Estaño Ma Ant,Herramienta,MAANT,3776,170
9941612560674,Ma Ant,Laminadora Pantallas Mini Ma Ant SU7,"Laminadora de Pantallas Modelos Compatibles: 1. SU7 Detalles: 1. Laminadora de pantallas 2. Propósito: laminado de pantallas para ensamblaje de dispositivos móviles 3. Características especiales: funcionamiento silencioso, control de presión ajustable, incluye guía de alineación y base estable GARANTÍA  La garantía tiene vigencia de hasta 5 días después de recibir el producto. Es requisito indispensable que antes de instalar la pieza, realice una prueba con el equipo abierto, para determinar el correcto funcionamiento de ésta, sin levantar micas o sellos.",SU7,3775,9000
9936696312098,JCID,Detector Carga JCID CD01,Herramienta,CD01,2639,1750
9934781841698,FixOEM:Refaccion Celular,Display Samsung S22 Ultra Sm-S908 IPS C / Marco Negro,Pantalla,Samsung S22 Ultra,3649,730
9930305175842,FixOEM:Refaccion Celular,Probador Tester Usb Bateria FNIRSI Fnb58P,"Herramienta Modelos Compatibles: 1. FNIRSI-Fnb58P Detalles: 1. Probador de batería 2. Propósito: pruebas de baterías y packs de energía para diagnóstico 3. Características especiales: conectores versátiles, lectura de voltaje y estado de la batería, protección contra cortocircuitos, diseño compacto y estable GARANTÍA  La garantía tiene vigencia de hasta 5 días después de recibir el producto. Es requisito indispensable que antes de instalar la pieza, realice una prueba con el equipo abierto, para determinar el correcto funcionamiento de ésta, sin levantar micas o sellos.",FNIRSI-Fnb58P,3773,1500
9930305110306,FixOEM:Refaccion Celular,Probador Tester Usb Bateria FNIRSI Fnb48P,"Herramienta Modelos Compatibles: 1. No aplica Detalles: 1. Probador de batería digital 2. Propósito: prueba y verificación de baterías de dispositivos móviles 3. Características especiales: pantalla integrada, conectores para baterías comunes, protección contra cortocircuitos, calibración automática, formato compacto GARANTÍA  La garantía tiene vigencia de hasta 5 días después de recibir el producto. Es requisito indispensable que antes de instalar la pieza, realice una prueba con el equipo abierto, para determinar el correcto funcionamiento de ésta, sin levantar micas o sellos.",No aplica,3772,1160
9930305077538,FixOEM Herramientas,Cautin Portatil Inteligente FNIRSI HS-02A,Herramienta,FNIRSI,3770,1350
9930304979234,FixOEM:Refaccion Celular,Fuente Alimentacion Programable BSIDE,Fuente de Alimentación,I83010,3825,3300
9926994034978,FixOEM:Refaccion Celular,Flex Interconexion Xiaomi Redmi Note 12 Pro 5G / Poco X5 22111317pg,Cable Flex,Xiaomi Redmi Note 12 Pro 5G | Poco Phone X5,3768,50
9926510018850,FixOEM:Refaccion Celular,Bisel Moto G14,Bisel,Moto G14,2499,100
9926352011554,FixOEM:Refaccion Celular,Marco Samsung A13,Marco,Samsung A13,3763,80
9926351880482,FixOEM:Refaccion Celular,Marco Moto G34,Marco,Moto G34,3761,110
9926351847714,FixOEM:Refaccion Celular,Marco Honor X7B,Marco,Honor X7B,3760,140
9926351782178,FixOEM:Refaccion Celular,Lente Camara Samsung A15,Lente Cámara,Samsung A15,3759,60
9926351683874,FixOEM:Refaccion Celular,Lente Camara Realme 14 Pro 5G,Lente Cámara,Realme 14 Pro 5G,3758,60
9926351651106,FixOEM:Refaccion Celular,Lente Camara Poco X7 Pro / X7,Lente Cámara,Poco X7 Pro,3757,60
9926351520034,FixOEM:Refaccion Celular,Lente Camara Realme C35,Lente Cámara,Realme C35,3754,60
9926351454498,FixOEM:Refaccion Celular,Flex Interconexion Redmi Note 13 4G,Cable Flex,Redmi Note 13 4G,3753,80
9926351388962,FixOEM:Refaccion Celular,Flex Interconexion Realme 12 Plus (LCD),Cable Flex,Realme 12 Plus,3752,60
9926351225122,FixOEM:Refaccion Celular,Flex Interconexion Samsung S24 Fe,Cable Flex,Samsung S24 Fe,3751,90
9926351159586,FixOEM:Refaccion Celular,Flex Interconexion Moto G84 xt2347,Cable Flex,Moto G84,3750,60
9926351061282,FixOEM:Refaccion Celular,Flex Interconexion Moto Edge 30 Neo,Cable Flex,Moto Edge 30 Neo,3749,80
9926350995746,FixOEM:Refaccion Celular,Flex Huella Vivo Y18,Cable Flex,Vivo Y18,3774,140
9926350930210,FixOEM:Refaccion Celular,Flex Huella Moto G15 xt2521,Cable Flex,Moto G15,3747,170
9926350831906,FixOEM:Refaccion Celular,Flex Encendido Samsung A26 a266,Cable Flex,Samsung A26,3745,170
9926350700834,FixOEM:Refaccion Celular,Flex Encendido Moto G24/ G34/ G54,Cable Flex,Moto G54,3744,60
9926350635298,FixOEM:Refaccion Celular,Flex Encendido Moto G05 / G15,Cable Flex,Moto G05,3743,60
9926350602530,FixOEM:Refaccion Celular,Charola Sim Vivo Y36S,Charola SIM,Vivo Y36S,3742,50
9926350569762,FixOEM:Refaccion Celular,Charola Sim Vivo Y20 V2039 / Y20A V2059,Charola SIM,Vivo Y20,3741,50
9926350471458,FixOEM:Refaccion Celular,Charola Sim Realme C35 Rmx3511,Charola SIM,Realme C35,3739,50
9926350438690,FixOEM:Refaccion Celular,Charola Sim Realme 14 Pro Plus Rmx5051,Charola SIM,Realme 14 Pro Plus,3738,50
9926350373154,FixOEM:Refaccion Celular,Charola Sim Realme 14 Pro Rmx5056,Charola SIM,Realme 14 Pro,3737,50
9926350307618,FixOEM:Refaccion Celular,Charola Sim Moto G75 XT2437,Charola SIM,Moto G75,3736,50
9926350143778,FixOEM:Refaccion Celular,Charola Sim Axon 40Se 9037,Charola SIM,Axon 40Se,3733,50
9926350078242,FixOEM:Refaccion Celular,Charola Sim Realme 7 Pro Rmx2170,Charola SIM,Realme 7 Pro,3732,50
9926350045474,FixOEM:Refaccion Celular,Charola Sim Iphone 16 Pro / 16 Pro Max,Charola SIM,Iphone 16 Pro,3731,50
9926349979938,FixOEM:Refaccion Celular,Charola Iphone 16 / 16 PLus,Charola,iPhone 16,3730,50
9926349881634,FixOEM:Refaccion Celular,Centro Carga Realme C67 rmx3890,Centro Carga,Realme C67,3729,90
9926349816098,FixOEM:Refaccion Celular,Centro Carga Moto G55 xt2435,Centro de Carga,Moto G55,3728,100
9926349750562,FixOEM:Refaccion Celular,Centro Carga Moto G Play 2024 xt2413,Centro de Carga,Moto G Play 2024,3727,130
9926349717794,FixOEM:Refaccion Celular,Centro Carga Moto Edge 40 Pro,Cable Flex,Moto Edge 40 Pro,3726,200
9926349619490,FixOEM:Refaccion Celular,Centro Carga Ipad 10 4g,Centro Carga,iPad 10,3725,150
9926349521186,FixOEM:Refaccion Celular,Centro Carga Zte A33S,Centro de Carga,Zte A33S,3706,120
9926349488418,FixOEM:Refaccion Celular,Centro Carga Xiaomi Redmi 13,Centro de Carga,Xiaomi Redmi 13,3722,90
9926349324578,FixOEM:Refaccion Celular,Centro Carga Samsung Z Fold 6,Centro de Carga,Samsung Galaxy Z Fold 6,3721,180
9926349291810,FixOEM:Refaccion Celular,Centro Carga Samsung Z Fold 5,Centro de Carga,Samsung Z Fold 5,3720,190
9926349259042,FixOEM:Refaccion Celular,Centro Carga Samsung Z Fold 3,Centro de Carga,Samsung Galaxy Z Fold 3,3719,190
9926349226274,FixOEM:Refaccion Celular,Centro Carga Realme Note 60,Centro de Carga,Realme Note 60,3718,90
9926349160738,FixOEM:Refaccion Celular,Centro Carga Realme 14 Pro 5G,Centro Carga,Realme 14 Pro 5G,3717,330
9926349029666,FixOEM:Refaccion Celular,Centro Carga Realme 11 Pro / 11 Pro Plus,Centro Carga,Realme 11 Pro,3715,100
9926348964130,FixOEM:Refaccion Celular,Centro Carga Lenovo Tab P11,Centro de carga,Lenovo Tab P11,3714,120
9926348931362,FixOEM:Refaccion Celular,Centro Carga Lenovo M9,Centro de Carga,Lenovo M9,3713,240
9926348865826,FixOEM:Refaccion Celular,Centro Carga Iphone 16 Pro,Centro de Carga,iPhone 16 Pro,3712,390
9926348833058,FixOEM:Refaccion Celular,Centro Carga Iphone 16,Centro Carga,iPhone 16,3710,620
9926348767522,FixOEM:Refaccion Celular,Centro Carga Zte Axon 50 Lite,Centro Carga,Zte Axon 50 Lite,3709,120
9926348636450,FixOEM:Refaccion Celular,Centro Carga Vivo Y04,Conector de Carga,Vivo Y04,3708,110
9926348570914,FixOEM:Refaccion Celular,Centro Carga Tecno Spark Go,Centro de Carga,Tecno Spark Go,3707,60
9926348538146,FixOEM:Refaccion Celular,Centro Carga Zte Axon 60 Lite,Centro Carga,ZTE Axon 60 Lite,3766,120
9926348374306,FixOEM:Refaccion Celular,Bisel Xiaomi Redmi 14C,Bisel,Xiaomi Redmi 14C,3705,90
9926348341538,FixOEM:Refaccion Celular,Flex Antena Samsung S24 Plus,Cable Flex,Samsung Galaxy S24 Plus,3704,80
9926348276002,FixOEM:Refaccion Celular,Flex Antena Wifi Samsung S23 Ultra,Cable Flex,Samsung Galaxy S23 Ultra,3703,80
9926348210466,FixOEM:Refaccion Celular,Flex Antena Wifi Samsung S20 Ultra,Cable Flex,Samsung Galaxy S20 Ultra,3702,80
9926348144930,FixOEM:Refaccion Celular,Altavoz Xiaomi Redmi 9T,Altavoz,Redmi 9T,3701,60
9926348046626,FixOEM:Refaccion Celular,Altavoz Moto Edge 20 Lite,Altavoz,Moto Edge 20 Lite,3700,60
8773353472290,FixOEM :Repuestos Celular+ Micro Electrónica,Kit Emergencia - Todo para cambiar tu display,,,888,70
9913825001762,FixOEM:Refaccion Celular,Display Puro Ipad 9,Pantalla,iPad 9,3685,1025
9913823199522,FixOEM:Refaccion Celular,Display Xiaomi 14 Ultra 24030PN60G Oled,Pantalla,Xiaomi 14 Ultra,3690,1480
9913820872994,FixOEM:Refaccion Celular,Display Hisense V40i/ E50i Ips,Pantalla,Hisense V40i | Hisense E50i,722,180
9913720045858,FixOEM:Refaccion Celular,Bateria Oppo A92S / A93 4G / Reno4 Lite / Reno 4F / F17 Pro / Reno 4Z 5G Blp779,Batería,Oppo A92S | Oppo A93 4G | Oppo Reno4 Lite | Oppo Reno 4F | Oppo F17 Pro | Oppo Reno 4Z 5G,3684,140
9913719947554,FixOEM:Refaccion Celular,Bateria Moto G85 QE50,Batería,Motorola G85,3683,200
9913719882018,FixOEM:Refaccion Celular,Bateria Oppo Reno 7Z / 7Z 5G / N20 5G / Reno 74G / Reno 8 4G / Reno 8Z 5G / Reno 8 Lite 5G Blp907,Batería,Oppo Reno 7Z | Oppo Reno 7Z 5G | Oppo N20 5G | Oppo Reno 74G | Oppo Reno 8 4G | Oppo Reno 8Z 5G | Oppo Reno 8 Lite 5G,3680,180
9913719849250,FixOEM:Refaccion Celular,Bateria Honor X6B HB47659EGW,Batería,Honor X6B,3679,180
9913719718178,FixOEM:Refaccion Celular,Bateria Realme 12 Plus Blpa43,Batería,Realme 12 Plus,3678,230
9913719521570,FixOEM:Refaccion Celular,Bateria Vivo V40 Lite BA27,Bateria,Vivo V40 Lite,3677,200
9913719488802,FixOEM:Refaccion Celular,Bateria Vivo V30E BA40,Batería,Vivo V30E,3675,200
9913719456034,FixOEM:Refaccion Celular,Bateria Realme C55 / Narzo 50 / BLP875,Batería,Realme C55,3674,170
9913719390498,FixOEM:Refaccion Celular,Bateria Xiaomi Poco F4 / Redmi K40s BP49,Batería,Poco F4,3672,270
9913719226658,FixOEM:Refaccion Celular,Bateria Vivo Y03 / Y18 / Y28E BA33,Batería,Vivo Y03 | Vivo Y18,3667,170
9913719128354,FixOEM:Refaccion Celular,Bateria Oppo A80 / A40 / A3X / A3 Blpa77,Batería,Oppo A80 | Oppo A40,3665,170
9913719062818,FixOEM:Refaccion Celular,Bateria Honor X5 PLUS / X6A / X6B / X7C HB476594GW,Batería,Honor X6A | Honor X7C,3664,165
9913718898978,FixOEM:Refaccion Celular,Bateria Xiaomi Mi 10t / Mi 10t Pro BM53,Batería,Xiaomi Mi 10T,3663,175
9913718833442,FixOEM:Refaccion Celular,Bateria Zte Blade A34 / A54 Gh6701 Gh6702,Batería,Zte Blade A34 | Zte Blade A54,3662,175
9913718800674,FixOEM:Refaccion Celular,Bateria Zte Axon 40 Lite / Axon 40 Se / V40 S Li3844T45P8h896546,Batería,ZTE Axon 40 Lite,3661,190
9913718767906,FixOEM:Refaccion Celular,Bateria Oppo Reno 11 / Oppo Realme 11 Pro 4G 5G BLPA15,Batería,Oppo Reno 11,3657,230
9913718571298,FixOEM:Refaccion Celular,Bateria Zte Blade A35 / Blade A55 E6718ZTE-B,Batería,ZTE Blade A35 | ZTE Blade A55,3656,200
9913718440226,FixOEM:Refaccion Celular,Bateria Xiami Redmi Note 14 / 14 5G / Poco M7 Pro 5GBN5U,Batería,Redmi Note 14 | Redmi Note 14 5G,3655,180
9913718276386,FixOEM:Refaccion Celular,Bateria Oppo Reno 11 5G BLPA15,Batería,Oppo Reno 11 5G,3653,230
9913718243618,FixOEM:Refaccion Celular,Bateria ZTE Nubia Z60 Ultra Li3959T45P8h816761,Batería,Nubia Z60 Ultra,3652,260
9913718210850,FixOEM:Refaccion Celular,Bateria Samsung A36 / A56 Eb-ba566ase,Batería,Samsung A36 | Samsung A56,3651,180
9913718079778,FixOEM:Refaccion Celular,Bateria Oneplus 10T / Ace Pro BLP945,Batería,OnePlus 10T,3650,360
9913591955746,FixOEM:Refaccion Celular,Box Programador F64 Ultra,Herramienta,F64 Ultra,3691,18000
9913590612258,FixOEM:Refaccion Celular,Box Programador F64 Lite,Programador,F64 Lite,3688,8498
9904594518306,Aifen,Estacion Calor AIFEN F5 Pro,,,3687,5280
9898437935394,FixOEM:Refaccion Celular,Bateria Samsung A9 2018 Eb-Ba920abu,Batería,Samsung Galaxy A9 2018,3648,145
9892613030178,2UUL,Desarmador  Destornillador Iphone 17 2UUL Sd87,"Herramienta Modelos Compatibles: 1. iPhone 17 Detalles: 1. Desarmador de precisión 2. Propósito: herramienta para desarmar y reparar iPhone 17 3. Características especiales: punta de precisión compatible con tornillos del iPhone 17, mango ergonómico, cuerpo resistente",iPhone 17,3461,110
9889963966754,FixOEM:Refaccion Celular,Bisel Honor x7c,Bisel de pantalla,Honor X7c,3464,100
9889432731938,2UUL,Tapete Reparacion 2UUL 500Mm*350Mm*5Mm ST86,"Herramienta Modelos Compatibles: 1. 2UUL Detalles: 1. Tapete de reparación para electrónica 2. Propósito: superficie de trabajo para reparación de dispositivos electrónicos 3. Características especiales: dimensiones 500Mm*350Mm*5Mm, código 2UUL GARANTÍA  La garantía tiene vigencia de hasta 5 días después de recibir el producto. Es requisito indispensable que antes de instalar la pieza, realice una prueba con el equipo abierto, para determinar el correcto funcionamiento de ésta, sin levantar micas o sellos.",2UUL,3635,240
9889432633634,2UUL,Pistola Ventilador Soplador Aspirador 2UUL Da970,"Herramienta Modelos Compatibles: 1. No aplica Detalles: 1. Tipo o tecnología del producto: Aspirador portátil de mano con motor de succión 2. Propósito: limpieza de polvo en dispositivos electrónicos durante reparaciones 3. Características especiales: diseño compacto, boquilla de precisión para espacios estrechos, adecuado para limpieza de PCB y conectores GARANTÍA  La garantía tiene vigencia de hasta 5 días después de recibir el producto. Es requisito indispensable que antes de instalar la pieza, realice una prueba con el equipo abierto, para determinar el correcto funcionamiento de ésta, sin levantar micas o sellos.",No aplica,3634,470
9889432535330,2UUL,Mototool Dremel Rectificadora Pulidor 2UUL DA85,"Pulidor Modelos Compatibles: 1. Universal Detalles: 1. Pulidor de precisión 2. Propósito: pulir superficies delicadas y eliminar microarañazos superficiales en vidrio y plástico 3. Características especiales: control de velocidad variable, mango ergonómico, base para discos de pulido intercambiables GARANTÍA  La garantía tiene vigencia de hasta 5 días después de recibir el producto. Es requisito indispensable que antes de instalar la pieza, realice una prueba con el equipo abierto, para determinar el correcto funcionamiento de ésta, sin levantar micas o sellos.",Universal,3633,690
9889432404258,2UUL,Bisturi Raspador Espatula Navaja Sexy 2 2UUL Da61,Herramienta,2UUL | Da61,3632,150
9889432207650,2UUL,Juego De Brocas Extractoras barrido 2UUL Sd90,Herramienta,,3631,90
9885934387490,JTX,Mango Bisturi JTX Js-06,Herramienta,,3630,90
9885934354722,JTX,Flux JTX Js-51,Pantalla,JS-51,3629,80
9885934321954,JTX,Punta Cautin Biselada JTX C210-K,Herramienta,JTX C210-K,3628,90
9885934190882,JTX,Hilo De Jumper 0.02Mm JTX,Cable Flex,Genérico,3625,80
9885934158114,JTX,Hilo Jumper 0.01Mm JTX,Herramienta,JTX,3624,80
9885934125346,JTX,Mascara UV Barniz Aislante Verde JTX Jy-3,Barniz Aislante,Jy-3,3623,60
9885934059810,JTX,Mascara UV Barniz Aislante Transparente JTX Jy-2,Barniz Aislante,JTX Jy-2,3622,50
9885797482786,FixOEM:Refaccion Celular,Cable De Datos usb a - usb c 1.0 M Huawei Original Cp51,Cable de datos,Huawei CP51,HAC020,90
9885796991266,Huawei,Cable Hdmi 2.0 Negro Huawei Original 1.5 m CD80 UL2027,Cable HDMI,Huawei,HAC019,150
9885594485026,FixOEM:Refaccion Celular,Tapa Trasera Zte V70 Nx712j,Tapa Trasera,Zte V70,3619,160
9885594353954,FixOEM:Refaccion Celular,Tapa Trasera Zte Blade V40 Vita Zte 8045,Tapa Trasera,ZTE Blade V40 Vita,3618,120
9885594222882,FixOEM:Refaccion Celular,Tapa Trasera Zte A53 Azul sin huella,Tapa Trasera,Zte A53,3616,120
9885594157346,FixOEM:Refaccion Celular,Tapa Trasera Xiaomi Redmi 13 2404Arn45a,Tapa Trasera,Xiaomi Redmi 13,3615,100
9885594026274,FixOEM:Refaccion Celular,Tapa Trasera Xiaomi Poco M3 Pro 5G M2103k19Pg,"Tapa Trasera Modelos Compatibles: 1. Xiaomi Poco M3 Pro 5G Detalles: 1. Tapa trasera 2. Propósito: reemplazo de la tapa trasera 3. Características especiales: color azul, adaptación exacta para Xiaomi Poco M3 Pro 5G, montaje preciso GARANTÍA  La garantía tiene vigencia de hasta 5 días después de recibir el producto. Es requisito indispensable que antes de instalar la pieza, realice una prueba con el equipo abierto, para determinar el correcto funcionamiento de ésta, sin levantar micas o sellos.",Xiaomi Poco M3 Pro 5G,3612,80
9885593927970,FixOEM:Refaccion Celular,Tapa Trasera Vivo Y36 V2247 Negro,Tapa Trasera,Vivo Y36,3611,100
9885593796898,FixOEM:Refaccion Celular,Tapa Trasera Vivo Y18 V2333,Tapa Trasera,Vivo Y18,3610,100
9885593665826,FixOEM:Refaccion Celular,Tapa Trasera Vivo V30 Lite 5G Negro V2162a,Tapa Trasera,Vivo V30 Lite 5G,3608,180
9885593501986,FixOEM:Refaccion Celular,Tapa Trasera Vivo S12 / V23 5G V2162A V2130 Negro,Tapa Trasera,Vivo S12 | Vivo V23 5G | V2162A | V2130,3607,130
9885593436450,FixOEM:Refaccion Celular,Tapa Trasera Realme Note 60 Rmx3933,Tapa Trasera,Realme Note 60,3605,120
9885593338146,FixOEM:Refaccion Celular,Tapa Trasera Realme Note 50 V2427 Azul,Tapa Trasera,Realme Note 50,3602,110
9885593272610,FixOEM:Refaccion Celular,Tapa Trasera Realme C65 Rmx3910 Negro,Tapa Trasera,Realme C65,3601,110
9885593108770,FixOEM:Refaccion Celular,Tapa Trasera Realme 7 Pro Rmx2170,Tapa Trasera,Realme 7 Pro,3600,80
9885592977698,FixOEM:Refaccion Celular,Tapa Trasera Oppo A93 Cph2121 Azul,Tapa Trasera,Oppo A93,3597,100
9885592912162,FixOEM:Refaccion Celular,Tapa Trasera Oppo A78 Cph2565,Tapa Trasera,Oppo A78,3595,110
9885592813858,FixOEM:Refaccion Celular,Tapa Trasera Moto Edge 50 Xt2407‑2,Tapa Trasera,Moto Edge 50,3594,100
9885592617250,FixOEM:Refaccion Celular,Tapa Trasera Huawei Nova 13 Blk‑Lx9,Tapa Trasera,Huawei Nova 13,3591,110
9885592486178,FixOEM:Refaccion Celular,Tapa Trasera Honor X6B Plus Jdy‑Lx3,Tapa Trasera,Honor X6B Plus,3589,100
9885592387874,FixOEM:Refaccion Celular,Tapa Trasera Honor Magic 7 Pro Ptp‑N49,Tapa Trasera,Honor Magic 7 Pro,3587,180
9885592256802,FixOEM:Refaccion Celular,Tapa Trasera Honor Magic 7 Lite Brp‑Nx1,Tapa Trasera,Honor Magic 7 Lite,3585,120
9885592125730,FixOEM:Refaccion Celular,Tapa Trasera Google Pixel 7 Pro Ge2Ae,Tapa Trasera,Google Pixel 7 Pro,3584,180
9885592027426,FixOEM:Refaccion Celular,Tapa Tarsera Honor 200 Lite Lly‑Nx3,Tapa Trasera,Honor 200 Lite,3581,100
9882241499426,JCID,Flex tag on JCID True Tone Iphone,"Pantalla Modelos Compatibles: 1. iPhone 12 Pro Max Detalles: 1. Flex de pantalla True Tone 2. Propósito: reemplazo de la pantalla 3. Características especiales: recubrimiento antiarañazos, montaje preciso, adaptación exacta para iPhone 12 Pro Max GARANTÍA  La garantía tiene vigencia de hasta 5 días después de recibir el producto. Es requisito indispensable que antes de instalar la pieza, realice una prueba con el equipo abierto, para determinar el correcto funcionamiento de ésta, sin levantar micas o sellos.",iPhone 12 Pro Max,3172,250
9881256558882,FixOEM:Refaccion Celular,Display Iphone 12 / 12 Pro JCID Autoprogramable,Pantalla,iPhone 12 | iPhone 12 Pro,3181,1930
9881255837986,JCID,Tablilla Adaptador JCID True Tone JCID V1 Se V1S Plus V1S Pro 13-15,Placa Adaptadora,iPhone 13 | iPhone 14 | iPhone 15,3171,1070
9880767529250,FixOEM:Refaccion Celular,Display Iphone 13 Mini A2631 A2633 A2634 A2635 A2482.,Pantalla,A2631 | A2633 | A2634 | A2635 | A2482,11163,310
9877410119970,FixOEM:Refaccion Celular,Marco Oppo Reno 5 4G,Marco,Oppo Reno 5 4G,3577,120
9877366440226,FixOEM:Refaccion Celular,Display Moto One Zoom XT2010 OLED,Pantalla,Moto One Zoom,3576,990
9877361754402,FixOEM:Refaccion Celular,Display Cubot King Kong 7 IPS,Pantalla,King Kong 7,3575,310
9876376551714,JTX,Flux Soldadura Jtx Js61 10cc,"Flux de Soldadura Modelos Compatibles: 1. JS-61 Detalles: 1. Flux de soldadura 2. Propósito: facilitar la soldadura y limpieza de superficies durante el proceso de soldadura 3. Características especiales: residuo mínimo, buena humectación, apto para soldadura sin plomo GARANTÍA  La garantía tiene vigencia de hasta 5 días después de recibir el producto. Es requisito indispensable que antes de instalar la pieza, realice una prueba con el equipo abierto, para determinar el correcto funcionamiento de ésta, sin levantar micas o sellos.",JS-61,3573,140
9876376453410,JTX,Pinzeta Curva Jtx Air-2,Herramienta,General para reparaciones de dispositivos electrónicos,3572,220
9876376387874,JTX,Pinzeta Recta Jtx Air-2,Pinceta Recta,Jtx Air-2,3571,220
9876376289570,JTX,Base Holder Plataforma Reballing Nand Jtx N3,Herramienta,JTX N3,3570,220
9876376191266,JTX,Bisturi Raspador Espatula NavajaJtx Dp-4,Herramienta,Jtx Dp-4,3569,120
9876376125730,JTX,Kit conductiva Jumper Jtx F1,Herramienta,No aplica,3567,140
9876376027426,JTX,Hilo Jumper 0.0044Mm Jtx Fx-254,Herramienta,Fx-254,3566,190
9876375929122,JTX,Set Barra Soldadura Reballing Jtx Bt-1,Herramienta,Jtx Bt-1,3565,100
9876375863586,JTX,Stencil Uv / Malla Rebaling Samsung (20 Modelos) JTX  20 Gs-01,Herramienta,Jtx 20 Gs-01,3564,310
9876375765282,JTX,Stencil Uv / Malla Rebaling Qualcomm (17 Modelos) Jtx 17 Gs-01,Herramienta,Modelo 1 | Modelo 2 | Modelo 3 | Modelo 4 | Modelo 5 | Modelo 6 | Modelo 7 | Modelo 8 | Modelo 9 | Modelo 10 | Modelo 11 | Modelo 12 | Modelo 13 | Modelo 14 | Modelo 15 | Modelo 16 | Modelo 17,3563,250
9876375666978,JTX,Stencil Uv / Malla Rebaling Hisilicon (10 Modelos) Jtx 10 Gs-01,Herramienta,Jtx 10 | Gs-01,3562,150
9876375568674,JTX,Stencil Uv / Malla Rebaling Mtk (16 Modelos) Jtx 16 Gs-01,Herramienta,Jtx 16 Gs-01,3561,240
9876375470370,JTX,Stencil Uv / Malla Rebaling Iphone (10 Modelos) Jtx 10 Gs-01,Herramienta,Jtx 10 | Gs-01,3560,140
9876375404834,JTX,Stencil Uv / Malla Rebaling Emmc / Nand (9 Modelos) Jtx 9 Gs-01,Herramienta,Jtx 9 Gs-01,3559,140
9876375273762,JTX,Stencil Uv / Malla Rebaling Baseband Iphone (10 Modelos) Jtx 10 Gs-01,Herramienta,Modelo 1 | Modelo 2 | Modelo 3 | Modelo 4 | Modelo 5 | Modelo 6 | Modelo 7 | Modelo 8 | Modelo 9 | Modelo 10,3558,150
9876375175458,JTX,Stencil Uv/Malla Rebaling Wifi Iphone (8 Modelos) Jtx 8 Gs-01,Herramienta,8 Modelos,3557,130
9876375109922,JTX,Pistola Ventilador Soplador Aspirador Jtx Ff91,Ventilador,Ff91,3556,610
9876374978850,JTX,Holder Sujetador Fixture Plataforma Reballin Y Removedor Pegamento Jtx T4Pro,Herramienta,JTX T4Pro,3555,640
9876374913314,JTX,Sujetador Fixture Base Chips Jtx Kj-02,Sujetador de Chips,Jtx Kj-02,3554,360
9876374815010,JTX,Pasta Microsoldadura Nano Jtx Cp-1,Pasta Microsoldadura,N/A,3553,60
9876374716706,JTX,Pasta Soldadura Estaño 183° Black Champion Jtx,"Herramienta Modelos Compatibles: 1. General para soldadura de PCB Detalles: 1. Pasta de estaño 2. Propósito: aplicación de soldadura en PCB para fijar componentes durante reparación 3. Características especiales: punto de fusión 183°C, buena reología para impresión en stencil, compatibilidad con procesos de reflow GARANTÍA  La garantía tiene vigencia de hasta 5 días después de recibir el producto. Es requisito indispensable que antes de instalar la pieza, realice una prueba con el equipo abierto, para determinar el correcto funcionamiento de ésta, sin levantar micas o sellos.",General para soldadura de PCB,3551,110
9876374421794,JTX,Kit Destornilladores Precisión 5 En 1 Jtx Jt-87,"Destornilladores de Precisión Modelos Compatibles: 1. Jt-87 Detalles: 1. Desatornilladores de precisión 2. Propósito: herramientas para reparación de dispositivos electrónicos 3. Características especiales: 5 puntas intercambiables, construcción en acero, tamaño compacto, mango ergonómico GARANTÍA  La garantía tiene vigencia de hasta 5 días después de recibir el producto. Es requisito indispensable que antes de instalar la pieza, realice una prueba con el equipo abierto, para determinar el correcto funcionamiento de ésta, sin levantar micas o sellos.",Jt-87,3548,390
9876374323490,JTX,Flex FPC Conector Bateria Iphone 6-17 Jtx Bl-03,"Conector Batería Modelos Compatibles: 1. Ip6-16 Detalles: 1. Conector de batería 2. Propósito: reemplazo del conector de batería 3. Características especiales: contactos de cobre de alta conductividad, recubrimiento anticorrosión, montaje preciso, adaptación exacta para Ip6-16 GARANTÍA  La garantía tiene vigencia de hasta 5 días después de recibir el producto. Es requisito indispensable que antes de instalar la pieza, realice una prueba con el equipo abierto, para determinar el correcto funcionamiento de ésta, sin levantar micas o sellos.",Ip6-16,3547,120
9876374257954,JTX,Malla Desoldar Super Jtx Fs-15,Herramienta,Fs-15,3546,40
9876374159650,JTX,Activador FPC Bateria Doble Cara Iphone/Android Jtx,Herramienta,iPhone | Android,3545,180
9876374094114,JTX,Cable Flasheo/Carga/Transmision Datos Recovery 3 En 1 Jtx Iphone Ipad,"Cable Modelos Compatibles: 1. No especificado Detalles: 1. Cable 3 en 1 2. Propósito: facilitar flasheo, carga y transmisión de datos 3. Características especiales: construcción robusta, conductores de alta conductividad, terminaciones compatibles con métodos de flasheo GARANTÍA  La garantía tiene vigencia de hasta 5 días después de recibir el producto. Es requisito indispensable que antes de instalar la pieza, realice una prueba con el equipo abierto, para determinar el correcto funcionamiento de ésta, sin levantar micas o sellos.",No especificado,3544,120
9876374028578,JTX,Placa Conversion BGA315 a BGA110 Nand Jtx,,,3543,60
9876373930274,JTX,Sujetador Removedor Camara Trasera Jtx Ck9,Herramienta,CK9,3542,370
9876373831970,JTX,Stencil Ic Uv Iphone  11 A 16 Pro Max Jtx,Herramienta,JTX,3541,60
9876373766434,JTX,Precalentadora Plancha Universal Jtx Jp-1,Calentador,JP-1,3540,530
9876373700898,JTX,Kit Reballing Base Holder Swap Stencil Master 30 En 1 Iphone 8-16 pro max Jtx,Herramienta,Ip8-16,3539,1080
9876373668130,JTX,Lampara Microscopio Alto Brillo Jtx S3,Lámpara de Microscopio,Jtx S3,3538,240
9876373635362,JTX,Cable Pulpo Alimentador Iphone 6-17 Pro Max Jtx P6,"Cable de Alimentación Modelos Compatibles: 1. Ip6-17Pm 2. Ip Jtx P6 Detalles: 1. Cable de alimentación 2. Propósito: suministro de energía 3. Características especiales: conectores compatibles con Ip6-17Pm e Ip Jtx P6, diseño para montaje seguro, aislamiento adecuado GARANTÍA  La garantía tiene vigencia de hasta 5 días después de recibir el producto. Es requisito indispensable que antes de instalar la pieza, realice una prueba con el equipo abierto, para determinar el correcto funcionamiento de ésta, sin levantar micas o sellos.",Ip6-17Pm 2. Ip Jtx P6,3536,220
9876373569826,JTX,Placa Activacion Bateria Android Apple Jtx B9 Iphone 6s - 17 Pro Max / Android 9V,"Placa de Activación de Batería Modelos Compatibles: 1. JTX B-9 Detalles: 1. Placa de activación de batería 2. Propósito: reemplazo de la placa de activación de la batería 3. Características especiales: conectores de alta precisión, montaje estable, compatibilidad específica con JTX B-9 GARANTÍA  La garantía tiene vigencia de hasta 5 días después de recibir el producto. Es requisito indispensable que antes de instalar la pieza, realice una prueba con el equipo abierto, para determinar el correcto funcionamiento de ésta, sin levantar micas o sellos.",JTX B-9,3535,240
9876373307682,FixOEM:Refaccion Celular,Lente Camara Samsung S24 Plus,Lente Cámara,Samsung S24 Plus,3531,60
9876373209378,FixOEM:Refaccion Celular,Lente Camara Samsung A16,Lente Cámara,Samsung A16,3530,50
9876373143842,FixOEM:Refaccion Celular,Lente Camara Xiaomi Redmi Note 12S,Lente Cámara,Redmi Note 12S,3528,50
9876373045538,FixOEM:Refaccion Celular,Lente Camara Xiaomi 13 Ultra,Lente Cámara,Xiaomi 13 Ultra,3527,60
9876372914466,FixOEM:Refaccion Celular,Lente Camara Vivo Y18,Lente Cámara,Vivo Y18,3526,60
9876372783394,FixOEM:Refaccion Celular,Lente Camara Samsung S24 Ultra,Lente Cámara,Samsung Galaxy S24 Ultra,3525,60
9876372685090,FixOEM:Refaccion Celular,Lente Camara Samsung Fold 4,Lente Cámara,Samsung Fold 4,3524,60
9876372554018,FixOEM:Refaccion Celular,Lente Camara Realme 11 Pro Plus,Lente Cámara,Realme 11 Pro Plus,3523,60
9876372455714,FixOEM:Refaccion Celular,Lente Camara Realme 11,Lente Cámara,Realme 11,3522,60
9876372357410,FixOEM:Refaccion Celular,Lente Camara Oppo Realme 12 Plus,Lente Cámara,Oppo Realme 12 Plus,3520,60
9876372226338,FixOEM:Refaccion Celular,Lente Camara Oppo A17,Lente Cámara,Oppo A17,3519,60
9876372029730,FixOEM:Refaccion Celular,Lente Camara Moto G50 5G,Lente Cámara,Moto G50 5G,3517,60
9876371931426,FixOEM:Refaccion Celular,Lente Camara Honor X5 Plus,Lente Cámara,Honor X5 Plus,3516,60
9876371865890,FixOEM:Refaccion Celular,Flex Interconexión Xiaomi Redmi Note 14 5G,Cable Flex,Redmi Note 14 5G,3515,60
9876371702050,FixOEM:Refaccion Celular,Flex Interconexión Xiaomi Redmi Note 13 Pro,Cable Flex,Xiaomi Redmi Note 13 Pro,3514,60
9876371636514,FixOEM:Refaccion Celular,Flex Interconexión Xiaomi Redmi 13 Pro 5G,Cable Flex,Xiaomi Redmi 13 Pro 5G,3513,60
9876371505442,FixOEM:Refaccion Celular,Flex Interconexión Samsung S22 Plus,Cable Flex,Samsung S22 Plus,3512,60
9876371439906,FixOEM:Refaccion Celular,Flex Interconexión Samsung A24,Cable Flex,Samsung A24,3511,50
9876371341602,FixOEM:Refaccion Celular,Flex Interconexion Oppo A17,Cable Flex,Oppo A17,3510,60
9876371243298,FixOEM:Refaccion Celular,Flex Interconexión Motorola Edge 50 Pro,Cable Flex,Motorola Edge 50 Pro,3509,80
9876371144994,FixOEM:Refaccion Celular,Flex Interconexión Huawei Magic 5 Lite / Honor X9A,Cable Flex,Huawei Magic 5 Lite | Honor X9A,3508,60
9876370915618,FixOEM:Refaccion Celular,Flex Encendido Zte Axon 60 Lite,Cable Flex,ZTE Axon 60 Lite,3506,50
9876370850082,FixOEM:Refaccion Celular,Flex Encendido Xiaomi Redmi Note 13 Pro 5G,Cable Flex,Xiaomi Redmi Note 13 Pro 5G,3505,50
9876370751778,FixOEM:Refaccion Celular,Flex Encendido Oppo Reno 12F,Cable Flex,Oppo Reno 12F,3504,60
9876370686242,FixOEM:Refaccion Celular,Flex Encendido Honor X5B,Cable Flex,Honor X5B,3502,60
9876370555170,FixOEM:Refaccion Celular,Flex Encendido Honor Magic 7 Lite,Cable Flex,Honor Magic 7 Lite,3500,60
9876370391330,FixOEM:Refaccion Celular,Flex Antena Samsung S21,Cable Flex,Samsung S21,3499,60
9876370293026,FixOEM:Refaccion Celular,Charola Sim Xiaomi Redmi Note 14 5G 24094Rad4g,Charola SIM,Xiaomi Redmi Note 14 5G,3498,50
9876370227490,FixOEM:Refaccion Celular,Charola Sim Xiaomi Redmi Note 13 Pro Plus 23090Ra98g,Charola SIM,Xiaomi Redmi Note 13 Pro Plus,3497,50
9876370129186,FixOEM:Refaccion Celular,Charola Sim Xiaomi Redmi 13 2312Dra50g,Charola SIM,Xiaomi Redmi 13,3496,50
9876370030882,FixOEM:Refaccion Celular,Charola Sim Vivo Y28 V2352,Charola SIM,Vivo Y28,3495,50
9876369899810,FixOEM:Refaccion Celular,Charola Sim Vivo Y18 V2333,Charola SIM,Vivo Y18,3494,50
9876369801506,FixOEM:Refaccion Celular,Charola Sim Vivo Y03 V2332,Charola SIM,Vivo Y03,3647,50
9876369735970,FixOEM:Refaccion Celular,Charola Sim Samsung S25 Ultra,Charola SIM,Samsung S25 Ultra,3491,50
9876369703202,FixOEM:Refaccion Celular,Charola Sim Samsung S22 Ultra Sm-S908e,Charola SIM,Samsung Galaxy S22 Ultra,3490,50
9876369670434,FixOEM:Refaccion Celular,Charola Sim Samsung A36 5G Sm-A366m,Charola SIM,Samsung Galaxy A36 5G,3489,50
9876369637666,FixOEM:Refaccion Celular,Charola Sim Samsung A26 Sm-A266m,Charola SIM,Samsung A26,3488,50
9876369572130,FixOEM:Refaccion Celular,Charola Sim Samsung A25 5G Sm-A256m,Charola SIM,Samsung A25 5G,3258,50
9876369506594,FixOEM:Refaccion Celular,Charola Sim Realme C65 Rmx3910,Charola SIM,Realme C65,3257,50
9876369408290,FixOEM:Refaccion Celular,Charola Sim Realme C53 Rmx3760,Charola SIM,Realme C53,3256,50
9876369113378,FixOEM:Refaccion Celular,Charola Sim Moto G42 Xt2233-2,Charola SIM,Moto G42,3253,50
9876369047842,FixOEM:Refaccion Celular,Charola Sim Moto G34 Xt2363-1,Charola SIM,Moto G34,3252,50
9876368916770,FixOEM:Refaccion Celular,Charola Sim Moto G15 Xt2521-2,Charola SIM,Moto G15,3251,50
9876368818466,FixOEM:Refaccion Celular,Charola Sim Moto Edge 50 Xt2407-2,Charola SIM,Moto Edge 50,3248,50
9876368720162,FixOEM:Refaccion Celular,Charola Sim Huawei Nova 13,Charola SIM,Huawei Nova 13,3643,50
9876368589090,FixOEM:Refaccion Celular,Charola Sim Honor 90 Lite,Charola SIM,Honor 90 Lite,3246,50
9876368490786,FixOEM:Refaccion Celular,Centro Carga Zte Blade A55 Z2450,Lente Cámara,Zte Blade A55,3245,90
9876368359714,FixOEM:Refaccion Celular,Centro Carga Zte Axon 60 Lite Z2356,Lente Cámara,ZTE Axon 60 Lite,3244,110
9876368261410,FixOEM:Refaccion Celular,Centro Carga Zte A55 / A35 Z2453,Lente Cámara,Zte A55,3243,100
9876368163106,FixOEM:Refaccion Celular,Centro Carga Samsung Z Fold 4 Sm-F936b,Lente Cámara,Samsung Galaxy Z Fold4,3242,170
9876368097570,FixOEM:Refaccion Celular,Centro Carga Samsung S25 Sm-S931e,Lente Cámara,Samsung S25,3240,500
9876367966498,FixOEM:Refaccion Celular,Centro Carga Samsung S24 Fe Sm-S721b,Lente Cámara,Samsung Galaxy S24 FE,3239,250
9876367868194,FixOEM:Refaccion Celular,Centro Carga Realme Note 60 Rmx3933,Lente Cámara,Realme Note 60,3238,60
9876367769890,FixOEM:Refaccion Celular,Centro Carga Realme Note 50 Rmx3834,Lente Cámara,Note 50,3237,60
9876367638818,FixOEM:Refaccion Celular,Centro Carga Moto Razr 40 XT2323,Lente Cámara,Moto Razr 40,3236,370
9876367442210,FixOEM:Refaccion Celular,Centro Carga Moto G35 XT2433-2,Lente Cámara,Moto G35,3235,60
9876367081762,FixOEM:Refaccion Celular,Centro Carga Moto Edge 50 XT2407-2,Lente Cámara,Moto Edge 50,3234,110
9876366917922,FixOEM:Refaccion Celular,Centro Carga Iphone 16 Pro Max A3084,Lente Cámara,Iphone 16 Pro Max,3233,260
9876366754082,FixOEM:Refaccion Celular,Centro Carga Infinix Note 50 X6858,Lente Cámara,Infinix Note 50,3231,130
9876366590242,FixOEM:Refaccion Celular,Centro Carga Infinix Note 40 Pro 4G X6850,Lente Cámara,Infinix Note 40 Pro 4G,3230,100
9876366295330,FixOEM:Refaccion Celular,Centro Carga Infinix Note 30 X6833B,Lente Cámara,Infinix Note 30,3229,60
9876366229794,FixOEM:Refaccion Celular,Centro Carga Huawei Nova 12I Ctr-L81,Lente Cámara,Huawei Nova 12I,3228,150
9876366164258,FixOEM:Refaccion Celular,Centro Carga Honor X6B Jdy-Lx3,Lente Cámara,Honor X6B,3225,60
9876366098722,FixOEM:Refaccion Celular,Centro Carga Cubot P80,Lente Cámara,Cubot P80,3224,410
9876365934882,FixOEM:Refaccion Celular,Centro Carga Xiaomi Poco X7 Pro 2209Fpg0Ag,Lente Cámara,Poco X7 Pro,3222,130
9876365738274,FixOEM:Refaccion Celular,Centro Carga Vivo Y28 V2352,Lente Cámara,Vivo Y28,3221,60
9876365639970,FixOEM:Refaccion Celular,Centro Carga Moto G Stylus 2023 XT2315-1,,,3220,110
9876365508898,FixOEM:Refaccion Celular,Camara Frontal Honor X6A,Lente Cámara,Honor X6A,3219,80
9876365377826,FixOEM:Refaccion Celular,Boton Fisico Moto Edge 40 Neo,Botones Físicos,Moto Edge 40 Neo,3644,50
9876365213986,FixOEM:Refaccion Celular,Boton Fisico Oppo Reno 11,Botón Físico,Oppo Reno 11,3217,60
9876365115682,FixOEM:Refaccion Celular,Boton Fisico Moto Edge 40,Botón Físico,Moto Edge 40,3216,30
9876365017378,FixOEM:Refaccion Celular,Bisel Samsung A06,Bisel,Samsung A06,3215,70
9876364853538,FixOEM:Refaccion Celular,Bisel Moto Edge 30 Neo,Bisel,Motorola Edge 30 Neo,3213,140
9876364788002,FixOEM:Refaccion Celular,Altavoz Zte Blade V30 Vita,Altavoz,Zte Blade V30 Vita,3212,60
9876364689698,FixOEM:Refaccion Celular,Altavoz Xiaomi Redmi Note 13 Pro,Altavoz,Redmi Note 13 Pro,3211,40
9876364427554,FixOEM:Refaccion Celular,Altavoz Xiaomi Poco C65 / Redmi 13C,Altavoz,Poco C65 | Redmi 13C,3210,40
9876364198178,FixOEM:Refaccion Celular,Altavoz Samsung A25 5G,Altavoz,Samsung A25 5G,3209,30
9876363837730,FixOEM:Refaccion Celular,Altavoz Samsung A06,Altavoz,Samsung A06,3208,50
9876363641122,FixOEM:Refaccion Celular,Altavoz Oppo Reno 12F,Altavoz,Oppo Reno 12F,3207,50
9876363542818,FixOEM:Refaccion Celular,Altavoz Oppo A58 / A38,Altavoz,Oppo A58,3206,40
9876363444514,FixOEM:Refaccion Celular,Altavoz Infinix Note 30,Altavoz,Infinix Note 30,3204,40
9876363313442,FixOEM:Refaccion Celular,Altavoz Moto Edge 50 Fusion,Altavoz,Edge 50 Fusion,3203,40
9876362494242,FixOEM:Refaccion Celular,Bateria Honor 200 HB496590EIW,Batería,Honor 200,3201,610
9876362035490,FixOEM:Refaccion Celular,Bateria Iphone 16 A3286 A3081 A3288,Batería,iPhone 16,3200,310
9875203064098,Aifen,Maneral Mango Control Estación Soldar Aifen 210,Herramienta,Aifen 210,2412,200
9875073499426,CMT,🔴 CURSO SOFTWARE -DESBLOQUEOS MODALIDAD: HÍBRIDO,,,,3500
9875038634274,RF4 MEXICO,Soporte Brazo Articulado Rf4 Rf-Fo26,"Herramienta Modelos Compatibles: 1. RF4 2. RF-FO26 Detalles: 1. Brazo articulado de precisión 2. Propósito: soporte y posicionamiento de componentes durante reparación 3. Características especiales: articulaciones de giro suave, ajuste de tensión en cada articulación, base antideslizante, compatible con RF4 y RF-FO26 GARANTÍA  La garantía tiene vigencia de hasta 5 días después de recibir el producto. Es requisito indispensable que antes de instalar la pieza, realice una prueba con el equipo abierto, para determinar el correcto funcionamiento de ésta, sin levantar micas o sellos.",RF4 2. RF-FO26,2553,1580
9875024642338,FixOEM:Refaccion Celular,Marco Vivo Y36 5G,Marco,Vivo Y36 5G,,160
9875024576802,FixOEM:Refaccion Celular,Marco Vivo Y36 5G,,,3469,150
9875024511266,FixOEM:Refaccion Celular,Bisel Xiaomi Redmi Note 13 Pro 5g,Bisel,Redmi Note 10S | Redmi Note 10 4G | Poco M5S,3468,200
9875024478498,FixOEM:Refaccion Celular,Bisel Xiaomi Redmi Note 10S / Redmi Note 10 4G / Poco M5S,,,3467,70
9875024445730,FixOEM:Refaccion Celular,Bisel Oppo Reno 12F 5G,Bisel,Moto G31,3466,80
9875024412962,FixOEM:Refaccion Celular,Bisel Moto g31,,,3465,100
9875024380194,RF4 MEXICO,Sujetador Holder Prensa Desmontaje Rf4-So3,"Herramienta de desmontaje Modelos Compatibles: 1. Rf4-So3 Detalles: 1. Sujetador de desmontaje 2. Propósito: facilitar el desmontaje de componentes durante reparaciones, sujetando con precisión 3. Características especiales: acabado antiarañazos, montaje preciso, adaptación exacta para Rf4-So3 GARANTÍA  La garantía tiene vigencia de hasta 5 días después de recibir el producto. Es requisito indispensable que antes de instalar la pieza, realice una prueba con el equipo abierto, para determinar el correcto funcionamiento de ésta, sin levantar micas o sellos.",Rf4-So3,2421,620
9875024249122,RF4 MEXICO,Soporte Brazo Cabezal Sujetador Enfoque Microscopio Rf4-T1,"Herramienta Modelos Compatibles: 1. Rf4-T1 Detalles: 1. Tipo o tecnología del producto: Soporte de enfoque para microscopio 2. Propósito: soporte de enfoque para el microscopio RF4-T1 3. Características especiales: construcción robusta, montaje preciso, ajuste suave, compatibilidad con Rf4-T1 GARANTÍA  La garantía tiene vigencia de hasta 5 días después de recibir el producto. Es requisito indispensable que antes de instalar la pieza, realice una prueba con el equipo abierto, para determinar el correcto funcionamiento de ésta, sin levantar micas o sellos.",Rf4-T1,2420,660
9875024216354,RF4 MEXICO,Tapete Silicon Soldar Trabajo Calor Rf4 Rf-Po23,"Tapete antiestático Modelos Compatibles: 1. RF4 2. RF-Po23 Detalles: 1. Tapete de trabajo antiestático 2. Propósito: protección de componentes y organización de herramientas durante reparaciones 3. Características especiales: superficie antiestática, resistencia a aceites y solventes, bordes elevados para contener piezas pequeñas, diseño específico para RF4 RF-Po23 GARANTÍA  La garantía tiene vigencia de hasta 5 días después de recibir el producto. Es requisito indispensable que antes de instalar la pieza, realice una prueba con el equipo abierto, para determinar el correcto funcionamiento de ésta, sin levantar micas o sellos.",RF4 2. RF-Po23,2418,140
9875024183586,RF4 MEXICO,Estacion Calor Rf4 Rf-H8,,,2417,3000
9874057986338,2UUL,Pasta Estaño Soldar Con Plata 2Uul Joint X,"Herramienta Modelos Compatibles: 1. No aplica Detalles: 1. Pasta para soldar con plata 2. Propósito: uso para soldadura de componentes electrónicos mediante pasta de plata 3. Características especiales: contenido de plata, alta conductividad, temperatura de procesamiento 200°C GARANTÍA  La garantía tiene vigencia de hasta 5 días después de recibir el producto. Es requisito indispensable que antes de instalar la pieza, realice una prueba con el equipo abierto, para determinar el correcto funcionamiento de ésta, sin levantar micas o sellos.",No aplica,2431,110
9874057003298,Aifen,Estación Soldadura Cautin Aifen F5,,,2392,2680
9874056872226,Aifen,Estacion Aire Caliente Aifen F3,,,2359,3300
9874056839458,Aifen,Estacion Pistola Aire Caliente Aifen 868D,,,2358,1020
9874056806690,Aifen,Fuente Poder Regulable AIFEN 3006 30V/6A,,,2354,1650
9874056708386,Aifen,Estación Soldadura Cautin Aifen A9 2026,,,2345,2280
9874056642850,Aifen,Estación Soldadura Cautin Aifen A5,,,2342,1430
9874056511778,Aifen,Estacion Soldadura Cautin Doble Aifen A902 Pro,,,2305,4290
9874056479010,Aifen,Estación Soldadura Cautin Aifen A9 HD,,,3686,3850
9874056446242,Aifen,Estación Soldadura Cautin Aifen A9 Plus,,,2288,2750
9873919312162,JTX,Multimetro Digital Amperimetro tester consumos JTX A9,,,3534,900
9873523409186,Wylie,Almohadilla Protectora Camara Wylie,"Lente Cámara Modelos Compatibles: 1. Wyle Detalles: 1. Tipo o tecnología del producto: Almohadilla protectora para módulo de cámara 2. Propósito: protección del módulo de la cámara y absorción de impactos entre componentes adyacentes 3. Características especiales: adaptación exacta para Wyle, material de alta densidad, montaje preciso GARANTÍA  La garantía tiene vigencia de hasta 5 días después de recibir el producto. Es requisito indispensable que antes de instalar la pieza, realice una prueba con el equipo abierto, para determinar el correcto funcionamiento de ésta, sin levantar micas o sellos.",Wyle,3460,40
9873523376418,Wylie,Pad Protector Almohadilla Lamina Silicon Termica Wylie 100pz,Material Térmico,Genérico para dispositivos electrónicos,3459,110
9873523310882,Wylie,Tina Ultrasónica Doble Vibración Wylie 285,Herramienta Modelos Compatibles: 1. Wylie 285 Detalles: 1. Tina ultrasónica de doble vibración,Wylie 285,3457,660
9873523278114,Wylie,Bisturi Raspador Espatula Navaja Wylie N4,Herramienta,Wylie N4,3456,60
9873523245346,Wylie,Bisturi Raspador Espatula Navaja Wylie N11,Herramienta,Wylie N11,3455,60
9873523212578,Wylie,Bisturi Raspador Espatula Navaja Wylie N16 10 Pz,Herramienta,Wylie N16,3454,60
9873523179810,Wylie,Cepillo Doble Punta WYlie,Herramienta,Universal,3453,50
9873522983202,Wylie,Lampara Led Escritorio Broche Wylie 510,Lampara De Escritorio,Wyle 510,3451,140
9873522917666,Wylie,Detector Tester USB Corriente Wylie 616A,Herramienta,Wyle 616A,3450,110
9873522884898,Wylie,Punta Cautin Platino Plana Grande 936 Wylie,Punta de Cautín,936,3449,80
9873522852130,Wylie,Punta Cautin Platino Plana Pequeña 936 Wylie,Punta Cautín,936,3448,80
9873522819362,Wylie,Punta Cautin Platino Curva 936 Wylie,"Herramienta Modelos Compatibles: 1. 936 Detalles: 1. Punta de cautín de platino curva Wylie 2. Propósito: reemplazo de la punta de cautín para modelo 936 3. Características especiales: recubrimiento de platino, curva para acceso a zonas estrechas, montaje preciso GARANTÍA  La garantía tiene vigencia de hasta 5 días después de recibir el producto. Es requisito indispensable que antes de instalar la pieza, realice una prueba con el equipo abierto, para determinar el correcto funcionamiento de ésta, sin levantar micas o sellos.",936,3447,80
9873522753826,Wylie,Punta Cautin Platino Recta 936 Wylie,Punta Cautín,936,3446,80
9873522721058,Wylie,Punta Cautin Redonda C210-Q Wylie,Herramienta,C210-Q,3445,80
9873522688290,Wylie,Punta Cautin Bicelada Kl Wylie C210 K,"Punta de Cautín Modelos Compatibles: 1. Wylie C210 K Detalles: 1. Punta de cautín bicelada 2. Propósito: reemplazo de la punta de cautín para soldadura 3. Características especiales: recubrimiento resistente al desgaste, geometría bicelada para soldaduras finas y trazos amplios, compatible con Wylie C210 GARANTÍA  La garantía tiene vigencia de hasta 5 días después de recibir el producto. Es requisito indispensable que antes de instalar la pieza, realice una prueba con el equipo abierto, para determinar el correcto funcionamiento de ésta, sin levantar micas o sellos.",Wylie C210 K,3444,80
9873522655522,Wylie,Punta Cautin Curva Kl Wylie C210,Punta Cautin Curva,C210,3443,80
9873522622754,Wylie,Punta Cautin Kl  Wylie C210 I,"Punta Cautín Modelos Compatibles: 1. Wylie C210 I Detalles: 1. Punta de cautín KL 2. Propósito: reemplazo de la punta de cautín para el modelo Wylie C210 3. Características especiales: recubrimiento antioxidante, montaje preciso, adaptación exacta para Wylie C210 GARANTÍA  La garantía tiene vigencia de hasta 5 días después de recibir el producto. Es requisito indispensable que antes de instalar la pieza, realice una prueba con el equipo abierto, para determinar el correcto funcionamiento de ésta, sin levantar micas o sellos.",Wylie C210 I,3442,80
9873507352866,Wylie,Punta Cautin Biselada Wylie C115-K,Punta Cautín,C115-K,3441,100
9873506992418,Wylie,Punta Cautin Curva Wylie C115-Is,Punta Cautín Curva,Wylie C115-Is,3440,100
9873506763042,Wylie,Punta Cautin Wylie C115-I,Punta Cautín,Wylie C115-I,3439,100
9873506533666,Wylie,Bisturi Raspador Espatula Navaja Wylie 376,Herramienta,No aplica,3438,60
9871383429410,JCID,Flex Reparacion Fpc Face Id Tag-On Jcid Iphone,Cable Flex,No especificado en el nombre,3475,300
9871383036194,JCID,Tablilla Adaptador Jcid Face Id Iphone 13 - 16 Pro max,"Placa Adaptadora Modelos Compatibles: 1. iPhone 13 Pro Max 2. iPhone 14 Pro Max 3. iPhone 15 Pro Max 4. iPhone 16 Pro Max Detalles: 1. Tablilla adaptadora de lectura/escritura JCID 2. Propósito: lectura y escritura de datos del módulo Face ID durante reparaciones 3. Características especiales: conectores de alta precisión, montaje preciso, adaptación exacta para iPhone 13 Pro Max a 16 Pro Max GARANTÍA  La garantía tiene vigencia de hasta 5 días después de recibir el producto. Es requisito indispensable que antes de instalar la pieza, realice una prueba con el equipo abierto, para determinar el correcto funcionamiento de ésta, sin levantar micas o sellos.",iPhone 13 Pro Max 2. iPhone 14 Pro Max 3. iPhone 15 Pro Max 4. iPhone 16 Pro Max,3474,630
9871382774050,JCID,Tablilla Adaptador Bateria Jcid Iphone 8-16 Pro Max V1Se / V1s plus / V1S pro,"Tablilla Adaptadora de Batería Modelos Compatibles: 1. V1Se 2. V1Spro Detalles: 1. Tablilla adaptadora de batería 2. Propósito: adaptar la batería y facilitar la conexión eléctrica entre la batería y la placa base del dispositivo 3. Características especiales: compatibilidad con V1Se y V1Spro, montaje preciso, adaptación exacta, conectores estandarizados GARANTÍA  La garantía tiene vigencia de hasta 5 días después de recibir el producto. Es requisito indispensable que antes de instalar la pieza, realice una prueba con el equipo abierto, para determinar el correcto funcionamiento de ésta, sin levantar micas o sellos.",V1Se 2. V1Spro,3473,390
9871382642978,JCID,Tablilla Adaptador JCID Camara Trasera Iphone 15 V1Se / V1Spro,"Cámara Trasera Modelos Compatibles: 1. V1Se 2. V1Spro Detalles: 1. Tablilla lecto/escritura 2. Propósito: reemplazo de la tablilla lecto/escritura de la cámara trasera 3. Características especiales: compatibilidad con serie 15 V1Se y V1Spro, montaje preciso, adaptación exacta GARANTÍA  La garantía tiene vigencia de hasta 5 días después de recibir el producto. Es requisito indispensable que antes de instalar la pieza, realice una prueba con el equipo abierto, para determinar el correcto funcionamiento de ésta, sin levantar micas o sellos.",V1Se 2. V1Spro,3472,390
9871382511906,JCID,Tablilla Adaptador Jcid Camara Frontal / Trasera Iphone 16 V1 se / V1S plus / V1S pro,"Tablilla Adaptador Reparacion Modelos Compatibles: 1. V1Splus 2. V1Spro Detalles: 1. Tipo o tecnología del producto: Tablilla adaptadora de reparación para cámaras frontal y trasera 2. Propósito: facilitar la reparación o sustitución de módulos de cámara en dispositivos compatibles con V1Splus, V1Spro y Serie 16 Vise 3. Características especiales: compatible con cámaras frontal y trasera, montaje preciso, adaptación exacta para Serie 16 Vise GARANTÍA  La garantía tiene vigencia de hasta 5 días después de recibir el producto. Es requisito indispensable que antes de instalar la pieza, realice una prueba con el equipo abierto, para determinar el correcto funcionamiento de ésta, sin levantar micas o sellos.",V1Splus 2. V1Spro,3471,500
9871382348066,JCID,Analizador Bus JCID Rbox II,"Herramienta Modelos Compatibles: 1. Rbox II Detalles: 1. Analizador de bus 2. Propósito: análisis y depuración de buses de comunicación en dispositivos electrónicos 3. Características especiales: compatibilidad con múltiples protocolos (I2C, SPI, UART, JTAG), captura en tiempo real, generación de señales de prueba, software de análisis, soporte para Rbox II GARANTÍA  La garantía tiene vigencia de hasta 5 días después de recibir el producto. Es requisito indispensable que antes de instalar la pieza, realice una prueba con el equipo abierto, para determinar el correcto funcionamiento de ésta, sin levantar micas o sellos.",Rbox II,3470,1900
9870758543650,Ma Ant,Maquina Separadora Tapas Laser Ma Ant X Mini iPhone X-16PM,,,10007,9000
9870688092450,FixOEM:Refaccion Celular,Marco Oppo Reno 5,Marco,Oppo Reno 5,3437,120
9867097702690,FixOEM:Refaccion Celular,Display Samsung S9 Sm-G960 OLED,Pantalla,Samsung Galaxy S9,5581,1690
9866384343330,FixOEM:Refaccion Celular,Display Tecno Camon 16 Ce7 / Infinix note 8I X683 / Infinix note 10 X682 / Spark 6 Ke7 IPS,Pantalla,Tecno Camon 16 | Infinix Note 8I | Infinix Hot 10 | Infinix Spark 6 | Ke7,3435,170
9866381394210,FixOEM:Refaccion Celular,Display Iphone 16 Pro IPS,Pantalla,iPhone 16 Pro,3375,1185
9864705868066,JCID,Flex Fpc JCID Pantalla Iphone 13 Pro Jcid,"Cable Flex Modelos Compatibles: 1. iPhone 13 Pro Detalles: 1. Tipo o tecnología del producto: Flex FPC de prueba para pantalla 2. Propósito: prueba de pantalla 3. Características especiales: diseño para pruebas de pantalla, conectores de alta fiabilidad, montaje preciso, adaptación exacta para iPhone 13 Pro GARANTÍA  La garantía tiene vigencia de hasta 5 días después de recibir el producto. Es requisito indispensable que antes de instalar la pieza, realice una prueba con el equipo abierto, para determinar el correcto funcionamiento de ésta, sin levantar micas o sellos.",iPhone 13 Pro,3434,390
9864697151778,JCID,Flex Fpc Infrarrojo Jcid Face Id Iphone 12 Pro Max S/Chip,"Cable Flex Modelos Compatibles: 1. iPhone 12 Pro Max Detalles: 1. Flex FPC infrarrojo para Face ID 2. Propósito: reemplazo del flex infrarrojo de Face ID 3. Características especiales: sin chip, montaje preciso, adaptación exacta para iPhone 12 Pro Max GARANTÍA  La garantía tiene vigencia de hasta 5 días después de recibir el producto. Es requisito indispensable que antes de instalar la pieza, realice una prueba con el equipo abierto, para determinar el correcto funcionamiento de ésta, sin levantar micas o sellos.",iPhone 12 Pro Max,3433,330
9864697086242,JCID,Flex Fpc Infrarrojo Face Id Iphone 11 Pro Max Jcid S/Chip,"Cable Flex Modelos Compatibles: 1. iPhone 11 Pro Max Detalles: 1. Flex FPC infrarrojo para Face ID 2. Propósito: reemplazo del flex del sensor infrarrojo de Face ID 3. Características especiales: sin chip, JCID, montaje preciso, adaptación exacta para iPhone 11 Pro Max GARANTÍA  La garantía tiene vigencia de hasta 5 días después de recibir el producto. Es requisito indispensable que antes de instalar la pieza, realice una prueba con el equipo abierto, para determinar el correcto funcionamiento de ésta, sin levantar micas o sellos.",iPhone 11 Pro Max,3432,330
9864696987938,JCID,Flex Fpc Infrarrojo Face Id Iphone 12 / 12Pro Jcid S/Chip,"Cable Flex Modelos Compatibles: 1. iPhone 12 2. iPhone 12 Pro Detalles: 1. Flex FPC infrarrojo para Face ID 2. Propósito: reemplazo del flex del módulo infrarrojo de Face ID 3. Características especiales: sin chip, JCID compatible, montaje preciso, adaptación exacta para iPhone 12 y iPhone 12 Pro GARANTÍA  La garantía tiene vigencia de hasta 5 días después de recibir el producto. Es requisito indispensable que antes de instalar la pieza, realice una prueba con el equipo abierto, para determinar el correcto funcionamiento de ésta, sin levantar micas o sellos.",iPhone 12 2. iPhone 12 Pro,3431,330
9864696856866,JCID,Flex Fpc Infrarrojo Face Id Iphone Xr Jcid S/Chip,"Flex Fpc Modelos Compatibles: 1. iPhone XR Detalles: 1. Flex Fpc de sensor infrarrojo para Face ID 2. Propósito: reemplazo del flex IR de Face ID en iPhone XR 3. Características especiales: JCID, sin chip, adaptación exacta para iPhone XR GARANTÍA  La garantía tiene vigencia de hasta 5 días después de recibir el producto. Es requisito indispensable que antes de instalar la pieza, realice una prueba con el equipo abierto, para determinar el correcto funcionamiento de ésta, sin levantar micas o sellos.",iPhone XR,3430,330
9864696791330,JCID,Flex Fpc Infrarrojo Face Id Iphone X Jcid S/Chip,"Cable Flex Modelos Compatibles: 1. iPhone X Detalles: 1. Flex FPC infrarrojo para Face ID 2. Propósito: reemplazo del flex infrarrojo del sistema Face ID 3. Características especiales: sin chip, montaje preciso, adaptación exacta para iPhone X GARANTÍA  La garantía tiene vigencia de hasta 5 días después de recibir el producto. Es requisito indispensable que antes de instalar la pieza, realice una prueba con el equipo abierto, para determinar el correcto funcionamiento de ésta, sin levantar micas o sellos.",iPhone X,3429,330
9864696725794,JCID,Flex Fpc Infrarrojo Face Id Iphone 13 Mini Jcid S/Chip,"Cable Flex Modelos Compatibles: 1. iPhone 13 mini Detalles: 1. Flex FPC infrarrojo 2. Propósito: reemplazo del flex infrarrojo del sistema Face ID del iPhone 13 mini 3. Características especiales: sin chip, montaje preciso, adaptación exacta para iPhone 13 mini GARANTÍA  La garantía tiene vigencia de hasta 5 días después de recibir el producto. Es requisito indispensable que antes de instalar la pieza, realice una prueba con el equipo abierto, para determinar el correcto funcionamiento de ésta, sin levantar micas o sellos.",iPhone 13 mini,3428,330
9864696594722,JCID,Flex Fpc Infrarrojo Face Id Iphone 11 Pro Jcid S/Chip,"Cable Flex Modelos Compatibles: 1. iPhone 11 Pro Detalles: 1. Flex FPC infrarrojo para Face ID 2. Propósito: reemplazo del flex del módulo infrarrojo de Face ID 3. Características especiales: sin chip, montaje preciso, adaptación exacta para iPhone 11 Pro GARANTÍA  La garantía tiene vigencia de hasta 5 días después de recibir el producto. Es requisito indispensable que antes de instalar la pieza, realice una prueba con el equipo abierto, para determinar el correcto funcionamiento de ésta, sin levantar micas o sellos.",iPhone 11 Pro,3427,330
9864696496418,JCID,Flex Fpc Infrarrojo Face Id Iphone 11 Jcid S/Chip,"Cable Flex Modelos Compatibles: 1. iPhone 11 Detalles: 1. Tipo o tecnología del producto: Flex FPC para sensor infrarrojo de Face ID (sin chip) 2. Propósito: reemplazo del flex del módulo infrarrojo de Face ID en iPhone 11 3. Características especiales: sin chip, montaje preciso, adaptación exacta para iPhone 11 GARANTÍA  La garantía tiene vigencia de hasta 5 días después de recibir el producto. Es requisito indispensable que antes de instalar la pieza, realice una prueba con el equipo abierto, para determinar el correcto funcionamiento de ésta, sin levantar micas o sellos.",iPhone 11,3426,330
9864696430882,JCID,Flex Fpc Infrarrojo Face Id Iphone 12 Mini Jcid S/Chip,"Cable Flex Modelos Compatibles: 1. iPhone 12 mini Detalles: 1. Flex FPC para Face ID infrarrojo 2. Propósito: reemplazo del flex del sensor Face ID infrarrojo en iPhone 12 mini 3. Características especiales: sin chip, montaje preciso, adaptación exacta para iPhone 12 mini GARANTÍA  La garantía tiene vigencia de hasta 5 días después de recibir el producto. Es requisito indispensable que antes de instalar la pieza, realice una prueba con el equipo abierto, para determinar el correcto funcionamiento de ésta, sin levantar micas o sellos.",iPhone 12 mini,3425,330
9864696365346,JCID,Flex Fpc Infrarrojo Face Id Iphone Xsm Jcid (S/Chip),Cable Flex,Xsm,3424,330
9864696267042,JCID,Flex Fpc Infrarrojo Face Id Iphone 13Pro / 13 Pro max Jcid S/Chip,"Categoría: Cable Flex Modelos Compatibles: 1. iPhone 13 Pro 2. iPhone 13 Pro Max Detalles: 1. Flex FPC infrarrojo para Face ID 2. Propósito: reemplazo del flex del módulo de reconocimiento facial infrarrojo 3. Características especiales: JCID, sin chip, montaje de alta precisión, adaptación exacta para iPhone 13 Pro/Pro Max GARANTÍA  La garantía tiene vigencia de hasta 5 días después de recibir el producto. Es requisito indispensable que antes de instalar la pieza, realice una prueba con el equipo abierto, para determinar el correcto funcionamiento de ésta, sin levantar micas o sellos.",iPhone 13 Pro 2. iPhone 13 Pro Max,3423,330
9864696135970,JCID,Flex Fpc Infrarrojo Face Id Iphone Xs Jcid S/Chip,"Cable Flex Modelos Compatibles: 1. iPhone XS Detalles: 1. Flex FPC infrarrojo para Face Id 2. Propósito: reemplazo del flex para el sensor infrarrojo de Face Id en iPhone XS 3. Características especiales: sin chip, JCID, montaje preciso GARANTÍA  La garantía tiene vigencia de hasta 5 días después de recibir el producto. Es requisito indispensable que antes de instalar la pieza, realice una prueba con el equipo abierto, para determinar el correcto funcionamiento de ésta, sin levantar micas o sellos.",iPhone XS,3422,330
9864696070434,JCID,Flex Fpc Infrarrojo Face Id Iphone 13 Jcid S/Chip,"Cable Flex Modelos Compatibles: 1. iPhone 13 Detalles: 1. Flex FPC infrarrojo para Face ID (sin chip) 2. Propósito: reemplazo del flex del sensor infrarrojo de Face ID 3. Características especiales: sin chip, montaje preciso, adaptación exacta para iPhone 13 GARANTÍA  La garantía tiene vigencia de hasta 5 días después de recibir el producto. Es requisito indispensable que antes de instalar la pieza, realice una prueba con el equipo abierto, para determinar el correcto funcionamiento de ésta, sin levantar micas o sellos.",iPhone 13,3421,330
9864696037666,JCID,Flex Fpc Prueba Pantalla Iphone 13 Mini Jcid,Cable Flex,iPhone 13 mini,3420,390
9864695972130,JCID,Flex Fpc Prueba Pantalla V15Pm Iphone 14Pm Jcid,Cable Flex,V15Pm | 14Pm,3419,390
9864695939362,JCID,Flex Fpc Prueba Pantalla Iphone 13 Jcid,Cable Flex,JCID,3418,390
9864695873826,JCID,Flex Fpc Prueba Pantalla Iphone 12 Pro Max Jcid,Cable Flex,12Pm,3417,390
9864695808290,JCID,Flex Fpc Prueba Pantalla Iphone Xs Jcid,Cable Flex,iPhone XS,3416,390
9864695677218,JCID,Flex Fpc Prueba Pantalla V15Pm Iphone 15 Peo max Jcid,Cable Flex,V15Pm | 15Pm | Jcid,3415,390
9864695578914,JCID,Flex Fpc Prueba Pantalla Iphone 12 Mini Jcid,Cable Flex,iPhone 12 mini,3414,390
9864695480610,JCID,Flex Fpc Prueba Pantalla V15Pm Iphone 15 Pro Jcid,Cable Flex,V15Pm | 15Pro | Jcid,3413,390
9864695349538,JCID,Flex Fpc Prueba Pantalla Iphone 14 Jcid,Cable Flex,14 Jcid,3412,390
9864695251234,JCID,Flex Fpc Prueba Pantalla Iphone 15 Plus Jcid,Cable Flex,15Plus,3411,390
9864695152930,JCID,Flex Fpc Prueba Pantalla Iphone X Jcid,Cable Flex,X | Jcid,3410,390
9864695087394,JCID,Flex Fpc Prueba Pantalla Iphone 14 Plus Jcid,Cable Flex,iPhone 14 Plus,3409,390
9864694989090,JCID,Flex Fpc Prueba Pantalla V15Pm Iphone 14 Pro Jcid,Flex FPC,iPhone 14 Pro,3408,390
9864694956322,JCID,Flex Fpc Prueba Pantalla Iphone Xs max Jcid,Flex FPC,Xsm | Jcid,3407,390
9864694923554,JCID,Flex Fpc Prueba Pantalla Iphone Xr Jcid,Cable Flex,iPhone XR,3406,390
9864694890786,JCID,Flex Fpc Prueba Pantalla Iphone 11 Jcid,Cable Flex,11 Jcid,3405,390
9864694825250,JCID,Flex Fpc Prueba Pantalla Iphone 12 Jcid,Cable Flex,12 Jcid,3404,390
9864694726946,JCID,Flex Fpc Prueba Pantalla Iphone 11P Jcid,Cable Flex,11P,3403,390
9864694628642,JCID,Flex Fpc Prueba Pantalla Iphone 11 Pro max Jcid,Cable Flex,11Pm,3402,390
9864694530338,JCID,Flex Fpc Prueba Pantalla Iphone 15 Jcid,Cable Flex,15 Jcid,3401,390
9864694432034,JCID,Flex Fpc Prueba Pantalla Iphone 13 Pro max Jcid,Cable Flex,V15Pm | 13Pm | Jcid,3400,390
9861728403746,AMAOE,Stencil Amaoe MTK CPU MU:6 0.12MM,Herramienta,Amaoe MU:6,4001,130
9861723619618,AMAOE,Stencil Amaoe Samsung CPU SAM:21 0.12MM S25 / S25 Plus,Herramienta,Samsung Galaxy A21,4000,130
9861698126114,AMAOE,Stencil Amaoe Mbga Iphone 13 Mini 0.12MM,Herramienta,iPhone 13 mini,3399,130
9861691670818,AMAOE,Stencil Amaoe EMMC / EMCP / UFS / UMCP / LPDDR / NAND / PCIE Emmc:3 0.15MM,"Herramienta Modelos Compatibles: 1. No especificado Detalles: 1. Stencil de soldadura para EMMC, espesor 0.15 mm 2. Propósito: plantilla de soldadura para aplicación de pasta en contactos EMMC durante reparaciones 3. Características especiales: espesor 0.15 mm, aberturas optimizadas para pasta, montaje preciso, tolerancias controladas GARANTÍA  La garantía tiene vigencia de hasta 5 días después de recibir el producto. Es requisito indispensable que antes de instalar la pieza, realice una prueba con el equipo abierto, para determinar el correcto funcionamiento de ésta, sin levantar micas o sellos.",No especificado,3396,130
9860993122594,Wylie,Stencil Wylie Ic Iphone 11 - 16Pro Max,Herramienta,Wilye,3387,60
9860990730530,AMAOE,Stencil Amaoe QU9 Sm8750 / Sm8635 / Sm650/ Sm8550 / Sm8425 / Sm7475 / Sm7550 0.12MM,Herramienta,SM8750 | SM8635 | SM650 | SM8550 | SM8425 | SM7475 | SM7550,3393,130
9860987060514,AMAOE,Stencil Amaoe IPhone 6S-16 0.12 MM,Herramienta,iPhone 6S,3388,130
9860836360482,2UUL,Sujetador Separador Pantalla 2Uul Da08,Herramienta,2Uul Da08,3391,400
9860836262178,2UUL,Mototool Dremel Rectificadora Pulidor 2Uul Da86,Herramienta,Da86,3389,210
9860749918498,FixOEM Herramientas,Espatula Mobileenzo,,,3386,60
9860749820194,FixOEM Herramientas,Tapete Silicon Soldar Trabajo Calor Azul IC componentes,,,3385,130
9860749623586,JTX,Placa Practica Microsoldadura JTX Jt-6,,,3383,110
9860749525282,Wylie,Probador Tester Usb iPad 10 Vsong-342 Wylie eprom,,,3382,250
9860749426978,Wylie,Flex Convertidor Adaptador ESIM a SIM Fisico Lector Dual Sim Iphone 14 Pro/14 Pro Max Wylie,,,3381,140
9860749361442,Wylie,Flex Convertidor Adaptador ESIM a SIM Fisico Lector Single Sim Iphone 14 Pro/14 Pro Max Wylie,,,3380,110
9860749263138,Wylie,Flex Convertidor Adaptador ESIM a SIM Fisico Lector Sim Iphone 16 Pro/16 Pro Max Wylie,Lector SIM,iPhone 16 Pro | iPhone 16 Pro Max,3379,170
9860749132066,Wylie,Flex Convertidor Adaptador ESIM a SIM Fisico Lector Sim Iphone 16/16 Plus Wylie,,,3378,170
9860749066530,Wylie,Flex Convertidor Adaptador ESIM a SIM Fisico Lector Sim Iphone 15/15 Plus Wylie,,,3377,90
9860748968226,Wylie,Flex Convertidor Adaptador ESIM a SIM Fisico Lector Sim Iphone 14/14 Plus Wylie,,,3376,90
9860635230498,FixOEM:Refaccion Celular,Display Iphone XS IPS,Pantalla,iPhone XS,11324,210
9860004872482,JTX,Espatula Palita Raspador Quita Tapas Ceramica Wt-1 JTX,"Herramienta Modelos Compatibles: 1. Wt-1 Detalles: 1. Espátula raspadora de cerámica 2. Propósito: retirada de tapas y raspado de superficies cerámicas durante reparaciones 3. Características especiales: borde de cerámica resistente, raspado controlado, adaptación exacta para Wt-1 GARANTÍA  La garantía tiene vigencia de hasta 5 días después de recibir el producto. Es requisito indispensable que antes de instalar la pieza, realice una prueba con el equipo abierto, para determinar el correcto funcionamiento de ésta, sin levantar micas o sellos.",Wt-1,3372,60
9860004741410,FixOEM:Refaccion Celular,Probador Tester Modulo Sim 800L Gprs Gsm Ip06,Módulo GSM,SIM800L,3369,220
9860004643106,Wylie,Probador Tester Wylie Wl-166 Lightning Tipo C,"Herramienta Modelos Compatibles: 1. Wl-166 Detalles: 1. Tipo o tecnología del producto: Probador de inserción para conectores Lightning y USB-C (Tipo C) 2. Propósito: verificación de inserciones y compatibilidad de conectores Lightning y USB-C 3. Características especiales: compatible con conectores Lightning y USB-C, diseño compacto, guía de alineación precisa GARANTÍA  La garantía tiene vigencia de hasta 5 días después de recibir el producto. Es requisito indispensable que antes de instalar la pieza, realice una prueba con el equipo abierto, para determinar el correcto funcionamiento de ésta, sin levantar micas o sellos.",Wl-166,3367,240
9860004610338,Wylie,Pads Parche Soldadura Wylie,Herramienta,Wylie,3366,90
9860004577570,Wylie,Punta Cautin Wylie Wl  C210 Is,Punta Cautin,Wl-C210Is,3365,80
9860004544802,Wylie,Punta Cautin Wylie Wl C210I,Punta Cautín,Wl-C210I,3364,80
9860004413730,Wylie,Extractor Humo Microscopio Aro Luz Wylie Wl-217,Extractor de humo,Wl-217,3357,290
9860004380962,Wylie,Stencil Wylie Wl-53 Bga 0.3 / 0.35 / 0.4 / 0.5,,,3356,140
9860004348194,Wylie,Stencil Malla Negra Wylie Wl-53 Bga 0.3 / 0.35 / 0.4/ 0.5,,,3355,120
9860004282658,Wylie,Pinzetas Ceramica Wylie Wl-14H,Herramienta,WL-14H,3353,110
9860004249890,JTX,Probador Placa Base Jtx Ct-1,Herramienta,JTX CT-1,3352,100
9860004217122,JTX,Modulo Prueba Pantalla Jcid Iphone  13Pro / 14Pro / 15Pro Series,Pantalla,iPhone 13 Pro | iPhone 14 Pro | iPhone 15 Pro,3351,220
9860004086050,JTX,Soporte Base Multimetro JTX 101 Js-02,Herramienta,101 | JS-02,3344,390
9860004053282,Wylie,Cable Pulpo Alimentador Cc 3A 6 Puertos Fpc 8/Xs/11/12/13/14/15/16Pm Wylie,Cable Flex,iPhone 8 | iPhone Xs | iPhone 11 | iPhone 12 | iPhone 13 | iPhone 14 | iPhone 15 | iPhone 16Pm,3343,110
9859947757858,FixOEM:Refaccion Celular,Display Samsung A55 Sm-A556 5G Oled,Pantalla,Samsung A55,1071,675
9859576987938,Zhanlida,Pegamento Resistol T7000 Negro Multiusos Celulares Pantallas Joyeria Zhanlida,,,416,40
9858923397410,Wylie,Protector Almohadilla Aislamiento Termico Wylie Wl-891,Almohadilla Aislamiento Termico,WL-891,3342,50
9858923331874,Wylie,Nano Pasta Conductiva Wylie Wl-130,Pasta Conductora,No aplica,3341,150
9858923266338,Wylie,Punta Cautin Wylie Wl-C210K,Herramienta,Wl-C210K,3340,80
9858923233570,Wylie,Kit Soldador Estaño Wylie Wl 206F,Herramienta,WL 206F,3339,100
9858923168034,Wylie,Nano Pasta Conductiva Wylie,Pasta Conductora,General,3338,120
9858923135266,Wylie,Detector Activacion Bateria Wylie Wl 338A,Detector,Wl 338A,3337,250
9858923102498,Wylie,Cable Pulpo Alimentador Wylie Wl-638 Pro Iphone / Android,,,3336,340
9858923004194,Wylie,Escobilla Brocha Cepillo Doble Cabezal Aluminio+Cerda Suave Wylie,Herramienta,No aplica,3334,340
9858922905890,Wylie,Base Holder Soporte Reparacion Matriz Puntos WYlie,Herramienta,No aplica,3332,260
9858922873122,FixOEM:Refaccion Celular,Flex Huella Google Pixel 8 Pro,Cable Flex,Google Pixel 8 Pro,3331,220
9858922840354,FixOEM:Refaccion Celular,Flex Huella Google Pixel 8,Cable Flex,Google Pixel 8,3330,220
9858922807586,FixOEM:Refaccion Celular,Flex Huella Google Pixel 7 Pro,Cable Flex,Google Pixel 7 Pro,3329,300
9858922774818,FixOEM:Refaccion Celular,Flex Huella Google Pixel 6A/ 7A/ 8A,Cable Flex,Google Pixel 6A | Google Pixel 7A | Google Pixel 8A,3328,200
9858922742050,FixOEM Herramientas,Precalentadora Plancha Universal 18 Kinds,Herramienta,Universal,3327,280
9858922709282,Wylie,Precalentadora Plancha Wylie Wl-1801 2en1,,,3227,680
9858922610978,Wylie,Plataforma Base Tapete Reballing Wylie K31-F Iphone 16 / 16 Plus / 16 Pro / 16 Pro Max,Herramienta de reparación,Wylie K31-F 16 Series,3326,330
9858922545442,Wylie,Plataforma Magnetica Reballing Wylie K31-E Iphone 15 / 15 Plus / 15 Pro / 15 Pro Max,Herramienta,K31-E 15 Series,3325,330
9858922512674,Wylie,Plataforma Base Tapete Reballing Wylie K31-D Iphone 14 / 14 Plus / 14 Pro / 14 Pro Max,Herramienta,K31-D 14 Series,3324,330
9858922479906,Wylie,Plataforma Base Tapete Reballing Wylie K31-C Iphone 13 / 13 Mini / 13 Pro / 13 Pro Max,Herramienta,K31-C | 13 Series,3323,330
9858922447138,Wylie,Plataforma Base Tapete Reballing Wylie K31-B Iphone 12 / 12 Mini / 12 Pro / 12 Pro Max,Herramienta,K31-B 12 Series,3322,330
9858922414370,Wylie,Plataforma Base Tapete Reballing Wylie K31-A Iphone X - 11 Pro Max,Herramienta,K31-A | X-11 Series,3321,330
9858766668066,Wylie,Plataforma Base Tapete Reballing iphone X-11/12/13/14/15/16 Wylie K31,Plataforma Magnética,X-11 | X-12 | X-13 | X-14 | X-15 | X-16,3320,940
9858346090786,JCID,Display Iphone JCID Oled Autoprogramable,,,3316,1460
9858310635810,Wylie,Tapete Termico Separador Pantalla Wylie Lcd Wl-1805,,,3311,1100
9858307850530,Wylie,Tapete Silicon Soldar Trabajo Calor Wylie Wl-181,Herramienta,WL-181,3310,250
9858301886754,FixOEM:Refaccion Celular,Camara Termica Infrarroja Ma Ant RC-3 4K HD,,,3309,3720
9856982810914,FixOEM:Refaccion Celular,Auricular Xiaomi Poco M3,Auricular,Poco M3,3305,60
9856956170530,FixOEM:Refaccion Celular,Bateria Xiaomi Redmi 14C Bn5X,Batería,Redmi 14C,3304,160
9856956104994,FixOEM:Refaccion Celular,Bateria Moto G05 / G15 Rl52,Batería,Moto G05 | Moto G15,3303,190
9856955253026,FixOEM:Refaccion Celular,Bateria Samsung S23 Ultra Eb-Bs918Aby,Batería,Samsung Galaxy S23 Ultra,3302,160
9856952369442,FixOEM:Refaccion Celular,Bateria Moto G55 Qa50,Batería,Moto G55 Qa50,3301,190
9856951025954,FixOEM:Refaccion Celular,Bateria Vivo Y03 / Y18 / Y18L / Y28E BA33,Batería,Vivo Y18 | Vivo Y18L,3300,180
9856949682466,FixOEM:Refaccion Celular,Bateria Iphone 16 Pro Max A3295 A3084 A3297,Batería,Iphone 16 Pro Max,3299,360
9855338184994,FixOEM:Refaccion Celular,Display Xiaomi Mi A2 Ips,Pantalla,Xiaomi Mi A2,998,165
9855306268962,FixOEM:Refaccion Celular,Auricular Samsung A54 5G,Auricular,Samsung Galaxy A54 5G,3298,40
9855240143138,FixOEM:Refaccion Celular,Display Huawei P20 Pro Ips Clt-L09,Pantalla,Huawei P20 Pro CLT-L09,8982,285
9853973102882,FixOEM:Refaccion Celular,Display Zte Blade A51 / Zte Blade A71 IPS,Pantalla,Zte Blade A51 | Zte Blade A71,9806,170
9849285640482,FixOEM:Refaccion Celular,Lente Camara Google Pixel 6 Pro,Lente Cámara,Google Pixel 6 Pro,3297,60
9848711086370,FixOEM:Refaccion Celular,Flex de huella Moto G24 / G24 Power,Flex de huella,Moto G24 | Moto G24 Power,3295,190
9846811197730,FixOEM:Refaccion Celular,Bisel Samsung A04,Bisel,Samsung A04,3290,80
9844724138274,OvalTech,Cargador Adaptador Corriente 65W 19V-3.42A (4.0*1.35)  EKO,Adaptador de corriente,No especificado,EK-G10,140
9844724072738,OvalTech,Cargador Adaptador Corriente 65W 20V/3.25A (4.0*1.7)  EKO,Adaptador de corriente,No especificados,EK-G7,140
9844724039970,OvalTech,Cargador Adaptador Corriente 45W 20V/2.25A (4.0*1.7) RECTANGULAR  EKO,Adaptador de corriente,No especificados,EK-G8,120
9844724007202,OvalTech,Cargador Adaptador Corriente 45W 19.5V 2.31A (4.5*3.0)  EKO,Adaptador de Corriente,No especificado,EK-L4,140
9844723974434,OvalTech,Cargador Adaptador Corriente 90W 19.5V 4.62A (4.5*3.0) Punta Azul Modelo UC473/AF09  EKO,Adaptador de corriente,UC473/AF09,EK-L6,150
9844723941666,OvalTech,Cargador Adaptador Corriente 65W 19.5V 3.34A (4.5*3.0) DELL  EKO,Adaptador de corriente,DELL,EK-L6D,140
9844723876130,OvalTech,Cargador Adaptador Corriente 90W 20V/4.5A (LENOVO CUADRADA) AF09  EKO,Adaptador de corriente,AF09,EK-L7,160
9844723843362,OvalTech,Cargador Adaptador Corriente 65W 19V-3.42A (5.5*2.5) AF06  EKO,Adaptador de corriente,AF06,EK-S1,130
9844723810594,OvalTech,Cargador Adaptador Corriente 65W 19.5V 3.34A (7.4*5.0) AF06  EKO,Adaptador de corriente,AF06,EK-S2,140
9844723777826,OvalTech,Cargador Adaptador Corriente 65W 19V 3.42A (5.5*1.7) AF06  EKO,Adaptador Corriente,AF06,EK-S5,130
9844723745058,OvalTech,Cargador Adaptador Computadora 19V/4.74AH + USB  OvalTech,Cargador Portátil,OvalTech,OTAC-E51,280
9844723712290,OvalTech,Cargador Adaptador Computadora 19.5V/2.31AH  OvalTech,Adaptador de corriente,No especificado,OTAC-E74,340
9844723679522,OvalTech,Cargador Adaptador Computadora 19.5V/4.62AH C/Blister + USB  OvalTech,Adaptador de corriente,OvalTech,OTAC-E76,330
9844723646754,OvalTech,Bateria Li-ion 11.1V ACER Aspire E14 / Aspire E15,Batería,Acer Aspire E14 | Acer Aspire E15,EKR1432,330
9844723613986,OvalTech,Bateria Li-ion 10.8V Acer AS5742,Batería,Acer AS5742,EKR4551,350
9844723581218,OvalTech,"Bateria Li-ion 14.8V Acer Aspire V5, V5-431 V5-531 en  Negro",Batería,Acer Aspire V5 | Acer Aspire V5-431 | Acer Aspire V5-531,EKR5007,280
9844723548450,OvalTech,Bateria Li-ion 14.8V Dell Inspiron 14,Batería,Dell Inspiron 14,EKD4521,350
9844723515682,OvalTech,Bateria Li-ion 11.1V LATITUDE E6420  Negro,Batería,Latitude E6420,EKD6420,440
9844723482914,OvalTech,"Bateria Li-ion 14.8V HP Compaq 14-D, 14-R, 15-D, 15-G, 15-H, 15-R",Batería,HP Compaq 14-D | HP Compaq 14-R | HP Compaq 15-D | HP Compaq 15-G | HP Compaq 15-H | HP Compaq 15-R,EKH240,270
9844723450146,OvalTech,"Bateria Li-ion 14.8V HP 14-G, 14-Q, 14-AC, 240 G4, 245 G4, 246 G4, 250 G4, 255 G4 Series",Batería Li-ion,HP 14-G | HP 14-Q | HP 14-AC | HP 240 G4 | HP 245 G4 | HP 246 G4 | HP 250 G4 | HP 255 G4 Series,EKH250,290
9844723417378,OvalTech,Bateria Li-ion 14.8V HP ProBook 440 440 G2 Series,Batería,HP ProBook 440 | HP ProBook 440 G2 | HP ProBook 440 G2 Series,EKH4401,290
9844723351842,OvalTech,Bateria Li-ion 11.1V HP CQ42 series,Batería,HP CQ42,EKH5173,340
9844723319074,OvalTech,Bateria Li-ion 10.8V HP EliteBook 8460w Series / EliteBook 8460p,Batería,HP EliteBook 8460w Series | HP EliteBook 8460p,EKH8460,330
9844723253538,OvalTech,Bateria Li-ion 10.8V HP ProBook 640 645 655 650 G1,Batería,HP ProBook 640 G1 | HP ProBook 645 G1 | HP ProBook 650 G1 | HP ProBook 655 G1,EKHCA06,360
9844723220770,OvalTech,Bateria Li-ion 14.4V HP Pavilion 14 TouchSmart Series en  negro,Batería,HP Pavilion 14 TouchSmart,EKHTS14,300
9844723188002,OvalTech,Bateria Li-ion 14.4V LENOVO G400s Series,Batería,Lenovo G400s,EKI400,320
9844723155234,OvalTech,Bateria Li-ion 14.8V Dell Inspiron 14 Series / 3451 / 3551 / 3458 / 3558 Series,Batería,Dell Inspiron 14 3451 | Dell Inspiron 14 3551 | Dell Inspiron 14 3458 | Dell Inspiron 14 3558,EKD3451,390
9844723122466,OvalTech,Bateria Interna (P) 11.4V Dell Latitude 5280 5290 5480 5490 5580 5590 series 3DDDG 3VC9Y 03VC9Y O3VC9Y 4YFVG 45N3J 451-BBZP,Batería,Dell Latitude 5280 | Dell Latitude 5290 | Dell Latitude 5480 | Dell Latitude 5490 | Dell Latitude 5580 | Dell Latitude 5590,EKD5280,610
9844723089698,OvalTech,Bateria DELL Inspiron 13(5368 5378 5379 7368 7378 14-7460) 15(5565 5567 5568 5578 7560 7570 7579 7569 P58F) 3CRH3 T2JX4 FC92N WDX0R,Batería,Inspiron 13 5368 | Inspiron 13 5378 | Inspiron 13 5379 | Inspiron 13 7368 | Inspiron 13 7378 | Inspiron 14-7460 | Inspiron 15 5565 | Inspiron 15 5567 | Inspiron 15 5568 | Inspiron 15 5578 | Inspiron 15 7560 | Inspiron 15 7570 | Inspiron 15 7579 | Inspiron 15 7569,EKD5481,510
9844723056930,OvalTech,Bateria 7.6V Dell Latitude 12 7000 7280 7290/13 7000 7380 7390 14 7000 7480 7490 DM3WC DM6WC 2X39G KG7VF 451-BBYE F3YGT,Batería,Dell Latitude 12 7000 | Dell Latitude 7280 | Dell Latitude 7290 | Dell Latitude 13 7000 | Dell Latitude 7380 | Dell Latitude 7390 | Dell Latitude 14 7000 | Dell Latitude 7480 | Dell Latitude 7490,EKDE7280,620
9844723024162,OvalTech,"Bateria Li-ion 14.4V HP 250 G6 Series, 255 G6 Series 15-BS000 15-BW000 17-BS000 17z Series JC03 / JC04",Batería,HP 250 G6 Series | HP 255 G6 Series | 15-BS000 | 15-BW000 | 17-BS000 | 17z Series JC03 / JC04,EKH255,260
9844722991394,OvalTech,Bateria Li-ion 14.4V HP ProBook 430 G3 / 440 G3,Batería,HP ProBook 430 G3 | HP ProBook 440 G3,EKH4430,290
9844722958626,OvalTech,"Bateria Li-ion 14.8V HP Pavilion 14-AB, 15-AB, 15-AG, Pavilion 17-G en  Negro",Batería,HP Pavilion 14-AB | HP Pavilion 15-AB | HP Pavilion 15-AG | Pavilion 17-G,EKHAB15,270
9844722925858,OvalTech,Bateria Interna (P) 11.1V HP EliteBook 740 / 840 G1 / 840 G2 series,Batería,HP EliteBook 740 G1 | HP EliteBook 840 G1 | HP EliteBook 840 G2,EKHCM03XL,500
9844722893090,OvalTech,Bateria Li-ion 14.4V Acer Aspire E15 E5-475G 523G 553G 573G 575G 774G E5-575 E5-575-59QB Series AS16A5K,Batería,Acer Aspire E15 | Acer Aspire E5-475G | Acer Aspire E5-523G | Acer Aspire E5-553G | Acer Aspire E5-573G | Acer Aspire E5-575G | Acer Aspire 774G | Acer Aspire E5-575 | Acer Aspire E5-575-59QB,EKR16A5K,290
9844722860322,OvalTech,"Bateria Interna (P) 14.8V Acer V5-572, V5-572P, V5-573 ES1-511 ES1-512, R7-572 (AP13B3K / AP13B8K)",Batería,Acer V5-572 | Acer V5-572P | Acer V5-573 | Acer ES1-511 | Acer ES1-512 | Acer R7-572,EKR5572,530
9844722794786,OvalTech,Bateria Interna (P) 14.8v Acer Aspire E5-422 E5-573 E5-573T E5-522 E722 AL15A32 AL15A32 (4ICR17/65),Batería,Acer Aspire E5-422 | Acer Aspire E5-573 | Acer Aspire E5-573T | Acer Aspire E5-522 | Acer Aspire E722,EKRE5422,300
9844722762018,OvalTech,Bateria Li-ion 10.8V Toshiba L745 L770 M640 M645 C650 PA3817U-1BRS,Batería,Toshiba L745 | Toshiba L770 | Toshiba M640 | Toshiba M645 | Toshiba C650,EKT3750N,350
9844722729250,OvalTech,"Bateria Interna Li-ion 14.8V Toshiba C55-B, L55-B, L50-B, C50-B, C55-B, C50D, C55D, C55T, L55D, L55T Series",Batería,C55-B | L55-B | L50-B | C50-B | C50D | C55D | C55T | L55D | L55T,EKT5186,320
9844722696482,OvalTech,"Bateria Interna Li-ion 11.1V Asus X540 Series, Asus X540LA X540LJ X540SA Series, Asus X540SC X540YA Series, Asus X540S Series, A31N1519",Batería,Asus X540LA | Asus X540LJ | Asus X540SA | Asus X540SC | Asus X540YA | Asus X540S | A31N1519,EKUX540,260
9844722663714,OvalTech,Bateria Li-ion 11.1V Samsung R480,Batería,Samsung R480,EKSR480,350
9844722630946,OvalTech,"Bateria Li-ion 10.8V Toshiba Satellite C845, P875, L875 Series",Batería,Toshiba Satellite C845 | Toshiba Satellite P875 | Toshiba Satellite L875,EKT5850,360
9844722532642,OvalTech,Pantalla LCD 14.0 LED FHD (1920x1080) EDP IPS Slim Conector Inferior Derecho 30P *SIN BRACKETS / BEZEL DELGADO,Pantalla,No especificado en la descripción,LCD140-019,1320
9844722499874,OvalTech,LCD 15.6 LED HD (1366x768) Conector Derecho 30P (Sin Brackets),Pantalla LCD,No especificado,LCD156-005,1160
9844722467106,OvalTech,Pantalla LCD 15.6 LED FHD (1920x1080) eDP IPS Conector Derecho 30P (Sin Brackets),Pantalla,No especificado en la descripción,LCD156-006,1240
9844722434338,OvalTech,Pantalla LCD 15.6 LED WXGA (1366X768)HD Slim Conector Derecho 30P GLOSSY,Pantalla LCD,No especificado,LCD156-017,1190
9844722401570,OvalTech,Cargador Adaptador Corriente 60W Magnetico 1,Adaptador de Corriente Magnético,No especificados,AP-60W,250
9844722368802,OvalTech,Cargador Adaptador Corriente 45W Magnetico 2,Adaptador de Corriente Magnético,,AP2-45W,260
9844722336034,OvalTech,Cargador Adaptador Corriente 60W Magnetico 2,Adaptador de Corriente Magnético,No especificado,AP2-60W,260
9844722270498,OvalTech,Cargador Adaptador Corriente USB-C 65W 20V/3.25A (Type C) con PD,Cargador USB-C,Dispositivos con USB-C PD,USBC-65W,260
9844722237730,OvalTech,Cargador Adaptador Corriente USB-C 65W 20V/3.25A (Type C) * CON PD  NEGRO,Adaptador de corriente USB-C,Universal USB-C PD 65W,USBC-65WB,270
9844722204962,OvalTech,Bateria 14.8V 3200mAh Dell Inspiron 14 Series / 3451 / 3551 / 3458 / 3558 Series  OvalTech,Batería,Dell Inspiron 14 3451 | Dell Inspiron 14 3551 | Dell Inspiron 14 3458 | Dell Inspiron 14 3558,OTD3451,1160
9844722139426,OvalTech,Bateria 11.1V 6400mAh Dell E5420 OvalTech,Batería,Dell E5420,OTD6420,1040
9844722106658,OvalTech,"Bateri­a 14.4V 3200mAh HP Compaq 14-D, 14-R, 15-D, 15-G, 15-H, 15-R  OvalTech",Batería,HP Compaq 14-D | HP Compaq 14-R | HP Compaq 15-D | HP Compaq 15-G | HP Compaq 15-H | HP Compaq 15-R,OTH240,890
9844722073890,OvalTech,"Bateri­a 14.8V 3200mAh HP 250 G6 Series, 255 G6 Series 15-BS000 15-BW000 17-BS000 17z Series JC03 / JC04 Ovaltech",Batería,HP 250 G6 Series | HP 255 G6 Series | 15-BS000 | 15-BW000 | 17-BS000 | 17z Series JC03 | 17z Series JC04,OTH255,940
9844722041122,OvalTech,Bateria 14.8V 3200mAh HP ProBook 440 440 G2 Series OvalTech,Batería,HP ProBook 440 | HP ProBook 440 G2,OTH4401,970
9844722008354,OvalTech,"Bateria 14.4V 3200mAh Toshiba C55-B, L55-B, L50-B, C50-B, C55-B, C50D 14.8V 2200mAh OvalTech",Batería,C55-B | L55-B | L50-B | C50-B | C50D,OTT5186,800
9844721975586,OvalTech,"Teclado (SP) ACER Aspire 5536, Aspire 5542, Aspire 5338",Teclado,Acer Aspire 5536 | Acer Aspire 5542 | Acer Aspire 5338,TEC047,150
9844721942818,OvalTech,"Teclado (SP) Acer 3830T, E5-411, E5-421, V3-431, V3-471, E1-430G",Teclado,3830T | E5-411 | E5-421 | V3-431 | V3-471 | E1-430G,TEC497,170
9844721910050,OvalTech,"Teclado (SP) Acer E5-722, V3-574G, E5-573, E5-573G, E5-532G Series",Teclado,E5-722 | V3-574G | E5-573 | E5-573G | E5-532G Series,TEC520,180
9844721877282,OvalTech,"Teclado (SP) DELL Inspiron 14R, Vostro 3550",Teclado,Inspiron 14R | Vostro 3550,TEC012,170
9844721844514,OvalTech,Teclado (SP) DELL Inspiron 15-3000 15 5000,Teclado,DELL Inspiron 15-3000 | DELL Inspiron 15-5000,TEC493,190
9844721811746,OvalTech,Teclado (SP) Dell Inspiron 14 3000 14 5442 14 5445 14 5447 Vostro 14 3458,Teclado,Dell Inspiron 14 5442 | Dell Inspiron 14 5445 | Dell Inspiron 14 5447 | Dell Vostro 14 3458 | Dell Inspiron 14 3000,TEC543,180
9844721778978,OvalTech,"Teclado (SP) GATEWAY NV55, NV57, ACER Aspire V3",Teclado,Gateway NV55 | Gateway NV57 | Acer Aspire V3,TEC314,170
9844721746210,OvalTech,"Teclado (SP) HP Presario CQ42, Presario G42",Teclado,HP Presario CQ42 | HP Presario G42,TEC143,180
9844721713442,OvalTech,"Teclado (SP) HP Presario G4-1000, Presario CQ43, Presario G6-1000",Teclado,HP Presario G4-1000 | HP Presario CQ43 | HP Presario G6-1000,TEC218,170
9844721680674,OvalTech,"Teclado (SP) HP Pavilion 15-E , 15-N , 15-G , 15-H , 15-R",Teclado,HP Pavilion 15-E | HP Pavilion 15-N | HP Pavilion 15-G | HP Pavilion 15-H | HP Pavilion 15-R,TEC437,180
9844721647906,OvalTech,Teclado (SP) HP Probook 440 G1,Teclado,HP ProBook 440 G1,TEC450,240
9844721582370,OvalTech,Teclado (SP) FRAME HP 240 G2 / 245 G3 / 14-G000 / 14-R000 / 14-D000 / 14-W000,Marco Teclado,HP 240 G2 | HP 245 G3 | HP 14-G000 | HP 14-R000 | HP 14-D000 | HP 14-W000,TEC495B,200
9844721516834,OvalTech,"Teclado (SP) HP 14-ac, 14-af, 14-ad, 14-aj, 14-q , 14-am , 14am",Teclado,HP 14-ac | HP 14-af | HP 14-ad | HP 14-aj | HP 14-q | HP 14-am | HP 14am,TEC496,170
9844721484066,OvalTech,"Teclado (SP) HP Pavilion 15-ac, 15-af, 250 G4, 255 G4 Series",Teclado,HP Pavilion 15-ac | HP Pavilion 15-af | HP Pavilion 250 G4 | HP Pavilion 255 G4,TEC518,160
9844721418530,OvalTech,"Teclado (SP) HP 14-AC, 14-AF, 14-AD, 14-AJ, 14-Q Series",Teclado,HP 14-AC | HP 14-AF | HP 14-AD | HP 14-AJ | HP 14-Q Series,TEC527,180
9844721385762,OvalTech,Teclado (SP) Lenovo G40 G40-30 G40-70 N40-70 N40-30 B40-30,Teclado,Lenovo G40 | Lenovo G40-30 | Lenovo G40-70 | Lenovo N40-70 | Lenovo N40-30 | Lenovo B40-30,TEC472,170
9844721352994,OvalTech,Teclado (SP) Lenovo E431 T440 L440 E440 T450,Teclado,Lenovo E431 | Lenovo T440 | Lenovo L440 | Lenovo E440 | Lenovo T450,TEC491,490
9844721320226,OvalTech,"Teclado (SP) TOSHIBA Satellite C645D, Satellite C645, Satellite C640",Teclado,Satellite C645D | Satellite C645 | Satellite C640,TEC255,170
9844721254690,OvalTech,"Teclado (SP) TOSHIBA Satellite C655, Satellite C655D, Satellite C650",Teclado,Toshiba Satellite C655 | Toshiba Satellite C655D | Toshiba Satellite C650,TEC288,170
9844721189154,OvalTech,Teclado (SP) HP 14-bs000 14-bs100 14-bs500 14-bs 240 G6 245 G6 246 G6,Teclado,HP 14-bs000 | HP 14-bs100 | HP 14-bs500 | HP 14-bs | HP 240 G6 | HP 245 G6 | HP 246 G6,TEC006,170
9844721156386,OvalTech,Teclado (SP) Lenovo Ideapad 110-14IBR 110-14AST 110-14ISK,Teclado,Lenovo Ideapad 110-14IBR | Lenovo Ideapad 110-14AST | Lenovo Ideapad 110-14ISK,TEC017,170
9844721123618,OvalTech,Teclado (SP) Lenovo IdeaPad 320-15 320-15IAP 320-15ABR 320-15AST 320-15ISK (Tecla Encendido / Numerico),Teclado,320-15 | 320-15IAP | 320-15ABR | 320-15AST | 320-15ISK,TEC018,200
9844721090850,OvalTech,Teclado (SP) HP Pavilion Hp 14-ce 14-da 14-cd 14cm 14-ma 14-ck 14-dg,Teclado,HP Pavilion 14-ce | HP Pavilion 14-da | HP Pavilion 14-cd | HP Pavilion 14cm | HP Pavilion 14-ma | HP Pavilion 14-ck | HP Pavilion 14-dg,TEC028,190
9844721058082,OvalTech,Teclado (SP) HP Pavilion 15-da0001la 15-da000 15-da,Teclado,HP Pavilion 15-da0001la | HP Pavilion 15-da000 | HP Pavilion 15-da,TEC029,190
9844721025314,OvalTech,Teclado (SP) HP 15-ab 15ab 15-ab000 15-ab100 (CTRL cuadrado) (Enter delgado),Teclado,HP 15-ab | HP 15ab | HP 15-ab000 | HP 15-ab100,TEC030,160
9844720992546,OvalTech,Teclado (SP) HP Probook 430 G5 440 G5 445 G5,Teclado,HP ProBook 430 G5 | HP ProBook 440 G5 | HP ProBook 445 G5,TEC033,270
9844720927010,OvalTech,Teclado (SP) Lenovo E531 E540 L540 T540 T550 W540 W550s Series,Teclado,Lenovo E531 | Lenovo E540 | Lenovo L540 | Lenovo T540 | Lenovo T550 | Lenovo W540 | Lenovo W550s,TEC526,470
9844720894242,OvalTech,Teclado (SP) HP 240 G6 245 G6 246 G6 Pavilion 14-bs 14-bs000 14-bs100 14-bs500 X360 14-ba ENTER DELGADO *SIN BACKLIGHT,Teclado,HP 240 G6 | HP 245 G6 | HP 246 G6 | Pavilion 14-bs | Pavilion 14-bs000 | Pavilion 14-bs100 | Pavilion 14-bs500 | X360 14-ba,TEC545E,200
9844720861474,OvalTech,Teclado (SP) HP Elitebook 840 G3 / 745 G3 (Sin Backlight),Teclado,HP EliteBook 840 G3 | HP EliteBook 745 G3,TEC550,200
9844720828706,OvalTech,Teclado (SP) HP 15-ab 15ab 15-ab000 15-ab100 ENTER DELGADO *SIN BACKLIGHT,Teclado,HP 15-ab | HP 15-ab000 | HP 15-ab100 | 15ab,TEC554E,160
9844720795938,OvalTech,"Teclado (SP) HP Probook 430 G3 , 430 G4 , 440 G3 , 440 G4 , 445 G3 , 640 G2 , 645 G2",Teclado,HP ProBook 430 G3 | HP ProBook 430 G4 | HP ProBook 440 G3 | HP ProBook 440 G4 | HP ProBook 445 G3 | HP ProBook 640 G2 | HP ProBook 645 G2,TEC565,260
9844720763170,OvalTech,Teclado (SP) Tecla Encendido / SUPR Lenovo IdeaPad 320-14AST 320-14IAP 320-14ISK 320S-14IKB 320-14isk 320s-14ikb 320s-14ikbr,Teclado,320-14AST | 320-14IAP | 320-14ISK | 320S-14IKB | 320-14isk | 320s-14ikb | 320s-14ikbr,TEC568,180
9844720730402,OvalTech,Teclado (SP) Dell Inspiron 15 Gaming 15-7566 15 5567 5565 17 7000 Series 17-7778 17-7779 BACKLIGHT (SIN MARCO),Teclado,Dell Inspiron 15 Gaming 15-7566 | Dell Inspiron 15 Gaming 15-5567 | Dell Inspiron 15 Gaming 15-5565 | Dell Inspiron 17-7778 | Dell Inspiron 17-7779,TEC573,340
9844720697634,OvalTech,"Bateria 3 Celdas DELL INSPIRON 13 5378 5368 , WDX0R Ovaltech",Batería,Dell Inspiron 13 5378 | Dell Inspiron 13 5368,OTD5481,970
9844720664866,OvalTech,Teclado (SP) Lenovo Thinkpad E480 T490 E490 L380 (Sin Backlight),Teclado,E480 | T490 | E490 | L380,TEC057,440
9844720632098,OvalTech,Teclado  Plata (SP) HP 15-BS000 15-BS1000 15-BS015DX 15-BS016DX 250 G6 255 G6 15-BW (Enter Delgado),Teclado,HP 15-BS000 | HP 15-BS1000 | HP 15-BS015DX | HP 15-BS016DX | HP 250 G6 | HP 255 G6 | HP 15-BW,TEC071,260
9844720566562,OvalTech,Teclado  Plata (SP) Hp 15-da 15-db 15-cs 15-db 15-cx 15-dr 250 G7 (ORIG),Teclado,HP 15-da | HP 15-db | HP 15-cs | HP 15-cx | HP 15-dr | HP 250 G7,TEC073A,230
9844720533794,OvalTech,Teclado (SP) Lenovo 320-15abr 320-15ast 320-15iap 320-15isk (SIN Tecla Encendido),Teclado,Lenovo 320-15abr | Lenovo 320-15ast | Lenovo 320-15iap | Lenovo 320-15isk,TEC075,200
9844720501026,OvalTech,Teclado (SP) Dell Inspiron 14 7460 15 7460 7560 15 7570 7573,Teclado,Dell Inspiron 14 7460 | Dell Inspiron 15 7460 | Dell Inspiron 15 7560 | Dell Inspiron 15 7570 | Dell Inspiron 15 7573,TEC079,170
9844720468258,OvalTech,Teclado (SP) Dell Latitude E5450 E5470 E7450 E7470 E7480 (Backlight),Teclado,Dell Latitude E5450 | Dell Latitude E5470 | Dell Latitude E7450 | Dell Latitude E7470 | Dell Latitude E7480,TEC080,410
9844720435490,OvalTech,Teclado  Plata (SP) Hp X360 14-cd 14-cd000 14-cd0000 14t-cd00,Teclado,Hp X360 14-cd | Hp X360 14-cd000 | Hp X360 14-cd0000 | Hp X360 14t-cd00,TEC084,210
9844720402722,OvalTech,Teclado (SP) Lenovo Thinkpad T470 T480 A475 A485 (Backlight),Teclado,Thinkpad T470 | Thinkpad T480 | Thinkpad A475 | Thinkpad A485,TEC090,910
9844720337186,OvalTech,Pantalla LCD 14.0 FHD (1920x1080) IPS FOLD Conector Derecho 30P Glossy (Sin Brackets),Pantalla,Desconocido,LCD140-001,1290
9844720304418,OvalTech,Cargador Adaptador Corriente 45W 20V/2.25A (4.0*1.7) CUADRADO  EKO,Adaptador de corriente,No especificado,EK-G8C,200
9844720271650,OvalTech,Teclado (SP) Lenovo Flex 6-14ikbyoga 530-14ikb 530-14arr,Teclado,Lenovo Flex 6-14IKBY | Lenovo Yoga 530-14IKB | Lenovo Yoga 530-14ARR,TEC104,240
9844720238882,OvalTech,Pantalla LCD 15.6 LED FHD (1920x1080) Normal Conector derecho 40P (IPS/144Hz),Pantalla,No especificado,LCD156-013,2180
9844720206114,OvalTech,Bateria 11.55V 41.9Wh/3630mAh HP Pavilion 14-CE 14-CF 14-cm 14-CK 14-DF 14-MA 15-DA 15-CS 15-DB HP 240 245 250 255 G7 340 348 G5 HT03XL  Ovaltech,Batería,HP Pavilion 14-CE | HP Pavilion 14-CF | HP Pavilion 14-cm | HP Pavilion 14-CK | HP Pavilion 14-DF | HP Pavilion 14-MA | HP Pavilion 15-DA | HP Pavilion 15-CS | HP Pavilion 15-DB | HP 240 | HP 245 | HP 250 | HP 255 | HP G7 | HP 340 | HP 348 | HP G5 | HT03XL,OTHHT03XL,830
9844720140578,OvalTech,Bateria Interna (P) 11.4V HP Pavilion 14-CE 14-CF 14-cm 14-CK 14-DF 14-MA 15-DA 15-CS 15-DB 14Q-CS 15-CW 17-by 17-CA HP 240 245 250 255 G7 340 348 G5 HT03XL,Batería,HP Pavilion 14-CE | HP Pavilion 14-CF | HP Pavilion 14-cm | HP Pavilion 14-CK | HP Pavilion 14-DF | HP Pavilion 14-MA | HP Pavilion 15-DA | HP Pavilion 15-CS | HP Pavilion 15-DB | 14Q-CS | 15-CW | 17-by | 17-CA | HP 240 | HP 245 | HP 250 | HP 255 | G7 | 340 | 348 | G5 | HT03XL,EKHHT03XL,410
9844720107810,OvalTech,Bateria Interna (P) 7.7V Acer Aspire A114-31 A314-31 A315-21 A315-51 A515-51 ES1-523 Series AP16M5J,Batería,Acer Aspire A114-31 | Acer Aspire A314-31 | Acer Aspire A315-21 | Acer Aspire A315-51 | Acer Aspire A515-51 | ES1-523 Series,EKRAP16M5J,440
9844720075042,OvalTech,Bateria Interna (P) 15.2V Dell Inspiron 7577 7000 7773 7778 7779 7786 33YDH,Batería,Dell Inspiron 7577 | Dell Inspiron 7000 | Dell Inspiron 7773 | Dell Inspiron 7778 | Dell Inspiron 7779 | Dell Inspiron 7786,EKD33YDH,620
9844720042274,OvalTech,Cargador Adaptador Corriente 65W 19.5V/3.33A (4.5*3.0)  EKO,Adaptador de Corriente,No especificados en el nombre ni en la descripción,EK-L4-65W,140
9844720009506,OvalTech,Bateria 11.4V Dell Inspiron 7586 3583 3493 5482 5485 5481 5593 5491 5591 3310 5594 5585 3582 3584 3593 5493 5480 5598 3793 Vostro 3491 5581 1VX1H YRDD6,Batería,Dell Inspiron 7586 | Dell Inspiron 3583 | Dell Inspiron 3493 | Dell Inspiron 5482 | Dell Inspiron 5485 | Dell Inspiron 5481 | Dell Inspiron 5593 | Dell Inspiron 5491 | Dell Inspiron 5591 | Dell Inspiron 3310 | Dell Inspiron 5594 | Dell Inspiron 5585 | Dell Inspiron 3582 | Dell Inspiron 3584 | Dell Inspiron 3593 | Dell Inspiron 5493 | Dell Inspiron 5480 | Dell Inspiron 5598 | Dell Inspiron 3793 | Vostro 3491 | Vostro 5581 | 1VX1H | YRDD6,EKD1VX1H,500
9844719976738,OvalTech,Teclado (SP) HP EliteBook 745 G5 745 G6 840 G5 846 G5 840 G6 846 G6.ZBook 14u G5 ZBook 14u G6 Backlight / Point Stick (Marco Plata),Teclado,HP EliteBook 745 G5 | HP EliteBook 745 G6 | HP EliteBook 840 G5 | HP EliteBook 846 G5 | HP EliteBook 840 G6 | HP EliteBook 846 G6 | HP ZBook 14u G5 | HP ZBook 14u G6,TEC092B,720
9844719943970,OvalTech,Teclado (SP) HP ProBook 440 G8 445 G8 ZBook Create G7 (Sin Marco),Teclado,HP ProBook 440 G8 | HP ProBook 445 G8 | ZBook Create G7,TEC128,300
9844719911202,OvalTech,Cargador Adaptador Computadora 65W 19.5V/3.33A Punta Azul  OvalTech,Adaptador de corriente,"Portátiles con entrada de 19.5V y 3.33A (65W), con conector OvalTech azul",OTAC-E74-65W,260
9844719878434,OvalTech,Cargador Adaptador Computadora 65W 19.5V/3.34A C/Blister + USB  OvalTech,Adaptador de corriente,No especificados en la descripción,OTAC-E76D,260
9844719845666,OvalTech,Bateria Interna (P) 11.25V 41WH Dell Latitude 3320 3330 3420 3520 Inspiron 3510 3511 G91J0,Batería interna,Latitude 3320 | Latitude 3330 | Latitude 3420 | Latitude 3520 | Inspiron 3510 | Inspiron 3511,EKDG91J0,540
9844719780130,OvalTech,Teclado (SP) DELL Latitude 7400 5400 7410 L3400 3400 BACKLIGHT,Teclado,Dell Latitude 7400 | Dell Latitude 5400 | Dell Latitude 7410 | Dell Latitude L3400 | Dell Latitude 3400,TEC576,470
9844719747362,OvalTech,Teclado (SP) Dell Latitude 5420 5421 5430 5431 5440 7420 7430 7520 7530 Backlight,Teclado,Dell Latitude 5420 | Dell Latitude 5421 | Dell Latitude 5430 | Dell Latitude 5431 | Dell Latitude 5440 | Dell Latitude 7420 | Dell Latitude 7430 | Dell Latitude 7520 | Dell Latitude 7530,TEC138,350
9844719714594,OvalTech,Bateria Interna (P) 11.55V HP Pavilion 15-CC Series 15-CD Series 17-AR Series TF03XL,Batería,HP Pavilion 15-CC Series | HP Pavilion 15-CD Series | HP Pavilion 17-AR Series,OTHTF03XL,660
9844719681826,OvalTech,Bateria Interna (P) 7.4V Lenovo IdeaPad 320-15IAP 320-15IKB 320-17IKB IdeaPad S145-14API S145-14IWL L16C2PB2,Batería,IdeaPad 320-15IAP | IdeaPad 320-15IKB | IdeaPad 320-17IKB | IdeaPad S145-14API | IdeaPad S145-14IWL,OTIL16C2PB2,710
9843272483106,FixOEM:Refaccion Celular,Display Zte V70 Max,Pantalla,Zte V70 Max,3289,270
9841000317218,FixOEM:Refaccion Celular,Lente Camara Oppo A80,Lente Cámara,Oppo A80,3288,50
9841000284450,FixOEM:Refaccion Celular,Lente Camara Xiaomi Redmi 14T Pro,Lente de Cámara,Xiaomi Redmi 14T Pro,3287,60
9841000251682,FixOEM:Refaccion Celular,Lente Camara Xiaomi Redmi 14T,Lente de Cámara,Xiaomi Redmi 14T,3286,60
9841000218914,FixOEM:Refaccion Celular,Lente Camara G05 G15 E15 G35 G85 E14 G54 G75 G55,Lente Cámara,G05 | G15 | E15 | G15 Power,3285,50
9841000186146,FixOEM:Refaccion Celular,Flex Encendido Oppo A38,Flex,Oppo A38,3284,50
9841000153378,FixOEM:Refaccion Celular,Flex Interconexion Z Flip 3,Flex,Galaxy Z Flip 3,3283,200
9841000120610,FixOEM:Refaccion Celular,Charola Sim Vivo V21,Charola SIM,Vivo V21,3282,50
9841000087842,FixOEM:Refaccion Celular,Charola Sim Moto Edge 50 Pro,Charola SIM,Moto Edge 50 Pro,3249,50
9841000055074,FixOEM:Refaccion Celular,Charola Sim Moto E14,Pieza de repuesto,Moto E14,3280,50
9841000022306,FixOEM:Refaccion Celular,Charola Sim Realme Note 50,Charola SIM,Realme Note 50,3279,50
9840999989538,FixOEM:Refaccion Celular,Charola Sim Realme 12 Plus,Charola SIM,Realme 12 Plus,3278,50
9840999924002,FixOEM:Refaccion Celular,Centro Carga Xiaomi Redmi 14T Pro,Centro de carga,Redmi 14T Pro,3277,240
9840999891234,FixOEM:Refaccion Celular,Centro Carga  Xiaomi Redmi 14T,Centro de carga,Xiaomi Redmi 14T,3276,240
9840999858466,FixOEM:Refaccion Celular,Centro Carga  Infinix Hot 30,Centro de Carga,Infinix Hot 30,3275,60
9840999825698,FixOEM:Refaccion Celular,Altavoz Honor X8B,Altavoz,Honor X8B,3274,50
9840999792930,FixOEM:Refaccion Celular,Tapa Trasera Xiaomi Redmi 14T 2406Apnfag / 14T Pro 2407Fpn8Eg,Tapa trasera,Redmi 14T | Redmi 14T Pro,3273,150
9840999760162,FixOEM:Refaccion Celular,Tapa Trasera Realme Note 50 Rmx3834,Tapa Trasera,Realme Note 50,3272,100
9840999727394,FixOEM:Refaccion Celular,Tapa Trasera Google Pixel 7 Pro Ge2Ae Gris,Tapa Trasera,Google Pixel 7 Pro,3271,180
9839984181538,FixOEM:Refaccion Celular,Display Samsung Original Z Fold 3 5G Sm-F926 Sin Marco,Display,Galaxy Z Fold3 5G | SM-F926,SDI166,7330
9839978283298,FixOEM:Refaccion Celular,Display Samsung Original Note 10 N971N Sin Marco,Display,Note 10 | N971N,SDI164,2940
9839960490274,FixOEM:Refaccion Celular,Tapa Trasera Samsung Original A03 A035M,Tapa Trasera,Samsung Galaxy A03 (A03),STA038,110
9839947415842,FixOEM:Refaccion Celular,Tapa Trasera Samsung Original A12 A125M Rojo,Tapa Trasera,Samsung Galaxy A12,STA020,240
9373580034338,FixOEM:Refaccion Celular+ Micro Electrónica,Display Xiaomi Poco X5 Pro 22101320G Ips,,,1160,195
9373579641122,FixOEM:Refaccion Celular+ Micro Electrónica,Display Samsung A31 A315 Oled,,,1156,700
9131133600034,FixOEM:Refaccion Celular+ Micro Electrónica,Bateria Lg K50S / K51 Bl-T45,,,6262,160
8041584296226,FixOEM:Refacción Celular+Gaming,Soldadura Estaño N83 25gr. 0.8mm X 3mts,,,9946,100
6723922001995,FixOEM:Refacción Celular+Gaming,Ocular Microscopio Relife 1Pz,,,11040,400
6720173998155,TCL Compatible,Display Tcl 20E 6125F / 20Y Ips,,,10998,190
6656618365003,FixOEM: Refaccionaria Celular,Display Hisense F10 HS-F10 IPS,,,10303,130
6652275884107,QUICK,Estación Soldadura Cautin Sugon T36 110v.,,,10506,4290
6578851545163,Samsung Compatible,Display Samsung Note 10 Plus IPS  Marco Sm-N975,,,2178,765
9838835106082,FixOEM:Refaccion Celular,Bisel Honor X8B / X8C / Honor 200 lite,Marco Modelos Compatibles:,Honor X8B,3267,230
9836079087906,2UUL,Cable Pulpo Alimentador 2Uul Pw09 Ip 12 - 16 Pro Max,"Flex Modelos Compatibles (if applicable): - Pw09 - IP 12-16 More (if applicable): - Tipo: Cable alimentador (flex) - N° de pieza: Pw09 - Notas: Compatibilidad indicada como IP 12-16 según el nombre del producto GARANTÍA  La garantía tiene vigencia de hasta 5 días después de recibir el producto. Es requisito indispensable que antes de instalar la pieza, realice una prueba con el equipo abierto, para determinar el correcto funcionamiento de ésta, sin levantar micas o sellos.",,3265,580
9836077154594,2UUL,Tapete Mat Sujetador Almohadilla Soldadura Silicon 2Uul Bh15,"Herramienta Modelos Compatibles (if applicable): N/A More (if applicable): - Tipo: Almohadilla de silicona para soldadura - Material: Silicona - Propósito: Protección de superficies y soporte durante trabajos de soldadura - Números de modelo/partes: 2Uul, Bh15 - Notas: Resistente al calor (silicona)",,3264,90
9833465053474,FixOEM:Refaccion Celular,Bisel Oppo A80,Display,- Oppo A80 | More: | - Tipo: Bisel para marco de pantalla | -,3261,100
9832211022114,FixOEM:Refaccion Celular,Display Cubot King Kong 5 5G,Display,- Cubot King Kong 5 5G | More: | -,3260,370
9823154307362,FixOEM:Refaccion Celular,Display Tcl 20 Se T761H IPS,,,3241,210
9821847814434,FixOEM:Refaccion Celular,Display Vivo V27E V2237 IPS,,,3259,175
9821847748898,FixOEM:Refaccion Celular,Display Vivo V27 V2231  IPS,,,3250,330
9821847617826,FixOEM:Refaccion Celular,Display Xiaomi Redmi Note 14 Pro / Note 13 Pro Plus IPS,,,3214,250
9821847585058,FixOEM:Refaccion Celular,Display Realme C31 RMX3501 IPS,,,3205,155
9821847552290,FixOEM:Refaccion Celular,Display Oppo A5 Pro CPH2711 CPH2695 IPS,,,3196,165
9821847486754,FixOEM:Refaccion Celular,Display Infinix Note 50X X6857 IPS,,,3187,155
9821847453986,FixOEM:Refaccion Celular,Display Infinix Note 50 Pro IPS,,,3178,680
9821847322914,FixOEM:Refaccion Celular,Display Infinix Hot 50 5G / Hot 50I/ Smart 9 IPS,,,3162,180
9821847290146,FixOEM:Refaccion Celular,Display Infinix Hot 50 5g/ Hot 50i/ Hot 60i/ Hot 60 5g/ Note 50 X/ Smart 9/ Smart 9 hd/ Tecno spark go/ Spark Go 1s/ Spark go 2/ Spark 30c/ Spark 30 5g/ Spark 40/ Spark 40 5g/ Pova 6 Neo/ Pop 9/ Pop 10 Pro IPS,,,3150,160
9821847224610,FixOEM:Refaccion Celular,Display Infinix Hot 30 Pro IPS,,,3133,185
9821847093538,FixOEM:Refaccion Celular,Display Google Pixel 8 Pro OLED,,,3120,850
9821847028002,FixOEM:Refaccion Celular,Display Google Pixel 7,,,3110,830
9821846962466,FixOEM:Refaccion Celular,Display Cubot X50 IPS,,,3107,430
9821846896930,FixOEM:Refaccion Celular,Display Cubot Max 5 IPS,,,3103,310
9821846733090,FixOEM:Refaccion Celular,Display Vivo V50 Lite 4G / 5G IPS,,,3097,260
9821846667554,FixOEM:Refaccion Celular,Display Realme GT 6 RMX3851 OLED,,,3096,905
9821846634786,FixOEM:Refaccion Celular,Display Oppo Reno 13F Ips CPH2699,,,3095,175
9821846569250,FixOEM:Refaccion Celular,Display Infinix Hot 30 Play X6835 IPS,,,3094,165
9821846536482,FixOEM:Refaccion Celular,Display Cubot X70 IPS,,,3092,260
9820003696930,FixOEM:Refaccion Celular,Display Zte Nubia Neo 2 / Nubia Focus Pro 5G IPS,,,3091,240
9820003467554,FixOEM:Refaccion Celular,Display Zte Axon 70 Lite / V70 / V70 Design / V70 Vita / V70 Smart / Nubia Music 2  IPS,,,3089,175
9820003369250,FixOEM:Refaccion Celular,Display Vivo V23E IPS,,,3088,190
9820003270946,FixOEM:Refaccion Celular,Display Vivo V21E 4G / Y73 V2061  IPS,,,3087,190
9820003205410,FixOEM:Refaccion Celular,Display Vivo S17 5G / S17 Pro 5G / S17T 5G IPS,,,3086,330
9820003107106,FixOEM:Refaccion Celular,Display Realme 14 Pro Plus RMX5055 Ips,,,3083,305
9820003041570,FixOEM:Refaccion Celular,Display Oppo Find X5 Pro CPH2305 IPS,,,3081,330
9820002976034,FixOEM:Refaccion Celular,Display Oppo A91 / A73 / F15 / K7 / RENO 3 5G IPS,,,3079,190
9819366818082,FixOEM:Refaccion Celular,Lente Camara Google Pixel 8,,,3078,60
9819366654242,FixOEM:Refaccion Celular,Lente Camara Google Pixel 7,,,3077,60
9817548226850,FixOEM:Refaccion Celular,Bateria Samsung Original Wacht 5 Pro Eb-Br900Aby Eb,,,SBA079,320
9817545933090,FixOEM:Refaccion Celular,Bateria Samsung Original Z Fold 5 Eb-Bf947Aby,,,SBA077,610
9817542525218,FixOEM:Refaccion Celular,Bateria Samsung Original Tab S9 Ultra Eb-Bx916Aby,,,SBA076,610
9814886809890,2UUL,Lamina Bobina Rayos X 2Uul Mt11,,,3070,90
9814886777122,2UUL,Malla Desoldar 2Uul Dw15 Vampire 1 rollo,,,3069,50
9814886744354,2UUL,Repuesto Barra Soldadura Reballing Fpc 2Uul Sc96 5Pz,,,3068,70
9814886711586,2UUL,Toallas Removedor OCA Humedas Fa01 2Uul 50pz,,,3067,220
9814886678818,2UUL,Pegamento Secado Rapido Para Pistola 30Ml 2Uul Gl02 / GI01,,,3066,120
9814886580514,2UUL,Pinzetas Tweezers 3D-X 2Uul Tw02,,,3064,130
9814886547746,2UUL,Pinzetas Tweezer 3D 2Uul Tw01,,,3063,120
9814886514978,2UUL,Desarmador  Destornillador Dinanometrico Control Torque Kaka Sd20 2Uul 3pz,,,3062,970
9812579057954,FixOEM:Refaccion Celular,Tapa Trasera Zte Axon 70 Nx821j,,,3035,140
9812578468130,FixOEM:Refaccion Celular,Tapa Trasera Moto G75 /G Power 2025 Xt2285‑1,,,3028,90
9812561232162,FixOEM:Refaccion Celular,Bateria Poco X6 Pro / Xiaomi 13T / Redmi Note 13 Pro 4G / Poco F6 Pro Bm5T,,,3061,250
9812561199394,FixOEM:Refaccion Celular,Bateria Oppo Reno 12F Blpa79,,,3060,190
9812561166626,FixOEM:Refaccion Celular,Bateria Moto G54 / G24 Power Pc60,,,3059,190
9812561133858,FixOEM:Refaccion Celular,Bateria Moto Edge 30 Fusion / Edge 40 Np44,,,3058,220
9812561101090,FixOEM:Refaccion Celular,Bateria Honor X5 Plus / Honor 40 Lite Hb466594Egw,,,3057,180
9812561035554,FixOEM:Refaccion Celular,Bateria Google Pixel 7A GP5JE,,,3056,170
9812560970018,FixOEM:Refaccion Celular,Bateria Google Pixel 6 Pro G63QN,,,3055,160
9812560904482,FixOEM:Refaccion Celular,Display Xiaomi Redmi A5,,,3052,210
9812560871714,FixOEM:Refaccion Celular,Display Xiaomi Poco X3 Gt / Xiaomi Redmi Note 10 Pro 5G,,,3051,190
9812560838946,FixOEM:Refaccion Celular,Display Realme C75 RMX3941,,,3049,170
9812560806178,FixOEM:Refaccion Celular,Display Oppo A3S / A2 / A3 / A5,,,3048,160
9812560773410,FixOEM:Refaccion Celular,Display Samsung S25 Plus Oled Sm-S936,,,3047,2300
9812560740642,FixOEM:Refaccion Celular,Display Moto G75 / G Power 2025,,,3046,190
9812560707874,FixOEM:Refaccion Celular,Display Moto Edge 50 Ultra Oled,,,3045,1460
9810598002978,FixOEM:Refaccion Celular,Display Moto G05 / E15 / G15 / G15 Power,,,3044,175
9810330976546,FixOEM:Refaccion Celular,Display Lg K51S Lmk510Emw Ips,,,9023,180
9806981595426,FixOEM:Refaccion Celular,Tapa Trasera Zte Axon 70 Lite / V70 / V70 Design / V70 Vita / V70 Smart / Nubia Music 2,,,3043,140
9806981562658,FixOEM:Refaccion Celular,Tapa Trasera Xiaomi Redmi A5 24083Rn2Pg,,,3041,130
9806981529890,FixOEM:Refaccion Celular,Tapa Trasera Xiaomi Poco X6 Pro 24014PC15G,,,3040,120
9806981464354,FixOEM:Refaccion Celular,Tapa Trasera Vivo V50 Lite V2056,,,3038,150
9806981431586,FixOEM:Refaccion Celular,Tapa Trasera Vivo V23E V2054,,,3037,150
9806981300514,FixOEM:Refaccion Celular,Tapa Trasera Vivo V25 5G V2220,,,3034,150
9806981234978,FixOEM:Refaccion Celular,Tapa Trasera Oppo Reno 12F Cph2477,,,3033,130
9806981169442,FixOEM:Refaccion Celular,Tapa Trasera Moto G04S Xt1962‑5 Gris,,,3032,70
9806981136674,FixOEM:Refaccion Celular,Tapa Trasera Infinix Hot 50I X6813,,,3031,90
9806981103906,FixOEM:Refaccion Celular,Tapa Trasera Honor X5 Plus Hry‑L21,,,3030,130
9806981071138,FixOEM:Refaccion Celular,Tapa Trasera Oppo A40 Cph2361,,,3029,110
9806981038370,FixOEM:Refaccion Celular,Tapa Trasera Moto G45 Xt2231‑1,,,3027,90
9806981005602,FixOEM:Refaccion Celular,Tapa Trasera Infinix Note 40X 5G X690C,,,3026,90
9806980907298,FixOEM:Refaccion Celular,Tapa Trasera Honor X7C Fxw‑Lx3,,,3025,150
9806980841762,FixOEM:Refaccion Celular,Tapa Trasera Honor 200 Pro Elp‑An00,,,3024,140
9806980808994,FixOEM:Refaccion Celular,Marco Oppo A40,,,3023,130
9806980743458,FixOEM:Refaccion Celular,Tapa Trasera Xiaomi Poco X3 Gt21061110AG / Xiaomi Redmi Note 10 Pro 5G,,,3020,180
9806980710690,FixOEM:Refaccion Celular,Tapa Trasera Vivo Y19S V2419,,,3018,110
9806980677922,FixOEM:Refaccion Celular,Tapa Trasera Vivo V27E V2151,,,3017,150
9806980612386,FixOEM:Refaccion Celular,Tapa Trasera Vivo V27 / V27 Pro,,,3015,150
9806980579618,FixOEM:Refaccion Celular,Tapa Trasera Vivo V21E 4G / Y73 V2061,,,3014,140
9806980514082,FixOEM:Refaccion Celular,Tapa Trasera Vivo S17 5G / S17 Pro 5G / S17T 5G,,,3013,110
9806980481314,FixOEM:Refaccion Celular,Tapa Trasera Xiaomi Redmi Note 14 5G,,,3012,140
9806980448546,FixOEM:Refaccion Celular,Tapa Trasera Xiaomi Mi 13 Lite 2210129sg,,,3011,130
9806980415778,FixOEM:Refaccion Celular,Tapa Trasera Moto G75 / G Power 2025,,,3010,90
9806980350242,FixOEM:Refaccion Celular,Tapa Trasera Oppo Reno 13F CPH2699,,,3009,120
9806980317474,FixOEM:Refaccion Celular,Tapa Trasera Google Pixel 8 Pro,,,3008,190
9806980251938,FixOEM:Refaccion Celular,Tapa Trasera Google Pixel 7,,,3007,180
9806980219170,FixOEM:Refaccion Celular,Glass Iphone 16,,,3006,70
9806980186402,FixOEM:Refaccion Celular,Tapa Trasera Samsung S25 Ultra Negro,,,3005,120
9806980153634,FixOEM:Refaccion Celular,Tapa Trasera Samsung S21 Fe,,,3004,80
9806980120866,FixOEM:Refaccion Celular,Tapa Trasera Samsung A36 A366,,,3003,80
9806980088098,FixOEM:Refaccion Celular,Tapa Trasera Samsung A56 A566,,,3002,80
9806980022562,FixOEM:Refaccion Celular,Tapa Trasera Samsung M35 M356,,,3001,90
9806979891490,FixOEM:Refaccion Celular,Tapa Trasera Samsung A26 A266,,,2997,90
9806979825954,FixOEM:Refaccion Celular,Tapa Trasera Samsung A21 A215,,,2996,90
9806979760418,FixOEM:Refaccion Celular,Tapa Trasera Iphone 16 Pro Max,,,2992,100
9806979662114,FixOEM:Refaccion Celular,Tapa Trasera Iphone 14 Plus Negro Big Hole,,,2991,60
9806979629346,FixOEM:Refaccion Celular,Lente Camara Xiaomi Redmi 12C,,,2990,50
9806979563810,FixOEM:Refaccion Celular,Lente Camara Xiaomi Mi 13 Lite,,,2989,60
9806979531042,FixOEM:Refaccion Celular,Lente Camara Samsung A56 A556,,,2988,60
9806979498274,FixOEM:Refaccion Celular,Lente Camara Realme C15 / C12,,,2985,60
9806979465506,FixOEM:Refaccion Celular,Lente Camara Oppo Reno 12F,,,2984,50
9806979399970,FixOEM:Refaccion Celular,Lente Camara Oppo A60,,,2983,50
9806979334434,FixOEM:Refaccion Celular,Lente Camara Moto G75 / G Power 2025,,,2982,50
9806979203362,FixOEM:Refaccion Celular,Lente Camara Moto G45,,,2981,60
9806979137826,FixOEM:Refaccion Celular,Flex Interconexion Samsung A16 A166,,,2980,50
9806979039522,FixOEM:Refaccion Celular,Flex Interconexion Moto G72,,,2979,80
9806978973986,FixOEM:Refaccion Celular,Flex Huella Xiaomi Redmi 14C / Poco C75,,,2978,130
9806978941218,FixOEM:Refaccion Celular,Flex Huella Samsung A03S A037,,,2977,130
9806978908450,FixOEM:Refaccion Celular,Flex Encendido + Huella Oppo A40,,,2976,110
9806978875682,FixOEM:Refaccion Celular,Flex Encendido Realme C11 2020 / C12 / C15 / C25 / C25S,,,2975,50
9806978810146,FixOEM:Refaccion Celular,Flex Encendido Moto G04 / G04S / E14,,,2974,50
9806978777378,FixOEM:Refaccion Celular,Flex Interconexion Samsung S21 G991 (LCD),,,2973,80
9806978744610,FixOEM:Refaccion Celular,Charola Sim Samsung S24 Fe,,,2972,50
9806978711842,FixOEM:Refaccion Celular,Charola Sim Samsung A56 A556,,,2971,50
9806978646306,FixOEM:Refaccion Celular,Charola Sim Realme C15 / A15 / A12,,,2970,50
9806978580770,FixOEM:Refaccion Celular,Charola Sim Realme 10 Pro,,,2969,50
9806978548002,FixOEM:Refaccion Celular,Charola Sim Oppo A40 / A80,,,2968,50
9806978515234,FixOEM:Refaccion Celular,Charola Sim Moto G85 XT2427,,,2967,50
9806978449698,FixOEM:Refaccion Celular,Charola Sim Axon 60 Lite,,,2966,50
9806978384162,FixOEM:Refaccion Celular,Centro Carga Zte A72,,,2965,120
9806978351394,FixOEM:Refaccion Celular,Centro Carga Xiaomi Redmi Note 14 4G 24117RN76G,,,2964,130
9806978318626,FixOEM:Refaccion Celular,Centro Carga Xiaomi Redmi Note 14 5G 24094RAD4G,,,2963,130
9806978285858,FixOEM:Refaccion Celular,Centro Carga Xiaomi Redmi A5 24028RN03G,,,2962,70
9806978220322,FixOEM:Refaccion Celular,Centro Carga Xiaomi Poco X3 Gt 21061110AG,,,261,390
9806978154786,FixOEM:Refaccion Celular,Centro Carga Xiaomi Mi 10T Lite,,,2960,100
9806978122018,FixOEM:Refaccion Celular,Centro Carga Xiaomi Mi 13 Lite,,,2959,120
9806978089250,FixOEM:Refaccion Celular,Centro Carga Vivo V27E / v25e,,,2958,290
9806978023714,FixOEM:Refaccion Celular,Centro Carga Vivo V27,,,2957,320
9806977958178,FixOEM:Refaccion Celular,Centro Carga Vivo V23E,,,2956,290
9806977925410,FixOEM:Refaccion Celular,Centro Carga Vivo V21E 4G / Y73 V2061,,,2955,240
9806977892642,FixOEM:Refaccion Celular,Centro Carga Vivo S17 5G / S17 Pro 5G / S17T 5G,,,2954,250
9806977827106,FixOEM:Refaccion Celular,Centro Carga Samsung Tab A9 Plus x210,,,2953,140
9806977794338,FixOEM:Refaccion Celular,Centro Carga Samsung A56,,,2952,220
9806977761570,FixOEM:Refaccion Celular,Centro Carga Samsung A36 A366,,,2951,520
9806977728802,FixOEM:Refaccion Celular,Centro Carga Samsung M35 m356,,,2950,110
9806977597730,FixOEM:Refaccion Celular,Centro Carga Samsung A26 a266,,,2947,60
9806977532194,FixOEM:Refaccion Celular,Centro Carga Samsung S25 Ultra,,,2946,680
9806977499426,FixOEM:Refaccion Celular,Centro Carga Realme C63,,,2945,100
9806977466658,FixOEM:Refaccion Celular,Centro Carga Realme C61,,,2944,60
9806977368354,FixOEM:Refaccion Celular,Centro Carga Oppo Reno 13F,,,2942,350
9806977270050,FixOEM:Refaccion Celular,Centro Carga Oppo Reno 12F,,,2941,220
9806977171746,FixOEM:Refaccion Celular,Centro Carga Oppo A40 / Realme 10 Pro 5G,,,2940,80
9806977138978,FixOEM:Refaccion Celular,Centro Carga Moto G75 / G Power 2025,,,2939,150
9806977106210,FixOEM:Refaccion Celular,Centro Carga Moto G45,,,2938,110
9806977007906,FixOEM:Refaccion Celular,Centro Carga Moto G05 / Moto G15 / Moto G15 Power,,,2937,70
9806976778530,FixOEM:Refaccion Celular,Centro Carga  Moto Edge 50 Pro,,,2936,180
9806976516386,FixOEM:Refaccion Celular,Centro Carga Infinix Note 40X,,,2935,100
9806976385314,FixOEM:Refaccion Celular,Centro Carga Infinix Hot 50I X6531,,,2934,100
9806976352546,FixOEM:Refaccion Celular,Centro Carga Honor X7C,,,2933,100
9806976319778,FixOEM:Refaccion Celular,Centro Carga Honor 200 Pro,,,2932,150
9806975140130,FixOEM:Refaccion Celular,Camara Trasera Samsung S23,,,2931,50
9806432829730,FixOEM:Refaccion Celular,Charola Sim Oppo A78 4G Negro,,,2930,50
9805214843170,FixOEM:Refaccion Celular,Display Samsung A56 Sm-A566 / A36 Sm-A366 Ips,,,2929,205
9805214122274,FixOEM:Refaccion Celular,Display Samsung A26 Sm-A266,,,2928,195
9805212549410,FixOEM:Refaccion Celular,Display Samsung Tab S8 Ultra X900,,,2927,7460
9805212188962,FixOEM:Refaccion Celular,Display Samsung Tab S5E 10.5 T720 T725,,,2926,3660
9805211795746,FixOEM:Refaccion Celular,Display Lenovo Tab P11 Pro,,,2925,2420
9800680407330,FixOEM:Refaccion Celular,Cargador Completo Turbo 22.5W Ch22A1 G-Tide,,,2924,99
9800050245922,FixOEM:Refaccion Celular,Marco Oppo A80 5G,,,2922,140
9800049459490,FixOEM:Refaccion Celular,Marco Oppo A54.,,,2921,100
9800048410914,FixOEM:Refaccion Celular,Bisel Oppo A40,,,2920,70
9799034732834,FixOEM:Refaccion Celular,Centro Carga Honor X9C Smart 5G,,,2919,140
9799009108258,FixOEM:Refaccion Celular,Flex Bisagra Eje Giratorio Samsung Z Fold 6 F956,,,2918,210
9799008289058,FixOEM:Refaccion Celular,Flex Bisagra Eje Giratorio Samsung Z Fold 5 F946,,,2917,210
9799007437090,FixOEM:Refaccion Celular,Flex Bisagra Eje Giratorio Samsung Z Fold 4 F936 / F4,,,2916,220
9799006388514,FixOEM:Refaccion Celular,Flex Bisagra Eje Giratorio Samsung Z Flip 5 F731,,,2914,220
9794075132194,FixOEM:Refaccion Celular,Flex encendido + Volumen Vivo Y35 2015,,,2912,60
9793694138658,2UUL,Fuente Activador Multicargador 2Uul Pc01 Power Max 200W,,,2911,1210
9793690009890,2UUL,Bisturi Raspador Espatula Navaja 2Uul Da19,,,2910,140
9793688011042,2UUL,Cuchilla Removedor Pegamento 2Uul Da28 5Pz,,,2909,60
9793686896930,2UUL,Malla Desoldar 2Uul Dw21 2020,,,2908,100
9793685848354,2UUL,Soldadura Estaño 2Uul Sc31 183C 100M 50G,,,2907,70
9793681064226,2UUL,Bisturi Raspador Espatula Navaja 2Uul Repuesto 4pz,,,2903,140
9791355224354,FixOEM:Refaccion Celular,Flex Interconexion Oppo A15 Cph2185,,,2901,60
9791354634530,FixOEM:Refaccion Celular,Flex Interconexion Moto Edge 50 Fusion Xt2429,,,2899,90
9788097757474,2UUL,Escobilla Brocha Cepillo Doble Cabezal 2UUL CL11,,,110,100
9771274076450,FixOEM:Refaccion Celular,Charola Sim Oppo A95 Cph2365 Azul,,,2892,50
9771269816610,FixOEM:Refaccion Celular,Charola Sim Oppo A80 Cph2639 Violeta,,,2890,50
9771262181666,FixOEM:Refaccion Celular,Charola Sim Oppo A60 Cph3669,,,2887,50
9771261329698,FixOEM:Refaccion Celular,Charola Sim Oppo Reno 12 5G Cph2625,,,2886,30
9771259035938,FixOEM:Refaccion Celular,Charola Sim Oppo A3 4G Cph2669,,,2885,50
9769726607650,FixOEM:Refaccion Celular,Display Samsung Original Z Flip 5 Sm-F731B Exterior,,,SDI155,1980
9766431686946,FixOEM:Refaccion Celular,Centro Carga Moto G30 P550ae,,,2882,60
9766352060706,FixOEM:Refaccion Celular,Display Samsung A32 5G Sm-A326 Ips,,,680,175
9763924803874,FixOEM:Refaccion Celular,Carcasa Iphone 15 A3089 Esim Negro,,,2879,730
9763922444578,FixOEM:Refaccion Celular,Display Moto Razr 50 / Razr 50 Ultra XT2451-3,,,2878,2660
9763921854754,FixOEM:Refaccion Celular,Lente Camara Realme C53 RMX3760,,,2877,60
9763921690914,FixOEM:Refaccion Celular,Charola Sim Samsung A16 A166M,,,2876,50
9763921330466,FixOEM:Refaccion Celular,Centro Carga Samsung A16 A166M,,,2875,60
9763921133858,FixOEM:Refaccion Celular,Centro Carga Oneplus Nord N10 BE2029,,,2874,110
9763913367842,FixOEM:Refaccion Celular,Tapa Trasera Honor Magic 6 Pro,,,2873,220
9763913171234,FixOEM:Refaccion Celular,Tapa Trasera Honor 200 ELI-NX9,,,2871,140
9763913138466,FixOEM:Refaccion Celular,Tapa Trasera Samsung A13 4G SM-A135M Azul,,,2870,70
9763912450338,FixOEM:Refaccion Celular,Tapa Trasera Samsung A16 5G A166M,,,2868,70
9763911926050,FixOEM:Refaccion Celular,Tapa Trasera Samsung A06 SM-A065M Azul,,,2866,110
9763911663906,FixOEM:Refaccion Celular,Tapa Trasera Xiaomi Mi 10T Lite M2007J17G Negro,,,2865,100
9763911467298,FixOEM:Refaccion Celular,Tapa Trasera Moto G 5G XT2417 Negro,,,2864,70
9763910517026,FixOEM:Refaccion Celular,Tapa Trasera Xiaomi Poco C65 2310FPCA4G Negro,,,2863,140
9763910025506,FixOEM:Refaccion Celular,Tapa Trasera Zte A54 P963F64 Negro,,,2860,120
9763909730594,FixOEM:Refaccion Celular,Tapa Trasera Vivo V30 Lite 4G,,,2859,120
9763909599522,FixOEM:Refaccion Celular,Tapa Trasera Realme C51 RMX3830 Negro,,,2857,100
9763909271842,FixOEM:Refaccion Celular,Tapa Trasera Oppo Reno 5Z CPH2211 128 Negro,,,2856,80
9763908911394,FixOEM:Refaccion Celular,Tapa Trasera Moto Edge 50 Fusion XT2429-1 Verde,,,2855,180
9763908321570,FixOEM:Refaccion Celular,Tapa Trasera Infinix Note 40 Pro X6851 Dorado,,,2854,180
9763907961122,FixOEM:Refaccion Celular,Tapa Trasera Infinix Note 40 X6853 Negro,,,2853,180
9763907797282,FixOEM:Refaccion Celular,Tapa Trasera Infinix Note 30 Pro X678B Negro,,,2852,220
9763907240226,FixOEM:Refaccion Celular,Tapa Trasera Infinix Note 30 X6833b,,,2851,180
9763351265570,2UUL,Flux Desoldador Desechable 2Uul Sc97 15Ml,,,2850,70
9763346383138,2UUL,Mascara Uv Superdry 2Uul Sc55 10Cc,,,2849,50
9763339698466,2UUL,Mascara Uv Verde 2Uul Sc53 Pcb,,,2848,50
9763321970978,2UUL,Pasta Limpieza Desoxidante 2Uul Sc15 15Ml,,,2847,100
9763318006050,2UUL,Flux Pasta 2Uul Sc14 10Cc,,,2846,50
9763315188002,2UUL,Flux Pasta Ecoflux 2Uul Sc11 10Cc,,,2845,70
9763312763170,2UUL,Pasta Termica Enfriamiento 2Uul Sc10,,,2844,80
9763309420834,2UUL,Soporte Holder Pcb 2Uul Bh30,,,2843,360
9763302441250,2UUL,Peineta Conector Bateria Fpc 2Uul Bt03 Iphone 6-16Pm,,,2842,240
9763299950882,2UUL,Probador Tester Dock Detector Puerto Escaneo Automatico 2Uul Pw31,,,2841,350
9763297067298,2UUL,Tester Probador Tipo C  USB 2Uul Pw21,,,2840,170
9763294282018,2UUL,Mototool Dremel Rectificadora Pulidor 2Uul Da84 Pro,,,2839,450
9763292053794,2UUL,Repuesto Broche Peineta Bateria Android 2Uul Pw06 19 En 1 Android,,,2838,240
9763284812066,2UUL,Pinzetas Ceramica Punta Plana 2Uul TW32,,,2837,90
9760129351970,FixOEM Herramientas,Maquina Cortadora Hidrogel CNC FixOEM Millionaire,,,2893,10000
9759247302946,2UUL,Cable Pulpo Alimentador 2UUL PW04 16 en 1,,,2769,450
9759135400226,2UUL,Cable Pulpo Alimentador 2UUL PW01 IP 7-16PM,,,2767,260
9759099879714,RELIFE,Punta Cautin Relife T12,,,2380,90
9756892201250,FixOEM:Refaccion Celular,Display Samsung Original C/Marco A03 / A03S A035,,,SDI003,720
9756737765666,JCID,Molde Placa Calentadora JCID Iphone X-11 Pro Max 10,,,2811,250
9756730818850,Ma Ant,Pistola Ventilador Soplador Aspirador Multifuncional Bf1 Ma Ant,,,2810,740
9756724166946,FixOEM:Refaccion Celular,Tarjeta Wellsim Pro RSIM Iphone,,,2809,100
9756227764514,FixOEM:Refaccion Celular,Bateria Samsung Tab S2 9.7. T810 T817 T813 T8175 EB-BT810ABE,,,2829,220
9756227633442,FixOEM:Refaccion Celular,Bateria Samsung A06 A065 HQ-7160SS,,,2828,160
9756227141922,FixOEM:Refaccion Celular,Bateria Infinix Note 30 BL-49TX,,,2827,170
9756225929506,FixOEM:Refaccion Celular,Bateria Samsung A16 / A16 4G / A26 A166 EB-BA166ABE,,,2826,160
9756224979234,FixOEM:Refaccion Celular,Bateria Google Pixel 7 G949-00338-01 GZE8U,,,2825,170
9756224520482,FixOEM:Refaccion Celular,Bateria Samsung A05S A057 SLC-51,,,2824,160
9756224291106,FixOEM:Refaccion Celular,Bateria Infinix Note 30 Pro BL-49PX,,,2823,190
9756204859682,FixOEM:Refaccion Celular,Bateria Zte Axon 60 Lite BL-49S-976546,,,2820,200
9756204532002,FixOEM:Refaccion Celular,Bateria Realme 10 4G Rmx3630 Blp957,,,2819,190
9756203647266,FixOEM:Refaccion Celular,Batería Xiaomi Redmi Note 13 Pro 5G BM5V,,,2817,220
9756203319586,FixOEM:Refaccion Celular,Bateria Infinix Note 40 Pro BL-49VX,,,2815,190
9756203024674,FixOEM:Refaccion Celular,Bateria Infinix Note 40 BL-49XX,,,2814,200
9756202795298,FixOEM:Refaccion Celular,Bateria Google Pixel 6A GLU7G,,,2813,190
9756202172706,FixOEM:Refaccion Celular,Marco Moto Edge 50 Fusion Xt2429,,,3021,270
9756201615650,FixOEM:Refaccion Celular,Charola Sim Oppo Reno 11F,,,2807,50
9753040257314,FixOEM:Refaccion Celular,Display Samsung Original A05 Sm-A055,,,SDI055,620
9753039995170,FixOEM:Refaccion Celular,Display Samsung Original Z Flip 6 Sm-F741U Exterior,,,SDI084,1870
9751266525474,FixOEM:Refaccion Celular,Bateria Huawei Original Pura 70 Ultra Hb536979Ehw-11,,,HBA070,670
9751264854306,FixOEM:Refaccion Celular,Bateria Huawei Original Pura 70  Hb496980Ehw-11,,,HBA067,670
9751264362786,FixOEM:Refaccion Celular,Bateria Huawei Original Wacht Ultimate,,,HBA066,1160
9751264067874,FixOEM:Refaccion Celular,Bateria Huawei Original Pura 70 Pro Hb526979Ehw-11,,,HBA065,670
9751263478050,FixOEM:Refaccion Celular,Bateria Huawei Original Matebook X Pro Hb5489P9Egw-31A,,,HBA064,1350
9751263084834,FixOEM:Refaccion Celular,Bateria Huawei Original Matepad Air Dby2-W00 Dby2-W00 Hb30H1A3Egw,,,HBA063,890
9748810301730,FixOEM:Refaccion Celular,Display Oneplus 8 Pro IPS,,,2805,245
9748809974050,FixOEM:Refaccion Celular,Display Xiaomi Poco X7 Pro 5G 2412DPC0AG IPS,,,2804,500
9748809646370,FixOEM:Refaccion Celular,DISPLAY VIVO Y23 Pro / Y25 / Y27 4G 5G / Y27S / Y28 / Y28E / Y28S / Y3 4Gb,,,2803,190
9748808794402,FixOEM:Refaccion Celular,Display Oppo A97 5G / Realme Narzo 50 5G / V23 4G IPS,,,2801,210
9748807844130,FixOEM:Refaccion Celular,Display Xiaomi Mi 14 Pro OLED,,,2799,2840
9748807352610,FixOEM:Refaccion Celular,Display Axon 40 Pro OLED,,,2798,1000
9748806730018,FixOEM:Refaccion Celular,Display Cubot King Kong 8 Version F653359VA IPS,,,2797,215
9748806172962,FixOEM:Refaccion Celular,Display Tcl 40 Se T610K IPS,,,2796,190
9748805714210,FixOEM:Refaccion Celular,Display Tcl 40 IPS,,,2795,300
9748804665634,FixOEM:Refaccion Celular,Display Infinix Note 40 4G / Gt 20 pro 5G X6871 / Camon 30 pro 5G / Hot 50 pro plus / Spark 20 pro plus / Zero 40 4G IPS,,,2793,205
9745897980194,FixOEM:Refaccion Celular,Tapa Trasera Samsung Original Tab Active 4 Pro Negro,,,STA050,130
9742588903714,RF4 MEXICO,Removedor Pegamento Bisturi Cepillo Brocha Rf4 Rf-Kb11,,,2789,350
9742585200930,RF4 MEXICO,Microscopio Trinocular + Monitor Rf4 Rf-7050Tvd2 Ys010W (7X-50X),,,2786,11230
9742582448418,RF4 MEXICO,Microscopio Trinocular Rf4 Rf7050Tv (7X-50X),,,2785,6290
9742579892514,FixOEM:Refaccion Celular,Holder Sujetador Reparacion Placa Base Relife Laptop Rl-605 Pro,,,2784,1390
9742574551330,2UUL,Lampara Microscopio Polarizada 2Uul Ms97,,,2783,370
9742574190882,2UUL,Flux 001 Pcb 10Cc 2Uul Sc17,,,2782,80
9742573633826,2UUL,Hilo Jumper Ultrafino 2Uul FX-002S 0.1X100M,,,2781,90
9742573273378,2UUL,Soporte Navaja Barra Soldadura Reballing Fpc 2Uul Sc98,,,2780,150
9742571700514,2UUL,Pasta Estaño Soldadura Black Skull 148° 2Uul,,,2778,190
9742569537826,2UUL,Pasta Estaño Soldadura Red Skull 2Uul,,,2775,120
9742569013538,2UUL,Soldadura Estaño Bateria 2Uul Sc39 0.8Mm X 3M,,,2774,90
9742563639586,2UUL,Pistola Pegamento 2Uul Sc06 Tubo 30Ml,,,2773,90
9742563377442,2UUL,Base Tapete Plataforma Reballing Marco Medio 2Uul Bh11,,,2772,180
9742563115298,2UUL,Holder Soporte Placa 2Uul Bh03 Jig,,,2771,500
9742562459938,2UUL,Placa Prueba Rapida Dual Sim 2Uul Sm01,,,2770,100
9742559674658,2UUL,Cable Pulpo Alimentador 2UUL PW02 iOS / Android,,,2768,540
9742558593314,2UUL,Bisturi Raspador Espatula Navaja 2Uul 3pz,,,2765,50
9742557839650,2UUL,Pinza Corte 2Uul Da83,,,2764,80
9742557446434,2UUL,Repuesto Puntas Pulidor Dremel 2Uul Da82 10Pz,,,2763,50
9742556954914,2UUL,Bisturi Raspador Espatula Navaja 2Uul Limpieza Pcb,,,2761,120
9742556692770,2UUL,Bisturi Navaja Gancho Microfix 2Uul Da12 Limpieza Pcb,,,2760,150
9742554857762,2UUL,Pinzeta Ultra Precisa Titanio 2Uul,,,2757,150
9740818022690,FixOEM:Refaccion Celular,Pantalla Multifuncional Temperatura Multimetro Tbk-D7,,,2756,2850
9737661743394,FixOEM:Refaccion Celular,Display Huawei Matepad 11.5 2023 Dby-W09 IPS,,,2755,690
9737661677858,FixOEM:Refaccion Celular,Display Media Pad M5 Lite 8 IPS,,,2754,470
9737661645090,FixOEM:Refaccion Celular,Display Tablet Lenovo Tab M11 IPS,,,2753,570
9737661579554,FixOEM:Refaccion Celular,Display Samsung Tab S2 9.7 Sm-T813 OLED,,,2752,1495
9737661546786,FixOEM:Refaccion Celular,Display Mediapad M5 Lite 10.1 IPS,,,2751,620
9737661448482,FixOEM:Refaccion Celular,Display Samsung Tab S9 Fe X510 IPS,,,2750,590
9737661415714,FixOEM:Refaccion Celular,"Display Lenovo Tab M10 10.1"" (Gen 2) Tb-X306 Tb-X306F IPS",,,2749,460
9737661317410,FixOEM:Refaccion Celular,Display Realme 9 Pro Plus Rmx3392 Rmx339 IPS,,,2747,160
9737661251874,FixOEM:Refaccion Celular,Display Cubot X30 C30 IPS,,,2746,310
9737661219106,FixOEM:Refaccion Celular,Display Tcl 30 Xl T671G IPS,,,2745,320
9737661153570,FixOEM:Refaccion Celular,Display Xiaomi 13 Ultra 2304FPN6DC OLED,,,2744,1550
9737661088034,FixOEM:Refaccion Celular,Display Xiaomi Redmi Note 14 5G IPS,,,2743,195
9737661022498,FixOEM:Refaccion Celular,Display Oneplus 12 / 12R OLED,,,2741,1260
9737660956962,FixOEM:Refaccion Celular,Display Honor X7C IPS,,,2740,165
9737660858658,FixOEM:Refaccion Celular,Flex Interconexion Samsung A25 A256,,,2737,50
9737660825890,FixOEM:Refaccion Celular,Flex Huella Vivo Y36 V2247,,,2736,120
9737660793122,FixOEM:Refaccion Celular,Flex Huella Pixel 6 Pro,,,2735,220
9737660760354,FixOEM:Refaccion Celular,Flex Huella Pixel 6,,,2734,190
9737660727586,FixOEM:Refaccion Celular,Flex Huella Honor X8A / Honor 90 Lite,,,2733,140
9737660662050,FixOEM:Refaccion Celular,Flex Sensor Huella Honor 200,,,2732,120
9737660629282,FixOEM:Refaccion Celular,Flex Volumen Oppo Reno 5 Lite.,,,2731,50
9737660530978,FixOEM:Refaccion Celular,Centro Carga Honor X9B,,,2729,140
9737660465442,FixOEM:Refaccion Celular,Centro Carga Zte Axon 60,,,2728,110
9737660432674,FixOEM:Refaccion Celular,Centro Carga Realme C55,,,2727,50
9737660367138,FixOEM:Refaccion Celular,Centro Carga Realme C51 / 65,,,2726,60
9737660334370,FixOEM:Refaccion Celular,Centro Carga Oppo Reno 5Z chp2211,,,2725,110
9737660301602,FixOEM:Refaccion Celular,Centro Carga Honor X7B / 90 Smart,,,2724,90
9737660268834,FixOEM:Refaccion Celular,Centro Carga Honor Magic 7 Lite,,,2723,360
9737660236066,FixOEM:Refaccion Celular,Centro Carga Honor Magic 6 Pro,,,2722,200
9737660203298,FixOEM:Refaccion Celular,Centro Carga Honor Magic 6 Lite,,,2721,110
9737660137762,FixOEM:Refaccion Celular,Centro Carga Honor 90,,,2720,110
9737660104994,FixOEM:Refaccion Celular,Centro Carga Honor 200,,,2719,100
9737660072226,FixOEM:Refaccion Celular,Boton Fisico Oppo Reno 10,,,2718,30
9737660039458,FixOEM:Refaccion Celular,Altavoz Xiaomi Redmi 9A / Redmi 9C / Redmi 10A,,,2717,60
9737660006690,FixOEM:Refaccion Celular,Flex Encendido Oppo Reno 10 cph2531,,,2716,50
9737659973922,FixOEM:Refaccion Celular,Flex Encendido Honor 200,,,2715,50
9737659941154,FixOEM:Refaccion Celular,Flex Encendido Xiaomi Poco X3 Gt,,,2714,40
9737659908386,FixOEM:Refaccion Celular,Boton Fisico Moto Edge 30 Neo,,,2713,50
9737659810082,FixOEM:Refaccion Celular,Charola Sim Redmi 14C,,,2712,50
9737659744546,FixOEM:Refaccion Celular,Charola Sim Samsung A06 a065,,,2711,50
9737659711778,FixOEM:Refaccion Celular,Lente Camara Honor X6B / x6s,,,2710,50
9737659679010,FixOEM:Refaccion Celular,Lente Camara Honor X7C,,,2709,50
9737659646242,FixOEM:Refaccion Celular,Lente Camara Huawei Nova 12 Se.,,,2706,40
9737659613474,FixOEM:Refaccion Celular,Lente Camara Nova 12i,,,2705,30
9737659547938,FixOEM:Refaccion Celular,Lente Camara Realme Note 50 / c51,,,2704,50
9737659515170,FixOEM:Refaccion Celular,Lente Camara Realme C53 / Narzo N53 RXM3760,,,2703,40
9737659482402,FixOEM:Refaccion Celular,Lente Camara Moto Edge 50 Fusion XT2429,,,2702,50
9737659449634,FixOEM:Refaccion Celular,Lente Camara Honor Magic 7 Lite / X9C,,,2701,50
9737659384098,FixOEM:Refaccion Celular,Lente Camara Honor 200,,,2700,30
9737659318562,FixOEM:Refaccion Celular,Marco Samsung A05S A057,,,2699,80
9737659253026,FixOEM:Refaccion Celular,Bisel Zte V41 Smart,,,2698,130
9737659220258,FixOEM:Refaccion Celular,Bisel Samsung A21S A217,,,2697,60
9737659187490,FixOEM:Refaccion Celular,Bisel Realme Note 50,,,2696,70
9737659121954,FixOEM:Refaccion Celular,Bisel Realme C55,,,2695,50
9737659089186,FixOEM:Refaccion Celular,Bisel Realme C53 4G RMX3760,,,2694,70
9737659056418,FixOEM:Refaccion Celular,Bisel Moto Edge 50 Fusion Azul,,,2693,220
9737659023650,FixOEM:Refaccion Celular,Bisel Honor X9B,,,2692,230
9737658958114,FixOEM:Refaccion Celular,Bisel Honor X9A,,,2691,250
9737658925346,FixOEM:Refaccion Celular,Bisel Honor 200,,,2690,360
9737658892578,FixOEM:Refaccion Celular,Display Zte Nubia Music Z2353 / A75 5g / Nubia Focus 5g IPS,,,2689,205
9737658859810,FixOEM:Refaccion Celular,Display Google Pixel 8 Pro GC3VE IPS,,,2688,460
9737658827042,FixOEM:Refaccion Celular,Display Iphone 16 Pro Max Oled,,,2687,3790
9737658761506,FixOEM:Refaccion Celular,Display Realme 12 Pro / 12 Pro Plus IPS,,,2686,270
9737658728738,FixOEM:Refaccion Celular,Display Moto Edge 50 Neo xt2409 OLED,,,2684,875
9737658695970,FixOEM:Refaccion Celular,Display Moto G35 5G xt2433 Ips,,,2683,175
9737658466594,FixOEM:Refaccion Celular,Display Google Pixel 8A OLED,,,2677,2390
9737658401058,FixOEM:Refaccion Celular,Display Google Pixel 8 GKWS6 G9BQD,,,2676,1240
9737658368290,FixOEM:Refaccion Celular,Display Honor Magic 7 Lite / X9C IPS,,,2675,390
9734541508898,FixOEM:Refaccion Celular,Bateria Samsung Original Tab A7 Lite Hq-3565S,,,SBA073,560
9734512345378,FixOEM:Refaccion Celular,Bateria Samsung Original M14 / M34 / M54 Eb-Bm146Aby,,,SBA019,320
9734507757858,FixOEM:Refaccion Celular,Bateria Samsung Original A20 / A30 / A50 Eb-Ba505Abu,,,SBA004,690
9734492160290,Pedro ceballos,Analizador de Corriente Macbook Ibooter JCID,,,2638,1470
9733900960034,FixOEM:Refaccion Celular,Display Samsung Original Note 9 Sm-N960,,,SDI123,4950
9733900304674,FixOEM:Refaccion Celular,Display Samsung Original S24 Plus S926,,,SDI124,4350
9731927343394,FixOEM:Refaccion Celular,Bisel Moto E6,,,2670,90
9716958495010,JCID,Programador Tablilla Adaptador Q1,,,2635,1130
9730513207586,FixOEM:Refaccion Celular,Adaptador Microscopio Ctv Relife M-28 X 0.5X,,,2617,560
9730512879906,FixOEM:Refaccion Celular,Display Samsung Original Note 20 Ultra Sm-N985 C/Marco,,,SDI076,6550
9730511765794,FixOEM:Refaccion Celular,Display Samsung Original Note 20 Ultra Sm-N985 C/Marco Plata,,,SDI075,6550
9730511241506,FixOEM:Refaccion Celular,Centro Carga Realme 9I / Oppo A57S / A77 5G,,,2594,50
9730510586146,RF4 MEXICO,Adaptador de camara trinocular Rf4 0.5Xctv,,,2524,470
9730510094626,FixOEM:Refaccion Celular,"Plegable Led Principal Ffc Samsung Original 55"" ;G97Nb 55,Plegable,L1110,68P",,,SDI043,150
9730503082274,FixOEM:Refaccion Celular,Tapa Trasera Samsung Original S20 Fe,,,STA003,230
9730499543330,FixOEM:Refaccion Celular,Bateria Samsung Original Z Fold Eb-Bf901Abu,,,SBA012,330
9730498363682,FixOEM:Refaccion Celular,Jeringa Embolo Pasta Flux Rl-072 Relife,,,2363,130
9730492137762,FixOEM:Refaccion Celular,Rosin Resina Rl-070 Relife,,,2362,20
9730480701730,FixOEM:Refaccion Celular,Bocina G-Tide Sv01,,,2275,220
9730478735650,FixOEM:Refaccion Celular,Lente Camara Iphone 14 / 14 Plus,,,1118,170
9730471821602,FixOEM:Refaccion Celular,Display Oneplus N20 5G IPS,,,1192,145
9730308440354,RF4 MEXICO,Microscopio Trinocular RF4 CX71R 6.5-65X,,,2790,15700
9729558118690,TBK,Sujetador Marco Cerrar Iphones Molde Presion Universal TBK 201,,,2673,610
9729555923234,TBK,Estación Soldadura Cautin Recargable C210 TBK 211,,,2671,2700
9726210375970,FixOEM:Refaccion Celular,Tapa Trasera Oppo A79 Gris,,,2667,140
9725394518306,RF4 MEXICO,Barlow Lente Auxiliar Microscopio RF4,,,2661,440
9722263470370,RF4 MEXICO,Microscopio Trinocular RF4 RF-7050 pro (7X-50X),,,2419,5100
9719484154146,FixOEM:Refaccion Celular,Display Samsung Original Z Flip 5 Sm-731B C/Marco,,,SDI014,9520
9719451877666,FixOEM:Refaccion Celular,Display Samsung Original A53 5G Sm-A536,,,SDI017,1320
9717006369058,JCID,Flex Face Id Fpc Fotosensible Iphone JCID,,,2652,750
9717006237986,JCID,Tablilla Adaptador Fpc Fotosensible Expansion JCID Iphone Serie 14-15,,,2651,110
9717006172450,JCID,Tablilla Adaptador Fpc Fotosensible JCID v1se Iphone Serie 14,,,2650,470
9717006008610,JCID,Flex JCID Reparador Cámara Fpc 14/14 Pro Max (S/Extraccion),,,2649,580
9717005943074,JCID,Flex Camara JCID Iphone 14 Pro,,,2648,580
9717005680930,JCID,Flex Camara JCID Iphone 14 / 14 Plus,,,2647,580
9717005386018,JCID,Flex Camara JCID Iphone 13 Pro/ 13 Pro Max,,,2646,580
9717004730658,JCID,Flex Camara JCID Iphone 13 / 13 Mini,,,2645,580
9717004632354,JCID,Flex Camara JCID Iphone 12 Pro Max,,,2644,530
9717004402978,JCID,Flex Camara JCID Iphone 12,,,2643,530
9717004140834,JCID,Tablilla Adaptador Lecto Escritura Camara Trasera/Radar JCID V1Se Iphone 13-14,,,2642,580
9717003026722,JCID,Tablilla Adaptador Reparacion Camara Angular JCID V1Se Iphone Xr-12Pm,,,2641,580
9711909273890,FixOEM:Refaccion Celular,Bateria Samsunsg Z Flip 4 EB-BF723ABY-725ABY 2555mAh / EB-BF724ABY 1040mAh,,,6233,180
9705756131618,FixOEM:Refaccion Celular,Tapa Trasera Samsung Original Z Fold 5,,,STA059,320
9705755574562,FixOEM:Refaccion Celular,Tapa Trasera Samsung Original Z Fold 3 5G Negro,,,STA058,500
9705755115810,FixOEM:Refaccion Celular,Tapa Trasera Samsung Original Z Fold 2 5G Negro,,,STA057,520
9705754296610,FixOEM:Refaccion Celular,Tapa Trasera Samsung Original Z Flip 5,,,STA047,190
9705753411874,FixOEM:Refaccion Celular,Tapa Trasera Samsung Original Z Flip 4,,,STA044,230
9705751642402,FixOEM:Refaccion Celular,Tapa Trasera Samsung Original Z Flip3 5G,,,STA040,200
9705745547554,FixOEM:Refaccion Celular,Tapa Trasera Samsung Original S24 Plus,,,STA030,260
9705743581474,FixOEM:Refaccion Celular,Tapa Trasera Samsung Original S24 Fe,,,STA026,290
9705741549858,FixOEM:Refaccion Celular,Bateria Samsung Original Z Flip 6 F741 Eb-bf741aby / Eb-bf741abe,,,SBA065,410
9705741254946,FixOEM:Refaccion Celular,Bateria Samsung Original Z Flip 6 F741 Eb-bf742aby / Eb-bf742abe,,,SBA064,590
9705740763426,FixOEM:Refaccion Celular,Bateria Samsung Original Z Flip 5 731 Eb-bf731aby,,,SBA063,410
9705740402978,FixOEM:Refaccion Celular,Bateria Samsung Original Z Flip 5 F731B Eb-bf733aby,,,SBA062,620
9705739911458,FixOEM:Refaccion Celular,Bateria Samsung Original S25 Plus Eb-bs936aby,,,SBA061,630
9705739485474,FixOEM:Refaccion Celular,Bateria Samsung Original S25 Ultra Eb-bs938abe,,,SBA060,810
9705739092258,FixOEM:Refaccion Celular,Bateria Samsung Original S25 Eb-bs931abe S936,,,SBA059,530
9705738371362,FixOEM:Refaccion Celular,Bateria Samsung Original S24 Fe Eb-bs721aby,,,SBA056,410
9705736372514,FixOEM:Refaccion Celular,Display Samsung Original Z Fold 3 5G,,,SDI067,10780
9705735422242,FixOEM:Refaccion Celular,Display Samsung Original Z Flip 4 F721,,,SDI138,8000
9705735094562,FixOEM:Refaccion Celular,Display Samsung Original Tab S6 T860,,,SDI137,7100
9705731326242,FixOEM:Refaccion Celular,Display Samsung Original S22 Plus s906,,,SDI128,2860
9705729622306,FixOEM:Refaccion Celular,Display Samsung Original S20 5G G981 g980,,,SDI071,3580
9705725526306,FixOEM:Refaccion Celular,Display Samsung Original M53 5G M536,,,SDI114,1490
9705721233698,FixOEM:Refaccion Celular,Display Samsung Original A23 4G A235 / A13 4G A135 / M13 M135 / M33 5G M336 / A236U/b / M23 5G / F13 4G,,,SDI106,830
9699993911586,FixOEM:Refaccion Celular,Tapa Trasera Samsung Original  A03 Core,,,STA007,130
9694375018786,FixOEM:Refaccion Celular,Kit Reparacion Samsung Original  Z Fold 4 Sm-F936,,,SAC002,370
9694361321762,FixOEM:Refaccion Celular,Centro Carga Oppo Reno 10 5G,,,2615,60
9694353326370,FixOEM:Refaccion Celular,Camara Trasera Samsung Note 20 Ultra n986,,,2614,940
9694310629666,FixOEM:Refaccion Celular,"Barra Led Borde Samsung Original Assy P 20Y Tu8500 55""",,,SDI105,500
9694068048162,FixOEM:Refaccion Celular,"Display Samsung Original Tv 65"" Cy-Gk065Hgnvcv/h, Ku6000, Bn95-02641v",,,SDI103,3470
9690040795426,FixOEM:Refaccion Celular,Cable Datos USB-Tipo C G-Tide,,,2604,50
9690040271138,FixOEM:Refaccion Celular,Bocina G-Tide Sh20,,,2602,260
9690039255330,FixOEM:Refaccion Celular,Bocina G-Tide Sh30,,,2601,350
9690038305058,FixOEM:Refaccion Celular,Audífonos Alambricos G-Tide Cw02 C,,,2600,80
9690037485858,FixOEM:Refaccion Celular,Audífonos Alambricos G-Tide Mw02,,,2599,60
9690031522082,FixOEM:Refaccion Celular,Audífonos Inalambricos G-Tide Future Pod,,,2595,470
9689160057122,FixOEM:Refaccion Celular,"Display Samsung Original Tv 75"" Cy-Rt075Fghv6H Bn95-06338l, bN95-08573a",,,SDI102,5940
9689160024354,FixOEM:Refaccion Celular,"Display Samsung Original Tv 82"" Cy-Rt082Hglv2H/V, QTQ60F, BN95-06500B",,,SDI101,5780
9689159991586,FixOEM:Refaccion Celular,"Display Samsung Original Tv 65"" Cy-Ta065Flev1H/V, QAQ95H BN95-07733A",,,SDI100,5670
9689159893282,FixOEM:Refaccion Celular,"Display Samsung Original Tv 85"" Cy-Qb085Fhav2H,BN95-08410C",,,SDI099,5500
9689159860514,FixOEM:Refaccion Celular,"Display Samsung Original Tv 75"" Cy-Rt075Hgsv1H/V, Q60T, Ba",,,SDI098,5390
9689159762210,FixOEM:Refaccion Celular,"Display Samsung Original Tv 75"" Cy-Rt075Fgav1V, Qtls03m, BN95-06422a",,,SDI097,5060
9689159729442,FixOEM:Refaccion Celular,"Display Samsung Original Tv 65"" Cy-Tb065Jmhv5H/V, Qn800B, Bn95-08382J",,,SDI096,5170
9689159696674,FixOEM:Refaccion Celular,"Display Samsung Original Tv 75"" Cy-Qa075Hgev1H/V, QAQ60G, BN95-07247A",,,SDI095,5120
9689159598370,FixOEM:Refaccion Celular,"Display Samsung Original Tv 65"" Cy-Qa065Fglv6V, Qaq70f, Ba, Bn95-07997a",,,SDI093,4350
9689159500066,FixOEM:Refaccion Celular,"Display Samsung Original Tv 65"" Cy-Qa065Fghv1H/V, QAQ70F, BN95-07290L",,,SDI092,4020
9689159467298,FixOEM:Refaccion Celular,"Display Samsung Original Tv 65"" Cy-Rt065Fghv5V/H, QtLS03, BN95-07084A",,,SDI091,3910
9686726148386,FixOEM:Refaccion Celular,Display Samsung Original S10 Lite G770F,,,SDI087,2150
9686726082850,FixOEM:Refaccion Celular,Display Samsung Original Note 20 5G N981U,,,SDI086,3190
9686725853474,FixOEM:Refaccion Celular,Bateria Samsung Original X110 GH81-24281A,,,SBA052,220
9686724870434,FixOEM:Refaccion Celular,Bateria Samsung Original S20 Ultra G988 Eb-988aby,,,SBA037,290
9686724509986,FixOEM:Refaccion Celular,Bateria Samsung Original S10 Lite G770 EB-BA907ABY,,,SBA031,250
9686724411682,FixOEM:Refaccion Celular,Bateria Samsung Original Z Fold 4 5G EB-BF937ABY,,,SBA030,430
9686724051234,FixOEM:Refaccion Celular,Display Samsung Original Tab Pro S12 W700,,,SDI082,3410
9686723920162,FixOEM:Refaccion Celular,Display Samsung Original S23 Plus S916,,,SDI080,2260
9686723625250,FixOEM:Refaccion Celular,Display Samsung Original S20 Plus 5G G986B,,,SDI072,3800
9686723428642,FixOEM:Refaccion Celular,Display Samsung Original Z Fold 2 5G F700 F916,,,SDI064,9900
9686723395874,FixOEM:Refaccion Celular,Display Samsung Original Z Flip 6 5G F741,,,SDI063,4070
9684162806050,JCID,Modulo Socket Activacion Wifi JCID V1S Pro Bga Iphone 15-16,,,2593,3390
9684162773282,JCID,Modulo Socket Activacion Wifi JCID V1S Pro Bga Iphone 14-15,,,2592,3390
9684162740514,JCID,Programador JCID Bga 110 Iphone 8-13Pm,,,2591,2430
9684162707746,JCID,Programador JCID Bga 315 Iphone 14-15Pm,,,2590,3390
9684162642210,JCID,Programador JCID V1S Iphone,,,2589,9550
9684162609442,JCID,Chip Wifi JCID Ipad Pro 5 (2021),,,2588,1490
9684162576674,JCID,Chip Wifi JCID Ipad Pro 4 (2020),,,2587,1310
9684162543906,JCID,Chip Wifi JCID Iphone 15 Pro / 15 Pro Max,,,2586,1760
9684162478370,JCID,Chip Wifi JCID Iphone 15-15 Plus,,,2585,1760
9684162445602,JCID,Chip Wifi JCID Iphone 14 Series,,,2584,1490
9684162412834,JCID,Chip Wifi JCID Iphone 13 Series Se3,,,2583,1310
9684162347298,JCID,Chip Wifi JCID 1Iphone 2 Series,,,2582,1140
9684162314530,JCID,Modulo Socket Activacion JCID Iphone 4 Pro (2020)/ 11,,,2581,3390
9684162248994,JCID,Modulo Socket Activacion JCID 5 Pro (2021)/Ipad 10/ Air 5/ Mini 6,,,2580,3390
9684162216226,JCID,Modulo Socket Activacion JCID Iphone 15 Pro / 15 Pro Max,,,2579,3390
9684162150690,JCID,Modulo Socket Activacion JCID Iphone 12/13/14/Se3/15/15 Plus,,,2578,3390
9684162085154,JCID,Soporte Socket JCID Bga 315 Iphone,,,2577,3390
9684162052386,JCID,Programador Nand Iphone JCID P15 + Bga 110,,,2576,7320
9684161986850,JCID,Flex Bateria JCID  Iphone 15 Pro / 15 Pro Max,,,2575,310
9684161954082,JCID,Flex Bateria JCID  Iphone 15/ 15 Plus,,,2574,310
9684161921314,JCID,Flex Bateria JCID  Iphone 14 Pro / 14 Pro Max,,,2573,280
9684161888546,JCID,Flex Bateria JCID  Iphone 14/ 14 Plus,,,2572,280
9684161855778,JCID,Flex Bateria JCID  Iphone 13 Pro / 13 Pro Max,,,2571,240
9684161823010,JCID,Flex Bateria JCID  Iphone 13/ 13 Mini,,,2570,240
9684161790242,JCID,Flex Bateria JCID  Iphone 12 Pro Max,,,2569,190
9684161757474,JCID,Flex Bateria JCID  Iphone 12/ 12 Mini/ 12 Pro,,,2568,190
9684161724706,JCID,Flex Bateria JCID  Iphone 11 Pro/ 11 Pro Max,,,2567,190
9684161691938,JCID,Flex Bateria JCID Iphone 11,,,2566,190
9684161659170,JCID,Flex Dot Matriz Face ID Tag On JCID Iphone 12 Pro Max,,,2565,330
9684161626402,JCID,Flex Dot Matriz Face ID Tag On JCID Iphone 12 / 12 Pro,,,2564,330
9684161560866,JCID,Flex Dot Matriz Face ID Tag On JCID  Iphone 12 Mini,,,2563,330
9684161528098,JCID,Flex Dot Matriz Face ID Tag On JCID Iphone 11 Plus / 11 Pro Max,,,2562,280
9684161495330,JCID,Flex Dot Matriz Face ID Tag On JCID Cable Iphone 11,,,2561,280
9684161462562,JCID,Flex Dot Matriz Face ID Tag On JCID Iphone Xs / Xr/Xs Max,,,2560,220
9684161397026,JCID,Flex Dot Matriz Face ID Tag On JCID Iphone X,,,2559,220
9684161364258,JCID,Tester Probador Analizador Corriente JCID Iphone Serie 12-14 Ibooter,,,2558,1300
9684161298722,JCID,Tablilla Adaptador Dot Projector YOGI JCID Activacion Face Id Iphone X-15PM,,,2556,1130
9684161233186,JCID,Tester Probador JCID Pantalla S35C,,,2555,2040
9684161200418,JCID,Tablilla Adaptador Bateria JCID V1 Se/ V1S Pro Iphone 16,,,2554,220
9684161134882,JCID,Tablilla Adaptador True Tone JCID V1 Se Iphone Serie 16,,,2552,910
9684161069346,JCID,Tablilla Adaptador Display True Tone JCID V1Se Iphone 13-15,,,2551,970
9684161036578,JCID,Tablilla Adaptador Display True Tone JCID V1 Se Iphone 12-15,,,2550,800
9684161003810,JCID,Tablilla Adaptador True Tone JCID Iphone 7-11 PM,,,2549,310
9684160872738,RF4 MEXICO,Punta Cautin Rf4 936,,,2545,40
9684160839970,RF4 MEXICO,Esponja Limpiadora Rf4 S200,,,2544,30
9684160807202,RF4 MEXICO,Malla Para Desoldar Rf4 K1515,,,2543,110
9684160741666,RF4 MEXICO,Sujetador Holder Prensa Desmontaje Display Rf4 D041,,,2542,770
9684160708898,RF4 MEXICO,Lente Barlow Microscopio Rf4,,,2541,280
9684160610594,RF4 MEXICO,Soldadura Estaño Rf4 Rf-203D 0.3mm 200G,,,2538,200
9684160577826,RF4 MEXICO,Punta Cautin Rf4 C210,,,2537,110
9684160413986,RF4 MEXICO,Tapete Silicon Soldar Trabajo Calor Rf4 Rf-Po16 800x300,,,2534,550
9684160381218,RF4 MEXICO,Tapete Silicon Soldar Trabajo Calor Rf-Po15 280x450,,,2533,310
9684160315682,RF4 MEXICO,Organizador Rf4 Rf St13,,,2532,180
9684160282914,RF4 MEXICO,Pinzetas Twizzer Rf4 Rf-Tz02,,,2531,90
9684160250146,RF4 MEXICO,Pinzetas Twizzer Rf4 Rf-Tz01,,,2530,90
9684160184610,RF4 MEXICO,Kit Desarmadores Destornillador 5 En 1 Rf4 Rf-Sd10,,,2529,510
9684160151842,RF4 MEXICO,Espatulas Cuñas Uñas Spudger Apertura Rf4,,,2528,110
9684160053538,RF4 MEXICO,Lampara Aro Led Microscopio Rf4 Ok-9,,,2526,300
9684160020770,RF4 MEXICO,Almoadillas Oculares Microscopio Rf4 Rf-Em5,,,2525,90
9684159955234,RF4 MEXICO,Plancha Separadora Glass Rf4 Freedom,,,2523,2200
9684159922466,RF4 MEXICO,Multimetro Rf4 Rf-17N dt17 Autorango,,,2522,520
9684159856930,RF4 MEXICO,Sujetador Holder Logica Fixture Base Pcb Rf4,,,2520,200
9684159824162,RF4 MEXICO,Estacion Calor Cautin Soldar Rf4 Rf-H7,,,2519,2700
9684159791394,RF4 MEXICO,Estacion Pistola Calor Rf4 Rf-H6,,,2518,1250
9684159758626,RF4 MEXICO,Estacion Pistola Calor Rf4 Rf-H5 800W SMD SMT,,,2517,1900
9684159693090,RF4 MEXICO,Estación Soldadura Cautin Rf4 Rf-S110,,,2515,3300
9684159660322,RF4 MEXICO,Fuente Poder Rf4 Rf-3005D,,,2514,2100
9684159627554,RF4 MEXICO,Brazo Base Microscopio Rf4 Fo19,,,2513,1710
9684159594786,RF4 MEXICO,Brazo Base Microscopio Rf4 Rf-Fo22,,,2512,1140
9684159562018,RF4 MEXICO,Camara Microscopio Rf4 Rf-4Kc7 4K,,,2511,3720
9684159529250,RF4 MEXICO,Camara Termica Rf4 Rf-C43,,,2510,7380
9684159496482,RF4 MEXICO,Camara Termica + Camara 4K 2en1 Rf4 Rf-C39L,,,2509,10450
9684159365410,RF4 MEXICO,Camara con Multimetro Microscopio Rf4 Rf-2Kdmm,,,2508,3030
9684159332642,RF4 MEXICO,Microscopio Trinocular Rf4 Rf-FX35A 6.5-65X + tapete + brazo,,,2507,7000
9684159299874,RF4 MEXICO,Microscopio Digital + Pantalla + Multimetro Rf4 Rf-50M (7–50X),,,2506,6300
9684159267106,RF4 MEXICO,Microscopio Trinocular Rf4 RF6555Pro Rf-55P-B52 (6.5X–55X),,,2505,7000
9683925434658,FixOEM:Refaccion Celular,Bateria Samsung Original Z Flip3 5G Eb-Bf711Aby,,,SBA003,390
9680599122210,FixOEM:Refaccion Celular,"Display Samsung TV Original 65"" BN95- O5706C, BN95-07232A",,,SDI056,2700
9680378036514,FixOEM:Refaccion Celular,"Controlador Led Plegado Ffc Samsung TV Original 55"" Qn90B Fold L570 51P",,,SDI054,130
9680338387234,FixOEM:Refaccion Celular,Cubierta Antena Samsung Original S20 Ultra G988,,,SFL006,70
9680330686754,FixOEM:Refaccion Celular,Antena Samsung Original S20 G981,,,SFL005,60
9680319873314,FixOEM:Refaccion Celular,Antena Samsung Original S20 Plus G985,,,SFL004,70
9680315973922,FixOEM:Refaccion Celular,Auricular Samsung Original Note 20 Ultra N986,,,SAU002,310
9680314204450,FixOEM:Refaccion Celular,Auricular Samsung Original Note 20 N981,,,SAU001,140
9680306635042,FixOEM:Refaccion Celular,Pegamento Adhesivo Samsung Original Z Fold4,,,SFL003,370
9680237068578,FixOEM:Refaccion Celular,"Barra Led Samsung TV Original 55"" Assy Fdh Dire Cem3",,,SDI052,80
9680223732002,FixOEM:Refaccion Celular,"Barra Led Aluminio Samsung TV Original 55"" PY20 Q80T",,,SDI045,110
9680222028066,FixOEM:Refaccion Celular,"Plegable Led Principal Ffc Samsung TV Original 55"" G97Nb L1110 68P",,,SDI044,130
9680218456354,FixOEM:Refaccion Celular,"Controlador Led Plegado Ffc Samsung TV Original 65"" Qn90B Plegado L600 51P",,,SDI042,140
9680213180706,FixOEM:Refaccion Celular,"Display Samsung TV Original 65"" Cy-Bt065Hgav2H/V Utu8000",,,SDI039,3190
9680210821410,FixOEM:Refaccion Celular,"Display Samsung TV Original 65"" Cy-Nt065Hgsv3H Utu8500N",,,SDI038,3300
9680208822562,FixOEM:Refaccion Celular,"Display Samsung TV Original  55"" Cy-Sa055Hgav1H/V Au9000A Bn95-07267a",,,SDI036,2370
9680207315234,FixOEM:Refaccion Celular,"Barra Led Aluminio Samsung TV Original 55"" PY20 Q80T",,,SDI035,230
9680203743522,FixOEM:Refaccion Celular,"Display Samsung TV Original 65"" Cy-Bt065Hgev7H/V Au7000C, Bn95-07986a",,,SDI033,3410
9678678360354,FixOEM:Refaccion Celular,"Barra Led Borde Samsung TV Original 65"" Assy P20YQ70T",,,SDI053,510
9678672691490,FixOEM:Refaccion Celular,"Tarjeta Pcb Principal Samsung TV Original 50"" Assy Main Tv 6K",,,SDI046,1540
9678642905378,FixOEM:Refaccion Celular,Tapa Trasera Samsung Original A23 A235,,,STA017,170
9678626259234,FixOEM:Refaccion Celular,Tapa Trasera Samsung Original A14 5G A146,,,STA014,170
9678620918050,FixOEM:Refaccion Celular,"Display Samsung TV Original 65"" Cy-Bt065Hgsv5H/V Utu8000, Bn95-07637b",,,SDI049,3360
9678615576866,FixOEM:Refaccion Celular,Bateria Samsung Original Z Fold Eb-Bf901Abu,,,SBA013,330
9677420560674,FixOEM:Refaccion Celular,Display Cubot X90 IPS Sin huella,,,2503,900
9677395525922,FixOEM:Refaccion Celular,Bisel Xiaomi Poco M3 Pro 5G M2103K19PG,,,2502,100
9677386121506,FixOEM:Refaccion Celular,Bisel Moto Edge 20 XT2143,,,2498,150
9677380026658,FixOEM:Refaccion Celular,Flex Huella Moto G53 XT2335,,,2495,140
9677377470754,FixOEM:Refaccion Celular,Centro Carga Zte A73,,,2494,110
9677374849314,FixOEM:Refaccion Celular,Centro Carga Vivo V30 Lite V2314,,,2493,220
9677372784930,FixOEM:Refaccion Celular,Centro Carga Samsung S24 Ultra S928,,,2492,390
9677368295714,FixOEM:Refaccion Celular,Centro Carga Oneplus 7 Pro / 7T Pro GM1901 GM1900,,,2490,120
9677366329634,FixOEM:Refaccion Celular,Centro Carga Moto G04 XT2421,,,2489,70
9677354664226,FixOEM:Refaccion Celular,Auricular Moto Edge 20 Lite Xt2139,,,2488,50
9677354041634,FixOEM:Refaccion Celular,Camara Frontal Samsung A01 / A02S A025,,,2486,80
9677353058594,FixOEM:Refaccion Celular,Face Id Iphone 15,,,2485,120
9677352665378,FixOEM:Refaccion Celular,Altavoz One Plus Nord N200 DE2118 DE2117,,,2484,50
9677352304930,FixOEM:Refaccion Celular,Altavoz Moto G84 XT2347,,,2483,50
9677351747874,FixOEM:Refaccion Celular,Altavoz Moto G23 / G13 Xt2331 Xt2333,,,2482,50
9677351321890,FixOEM:Refaccion Celular,Flex Encendido Xiaomi Poco F5 Pro 23013PC75G,,,2481,50
9677350863138,FixOEM:Refaccion Celular,Flex Encendido Xiaomi Poco F5 5G,,,2480,150
9677350371618,FixOEM:Refaccion Celular,Flex Encendido Vivo V30 Lite 4G,,,2479,50
9677349749026,FixOEM:Refaccion Celular,Flex Encendido Oppo A79 5G CPH2553,,,2478,50
9677349060898,FixOEM:Refaccion Celular,Flex Encendido Moto G24 XT2423 / G24 Power,,,2477,50
9677347488034,FixOEM:Refaccion Celular,Charola Sim Xiaomi Redmi Note 12 Pro 4G 2209116AG,,,2475,50
9677346865442,FixOEM:Refaccion Celular,Charola Sim Vivo Y11S V2028,,,2474,50
9677346079010,FixOEM:Refaccion Celular,Charola Sim Oppo Reno 12 5G cph2625 Negro,,,2473,50
9677345423650,FixOEM:Refaccion Celular,Lente Camara Xiaomi Mi Note 10 Lite,,,2472,60
9677344375074,FixOEM:Refaccion Celular,Lente Camara Vivo Y29,,,2471,60
9677342245154,FixOEM:Refaccion Celular,Lente Camara Vivo V30 Lite 4G,,,2470,50
9677341294882,FixOEM:Refaccion Celular,Lente Camara Realme C67 rmx3890,,,2469,50
9677340377378,FixOEM:Refaccion Celular,Lente Camara Realme C61 4G / C63 / Narzo N63,,,2468,60
9677339033890,FixOEM:Refaccion Celular,Tapa Trasera Xiaomi Mi Note 10 Lite Negro,,,2466,80
9677338607906,FixOEM:Refaccion Celular,Tapa Trasera Vivo Y29 Negro,,,2465,80
9677337526562,FixOEM:Refaccion Celular,Tapa Trasera Realme C61 4G / C63 / Narzo N63 Negro,,,2462,90
9677337231650,FixOEM:Refaccion Celular,Tapa Trasera Google Pixel 6 Pro Negro,,,2461,140
9677336641826,FixOEM:Refaccion Celular,Tapa Trasera Oppo Reno 12 5G Negro,,,2460,120
9677333692706,FixOEM:Refaccion Celular,Display Zte Blade A35 / A55 IPS Sin Huella,,,2455,175
9677330350370,FixOEM:Refaccion Celular,Display Vivo Y19S / Y28 4G V2352 / Y29 5G IPS Sin Huella,,,2453,185
9677329629474,FixOEM:Refaccion Celular,Display Vivo V40 Lite IPS Sin Huella,,,2452,180
9677329072418,FixOEM:Refaccion Celular,Display Tcl 10 Pro Oled con Huella T799b,,,2451,1370
9677328285986,FixOEM:Refaccion Celular,Display Realme C61 4G / C63 / Narzo N63 / Note 60 Rmx3933,,,2450,170
9677327630626,FixOEM:Refaccion Celular,Display Realme 11 Pro 5G RMX3771 IPS Sin Huella,,,2449,245
9677326876962,FixOEM:Refaccion Celular,Display Oppo Reno 12 5G / Reno 12 Pro 5G CHP2625 IPS Sin Huella,,,2448,260
9677326319906,FixOEM:Refaccion Celular,Display Oppo A40 / A60 / A80 IPS Sin Huella,,,2447,175
9677325828386,FixOEM:Refaccion Celular,Display Infinix Zero 40 X6860 IPS Sin Huella,,,2446,590
9677325566242,FixOEM:Refaccion Celular,Display Infinix Smart 8 X6525 IPS Sin Huella,,,2445,180
9677324812578,FixOEM:Refaccion Celular,Display Infinix Hot 50 Pro Plus / Note 40 pro 4G 5G / Spark 20 pro plus / Zero 40 4G / Comong 30S x6880 IPS Sin Huella,,,2444,245
9677324517666,FixOEM:Refaccion Celular,Display Infinix Hot 50 Pro X6881 IPS Sin Huella,,,2443,205
9677323829538,FixOEM:Refaccion Celular,Display Honor 200 ELP-AN00 OLED Con Huella,,,2442,570
9677323239714,FixOEM:Refaccion Celular,Display Cubot King Kong 9,,,2441,370
9677320454434,FixOEM:Refaccion Celular,Display Samsung Tab S8 Plus X800,,,2439,11990
9677319962914,FixOEM:Refaccion Celular,Display Samsung Tab S7 Plus 12.4 Sm-T970,,,2438,9100
9677319209250,FixOEM:Refaccion Celular,Bisel Samsung A52,,,2437,130
9677318324514,FixOEM:Refaccion Celular,Display Samsung Fold 4 Interna,,,2436,0
9677317832994,FixOEM:Refaccion Celular,Display Samsung A16 A165 A166,,,2435,215
9677309575458,FixOEM:Refaccion Celular,Display Ns Nintendo Switch Oled Negro,,,2432,2940
9677306396962,FixOEM:Refaccion Celular,Display Ns Nintendo Switch Lite Negro,,,2430,1110
9676114624802,FixOEM:Refaccion Celular,Tapa Trasera Samsung Original A35 5G A356,,,STA021,370
9676114362658,FixOEM:Refaccion Celular,Tapa Trasera Samsung Original A22 A225F A225M,,,STA016,340
9676114133282,FixOEM:Refaccion Celular,Tapa Trasera Samsung Original A13 A136,,,STA011,170
9676113838370,FixOEM:Refaccion Celular,Pegamento Adhesivo Samsung Original Z Fold4,,,SAC001,80
9676113772834,FixOEM:Refaccion Celular,Flex Interconexion Samsung Original Z Fold2 5G F916 F917 Eb-Bf916Aby,,,SFL001,330
9676113576226,FixOEM:Refaccion Celular,Display Samsung Original Note 10 N970F,,,SDI028,3740
9676113477922,FixOEM:Refaccion Celular,Display Samsung Original Z Fold F900U,,,SDI027,8250
9676113379618,FixOEM:Refaccion Celular,Display Samsung Original C/Marco 52 5G Sm-A527 / A52 4G Sm-A526 / A52S Sm-A528,,,SDI025,1380
9676112560418,FixOEM:Refaccion Celular,Display Samsung Original Z Flip 3 5G F711 Con Marco,,,SDI006,5060
9676112068898,FixOEM:Refaccion Celular,Bateria Samsung Original G Tab A 10.1 (2019) Eb-Bt515Abu,,,SBA017,500
9676111708450,FixOEM:Refaccion Celular,Bateria Samsung Original A31 / A32 Sm-325 /A315F Eb-Ba315Aby,,,SBA009,390
9676111642914,FixOEM:Refaccion Celular,Bateria Samsung Original A23 4G A235F / M23 / M33 / M53 5G / M52 Eb-Bm526Aby,,,SBA008,220
9676111610146,FixOEM:Refaccion Celular,Bateria Samsung Original A02 Sm-A022m / A04S Sm-A047f / A12 Sm-A127m / A13 4G Sm-A135f / A21S Sm-A217f / M12 Eb-BA217ABY,,,SBA007,220
9676111544610,FixOEM:Refaccion Celular,Bateria Samsung Original A02/ A02S / A03 / A03S / A04e / Hq-50S /Hq-50Sd,,,SBA005,330
9675917721890,FixOEM:Refaccion Celular,Power Bank Bateria Portatil  10000 Mah Traveler 1 G-Tide,,,2389,540
9672007385378,FixOEM:Refaccion Celular,Bateria Sony Xperia L2 / Xperia XA2 H4331 H3321 Lip1654Erpc,,,2387,190
9671991591202,FixOEM:Refaccion Celular,Bateria Lg K10 2018 / K30 / K11 2018 Bl-T36.*,,,2386,160
9665340473634,SUNSHINE,Punta Cautin Sunshine C210,,,2366,90
9665339359522,FixOEM:Refaccion Celular,Lampara Relife Ljj 139 110V,,,2365,190
9665316684066,RELIFE,Multicargador Relife 8 Puertos Gan Q2 120W,,,2357,970
9665314849058,RELIFE,Multicargador Relife Rl-304R 260W,,,2356,2120
9665305870626,FixOEM:Refaccion Celular,Camara Hdmi Relife Hd 4K Rl M-16,,,2351,4180
9665303249186,FixOEM:Refaccion Celular,Microscopio Sunshine Dm-1000S,,,2348,600
9664175440162,FixOEM:Refaccion Celular,Bateria Ns Nintendo Switch Joy-Con Izquierdo / Derecho Hac-006 525Mah,,,1726,140
9663395660066,FixOEM:Refaccion Celular,Bisel Moto G Power &nbsp;5G 2023,,,2341,50
9662987895074,FixOEM:Refaccion Celular,Display Huawei Original 2 Matepad T,,,HDI019,660
9662987567394,FixOEM:Refaccion Celular,Display Huawei Original C3 Bzk / Huawei Mediapad T3,,,HDI018,660
9662979866914,FixOEM:Refaccion Celular,Display Huawei Original Mediapad T3 10,,,HDI010,700
9662977016098,FixOEM:Refaccion Celular,Display Huawei Original Mediapad T3 7',,,HDI007,340
9662941823266,FixOEM:Refaccion Celular,Bateria Huawei Original Wacht Gt 4 H5546,,,HBA056,100
9662935302434,FixOEM:Refaccion Celular,Bateria Huawei Original Wacht Gt 3/ Gt 3 Pro Hb522025Efw 42Mm,,,HBA055,330
9662934286626,FixOEM:Refaccion Celular,Bateria Huawei Original Watch Hb691636Ecw,,,HBA053,140
9662933106978,FixOEM:Refaccion Celular,Bateria Huawei Original Wacht Gt 3/ Gt 3 Pro Hb572728Efw 46Mm,,,HBA054,330
9662918689058,FixOEM:Refaccion Celular,Cargador Auto Huawei Original 25W,,,HAC017,440
9657902137634,FixOEM:Refaccion Celular+ Micro Electrónica,Bateria Huawei Original Nova 10 Pro HB506593EFW Gla-lx3,,,HBA060,540
9657425690914,FixOEM:Refaccion Celular+ Micro Electrónica,Mini Impresora Color Sunshine C1,,,2339,5500
9657330204962,FixOEM:Refaccion Celular+ Micro Electrónica,Charola Sim Xiaomi Redmi Note 12 5G / Poco X5,,,1975,50
9655899095330,FixOEM:Refaccion Celular+ Micro Electrónica,Charola Sim Samsung S22 / S22 Plus s906 / 23 Fe Dual sim Negro,,,316,50
9655742300450,FixOEM:Refaccion Celular+ Micro Electrónica,Marco Moto G24,,,2338,100
9654836429090,FixOEM:Refaccion Celular+ Micro Electrónica,Cable Usb A Tipo C Blanco Paw101 G-TiDe,,,2335,40
9654835642658,FixOEM:Refaccion Celular+ Micro Electrónica,Cable Usb A V8 Negro Pab100 G-TiDe,,,2334,40
9654834725154,FixOEM:Refaccion Celular+ Micro Electrónica,Power Bank 10000 Mah P1 G-TiDe,,,2333,280
9654834004258,FixOEM:Refaccion Celular+ Micro Electrónica,Cargador Usb 12W Ch12 G-TiDe,,,2331,60
9647304540450,JCID,Programador Caja JCID Bga110 P11F Nand Iphone 8-11 Pro Max,,,5648,9810
9647253881122,FixOEM:Refaccion Celular+ Micro Electrónica,Flex Interconexion Moto Edge 2020,,,1387,80
9647248965922,FixOEM:Refaccion Celular+ Micro Electrónica,Flex Encendido + Huella Samsung A23 4G / M23 / F23 Negro,,,1080,170
9646384382242,FixOEM:Refaccion Celular+ Micro Electrónica,Centro Carga Zte Axon 20 + SIM A2121,,,11464,400
9646384218402,FixOEM:Refaccion Celular+ Micro Electrónica,Centro Carga Xiaomi Redmi Note 4X Narrow version global,,,7614,80
9646381138210,FixOEM:Refaccion Celular+ Micro Electrónica,Centro Carga Samsung S20 Ultra 5g Sm-G988u,,,599,200
9645597229346,FixOEM:Refaccion Celular+ Micro Electrónica,Carcasa + Tapa Iphone 13 Mini Negro,,,1017,650
9645595984162,FixOEM:Refaccion Celular+ Micro Electrónica,Bisel Moto G84 XT2347,,,1511,70
9645595656482,FixOEM:Refaccion Celular+ Micro Electrónica,Bisel Samsung A04E A042,,,1004,70
9641090449698,FixOEM:Refaccion Celular+ Micro Electrónica,Bateria Xiaomi Redmi 8 / Redmi 8A BN51,,,1496,170
9641031827746,FixOEM:Refaccion Celular+ Micro Electrónica,Tijera Pinza Punta Porcelana Precision Rl-102,,,2319,80
9638310740258,FixOEM:Refaccion Celular+ Micro Electrónica,Limpiador Catemo Cleaner,,,2314,70
9636952899874,FixOEM:Refaccion Celular+ Micro Electrónica,Centro Carga Samsung S21 Plus g996,,,2249,280
9636949852450,FixOEM:Refaccion Celular+ Micro Electrónica,Altavoz Iphone 13 Pro Max,,,2240,50
9627676049698,FixOEM:Refaccion Celular+ Micro Electrónica,Camara Trasera Huawei P Smart 2021 PPA-LX3 / Y7A-PPA-LX2,,,2312,120
9626739638562,FixOEM:Refaccion Celular+ Micro Electrónica,Display Zte Nubia Red Magic 9 Pro / 9 Pro+ / 9 Pro Plus / 9S Pro / 9S Pro+ / 9S Pro Plus Oled,,,932,2245
9622548054306,FixOEM:Refaccion Celular+ Micro Electrónica,Flex interconexion LCD Oppo Reno 5F,,,2306,50
9622541533474,FixOEM:Refaccion Celular+ Micro Electrónica,Centro Carga Oneplus Nord CE 2 5G,,,2215,60
9619024707874,FixOEM:Refaccion Celular+ Micro Electrónica,Marco Oppo A78 4G Negro,,,2304,120
9614585266466,FixOEM:Refaccion Celular+ Micro Electrónica,Bateria Xiaomi Redmi Note 13 4G y 5G / Redmi Note 12 Bn5P,,,2302,180
9614584512802,FixOEM:Refaccion Celular+ Micro Electrónica,Bateria Xiaomi Redmi A3 / Poco C61 BN5R,,,2301,160
9614583038242,FixOEM:Refaccion Celular+ Micro Electrónica,Bateria Xiaomi Poco X3 Gt / Redmi Note 10 Pro 5G BM57,,,2299,210
9614578876706,FixOEM:Refaccion Celular+ Micro Electrónica,Display Infinix Hot 10 / Hot 10 Lite / Hot 10i IPS,,,2297,170
9614577336610,FixOEM:Refaccion Celular+ Micro Electrónica,Display Honor X6B / X6B Plus Ips,,,2296,175
9614575829282,FixOEM:Refaccion Celular+ Micro Electrónica,Display Xiaomi Redmi 14C / Redmi 14R 5G / Redmi A4 5G / Poco A3 Pro / Poco C75 / Redmi 14 4G,,,2295,165
9614574715170,FixOEM:Refaccion Celular+ Micro Electrónica,Display Infinix Note 12 / Note 12 Pro,,,2303,180
9614573469986,FixOEM:Refaccion Celular+ Micro Electrónica,Display Infinix Hot 40 / Hot 40 Pro IPS,,,2293,165
9614572585250,FixOEM:Refaccion Celular+ Micro Electrónica,Display Cubot King Kong,,,2291,460
9614507639074,FixOEM:Refaccion Celular+ Micro Electrónica,Display Realme 12 4G / 12 Plus 5G RMX3867,,,2290,225
9614507376930,FixOEM:Refaccion Celular+ Micro Electrónica,Display Oppo Reno 12 Fs 5G / Reno 12F 5G / Nord C4 Lite / F27 / K12X / Realme 13 4G Ips CPH2687 CPH2637 IPS,,,2289,190
9611407556898,FixOEM:Refaccion Celular+ Micro Electrónica,Touch Samsung Tab 10.1 T510 / T515 / T517,,,2287,140
9611407458594,FixOEM:Refaccion Celular+ Micro Electrónica,SPen Stylus Samsung Note 20 Ultra / Note 20,,,2286,100
9611407065378,FixOEM:Refaccion Celular+ Micro Electrónica,Marco Samsung A30S a307,,,2285,90
9611406901538,FixOEM:Refaccion Celular+ Micro Electrónica,Marco Moto G52 / G82 / G71S,,,2284,100
9611406639394,FixOEM:Refaccion Celular+ Micro Electrónica,Lente Camara Oppo Reno 11 Pro,,,2281,60
9611406508322,FixOEM:Refaccion Celular+ Micro Electrónica,Lente Camara Xiaomi Poco M6 Pro 4G / Xiaomi Redmi Note 13 Pro 4G ,,,2280,50
9611406442786,FixOEM:Refaccion Celular+ Micro Electrónica,Lente Camara Xiaomi Poco M3 Pro,,,2279,50
9611406377250,FixOEM:Refaccion Celular+ Micro Electrónica,Lente Camara Vivo Y17S V2310,,,2278,50
9611406082338,FixOEM:Refaccion Celular+ Micro Electrónica,Lente Camara Vivo Y17 / Y12 / Y15,,,2277,60
9611405656354,FixOEM:Refaccion Celular+ Micro Electrónica,Lente Camara Moto G34 xt2363,,,2274,50
9611405558050,FixOEM:Refaccion Celular+ Micro Electrónica,Lente Camara Moto G24 / G24 Power,,,2273,50
9611405361442,FixOEM:Refaccion Celular+ Micro Electrónica,Lente Camara Huawei Nova 10Se Bne-lx,,,2272,60
9611405230370,FixOEM:Refaccion Celular+ Micro Electrónica,Glass Samsung S23 Ultra S918,,,2271,70
9611405132066,FixOEM:Refaccion Celular+ Micro Electrónica,Flex Interconexion Main Samsung S22 Ultra G908U,,,2270,60
9611404902690,FixOEM:Refaccion Celular+ Micro Electrónica,Flex Interconexion Moto G200,,,2269,70
9611404771618,FixOEM:Refaccion Celular+ Micro Electrónica,Flex Interconexion Samsung S23 Ultra S918 Lcd,,,2268,60
9611404640546,FixOEM:Refaccion Celular+ Micro Electrónica,Flex Encendido Samsung A11 A115 / M11 M115,,,2267,50
9611404509474,FixOEM:Refaccion Celular+ Micro Electrónica,Flex Encendido Moto Edge 50 Fusion xt2429,,,2266,50
9611404378402,FixOEM:Refaccion Celular+ Micro Electrónica,Charola Sim Zte V50 Smart 7060,,,2265,50
9611404312866,FixOEM:Refaccion Celular+ Micro Electrónica,Charola Sim Zte V41 Smart Bronce,,,2264,50
9611404149026,FixOEM:Refaccion Celular+ Micro Electrónica,Charola Sim Zte Axon 50 Negro,,,2263,50
9611403985186,FixOEM:Refaccion Celular+ Micro Electrónica,Charola Sim Samsung Z Fold 5 F946,,,2262,50
9611403886882,FixOEM:Refaccion Celular+ Micro Electrónica,Charola Sim Samsung Z Flip 4 F721,,,2261,50
9611403755810,FixOEM:Refaccion Celular+ Micro Electrónica,Charola Sim Samsung A35 A356,,,2260,50
9611403624738,FixOEM:Refaccion Celular+ Micro Electrónica,Charola Sim Moto G52 / G82 Xt2221,,,2259,50
9611403493666,FixOEM:Refaccion Celular+ Micro Electrónica,Charola Sim Moto G24 Xt2423,,,2258,50
9611385045282,FixOEM:Refaccion Celular+ Micro Electrónica,Charola Sim Moto Edge 50 Fusion,,,2257,50
9611384193314,FixOEM:Refaccion Celular+ Micro Electrónica,Charola Sim Oppo Reno 12F,,,2256,50
9611383669026,FixOEM:Refaccion Celular+ Micro Electrónica,Centro Carga Oppo A58 / A58X / A78,,,2254,60
9611383177506,FixOEM:Refaccion Celular+ Micro Electrónica,Centro Carga Vivo Y17,,,2253,80
9611379802402,FixOEM:Refaccion Celular+ Micro Electrónica,Centro Carga Moto Edge 50 Fusion xt2429,,,2250,110
9611379573026,FixOEM:Refaccion Celular+ Micro Electrónica,Centro Carga Reno 7 Lite Cph2343,,,2252,50
9611379343650,FixOEM:Refaccion Celular+ Micro Electrónica,Centro Carga Oneplus N200,,,2251,120
9611378098466,FixOEM:Refaccion Celular+ Micro Electrónica,Altavoz Samsung A55 5G Sm-A556,,,2248,50
9611377901858,FixOEM:Refaccion Celular+ Micro Electrónica,Altavoz Honor X5 Plus wod-lx3,,,2247,50
9611377738018,FixOEM:Refaccion Celular+ Micro Electrónica,Bisel Moto G72 XT2255,,,2246,100
9611377246498,FixOEM:Refaccion Celular+ Micro Electrónica,Bisel Moto G52 / G82 / G71S,,,2245,100
9611377082658,FixOEM:Refaccion Celular+ Micro Electrónica,Bisel Honor Magic 6 Lite / Honor x50 / x9b,,,2244,230
9611376787746,FixOEM:Refaccion Celular+ Micro Electrónica,Auricular Moto G14 Payf0010In xt2341,,,2243,50
9611376427298,FixOEM:Refaccion Celular+ Micro Electrónica,Altavoz Samsung A05 A055,,,2241,50
9611376132386,FixOEM:Refaccion Celular+ Micro Electrónica,Auricular Iphone 13 Pro Max A2643 / A2484 / A2641 / A2644 / A2645,,,2242,110
9611375051042,FixOEM:Refaccion Celular+ Micro Electrónica,Altavoz Honor X8A / Honor 90 Lite,,,2239,50
9611374821666,FixOEM:Refaccion Celular+ Micro Electrónica,Tapa Trasera Xiaomi Poco M6 Pro 4G,,,2237,90
9611374723362,FixOEM:Refaccion Celular+ Micro Electrónica,Tapa Trasera Samsung A50S Negro Sm-A505,,,2236,60
9611374657826,FixOEM:Refaccion Celular+ Micro Electrónica,Tapa Trasera Samsung A35 Sm-A356,,,2235,70
9611374493986,FixOEM:Refaccion Celular+ Micro Electrónica,Tapa Trasera Realme Gt Neo 2 RMX3370,,,2234,100
9611374395682,FixOEM:Refaccion Celular+ Micro Electrónica,Tapa Trasera Realme C21 Negro RMX3201,,,2233,80
9611374264610,FixOEM:Refaccion Celular+ Micro Electrónica,Tapa Trasera Oppo A58 Negro,,,2232,100
9611183816994,FixOEM:Refaccion Celular+ Micro Electrónica,Charola Sim Oppo Reno 10 Pro Negro CPH2525,,,2229,50
9611179884834,FixOEM:Refaccion Celular+ Micro Electrónica,Charola Sim Oppo A78 5G Azul,,,2226,50
9611177197858,FixOEM:Refaccion Celular+ Micro Electrónica,Charola Sim Oppo Reno 6 4G Azul,,,2224,50
9611169202466,FixOEM:Refaccion Celular+ Micro Electrónica,Charola Sim Oppo Find X5 Lite Azul,,,2218,50
9611114381602,FixOEM Herramientas,Tapete Aplicacion Micas Hidrogel,,,2216,110
9609256993058,FixOEM:Refaccion Celular+ Micro Electrónica,Display Iphone 16 Plus OLED,,,2213,7000
9606518931746,FixOEM:Refaccion Celular+ Micro Electrónica,Display Samsung Tab A9 Plus Sm-X210,,,2211,445
9606517195042,FixOEM:Refaccion Celular+ Micro Electrónica,Display Nokia G11 Plus Ips,,,2209,210
9264066429218,FixOEM:Refaccion Celular+ Micro Electrónica,Display Samsung A23 5G Sm-A236 IPS,,A236 | RECOMENDACIONES,116,185
9373579313442,FixOEM:Refaccion Celular+ Micro Electrónica,Display Realme C30S Rmx3690 Version TXDI650EBAU-109 IPS,,,1153,175
9516104745250,FixOEM:Refaccion Celular+ Micro Electrónica,Centro Carga Samsung S23 Plus,,,1839,310
9516105662754,Fixoem,Centro Carga Xiaomi Redmi Note 13 Pro 5G,,,1847,110
9601292337442,FixOEM:Refaccion Celular+ Micro Electrónica,Tapa Trasera Xiaomi Redmi 13C,,,2207,70
9601290436898,FixOEM:Refaccion Celular+ Micro Electrónica,Tapa Trasera Vivo V30,,,2204,120
9599233818914,FixOEM:Refaccion Celular+ Micro Electrónica,Display Moto Edge / Edge Plus 2020 Oled,,,2203,1475
9599232901410,FixOEM:Refaccion Celular+ Micro Electrónica,Display Iphone 16 Oled,,,2202,3820
9596320416034,FixOEM:Refaccion Celular+ Micro Electrónica,Flex Antena Wifi Samsung S4,,,2198,50
9591671292194,FixOEM:Refaccion Celular+ Micro Electrónica,Tapa trasera Moto G41 XT2167 Perla dorado,,,11350,80
9587937116450,FixOEM:Refaccion Celular+ Micro Electrónica,Altavoz Honor X7A,,,2196,50
9585253056802,FixOEM:Refaccion Celular+ Micro Electrónica,Bateria Xiaomi Redmi Note 11T Pro 5G/ Poco X4 Gt BM5G,,,2180,250
9583071985954,FixOEM:Refaccion Celular+ Micro Electrónica,Tapa Trasera Zte Axon 60 Negro,,,2175,130
9583070871842,FixOEM:Refaccion Celular+ Micro Electrónica,Tapa Trasera Zte Axon 60 Lite 4G Negro,,,2173,130
9583069954338,FixOEM:Refaccion Celular+ Micro Electrónica,Tapa Trasera Xiaomi Redmi 14C / Poco C75 Negro,,,2172,110
9583069069602,FixOEM:Refaccion Celular+ Micro Electrónica,Tapa Trasera Samsung A55 A556 Negro,,,2171,80
9583067791650,FixOEM:Refaccion Celular+ Micro Electrónica,Tapa Trasera Samsung A06 A065,,,2170,70
9583065891106,FixOEM:Refaccion Celular+ Micro Electrónica,Tapa Trasera Oppo A38 Cph2579 Negro,,,2168,120
9583064908066,FixOEM:Refaccion Celular+ Micro Electrónica,Tapa Trasera Moto G85 Xt2427 Negro,,,2167,70
9583063957794,FixOEM:Refaccion Celular+ Micro Electrónica,Tapa Trasera Moto Edge 50 Ultra Xt-2401 Negro,,,2166,170
9583062057250,FixOEM:Refaccion Celular+ Micro Electrónica,Tapa Trasera Iphone 16 Pro Max (Big Hole),,,2164,100
9583059534114,FixOEM:Refaccion Celular+ Micro Electrónica,Tapa Trasera Iphone 16 Pro,,,2161,100
9583058157858,FixOEM:Refaccion Celular+ Micro Electrónica,Flex Interconexion Carga Samsung Tab A8 x200,,,2176,80
9583057895714,FixOEM:Refaccion Celular+ Micro Electrónica,Tapa Trasera Iphone 16 Plus,,,2159,100
9583055339810,FixOEM:Refaccion Celular+ Micro Electrónica,Tapa Trasera Iphone 16,,,2156,90
9583053111586,FixOEM:Refaccion Celular+ Micro Electrónica,Tapa Trasera Iphone 15 Pro Max Big Hole,,,2151,90
9583049605410,FixOEM:Refaccion Celular+ Micro Electrónica,Tapa Trasera Iphone 15 Pro,,,2149,120
9583047049506,FixOEM:Refaccion Celular+ Micro Electrónica,Tapa Trasera Iphone 15 Plus,,,2148,90
9583046066466,FixOEM:Refaccion Celular+ Micro Electrónica,Tapa Trasera Iphone 15 Big Hole,,,2133,80
9583045378338,FixOEM:Refaccion Celular+ Micro Electrónica,Marco Oppo A38 Cph2579 Negro,,,2132,120
9583043772706,FixOEM:Refaccion Celular+ Micro Electrónica,Lente Camara Oppo A79 CPH2553,,,2130,50
9583042953506,FixOEM:Refaccion Celular+ Micro Electrónica,Lente Camara Xiaomi Redmi A3 (Completo o Interior),,,2129,50
9583042265378,FixOEM:Refaccion Celular+ Micro Electrónica,Lente Camara Xiaomi 14 Ultra,,,2128,40
9583041577250,FixOEM:Refaccion Celular+ Micro Electrónica,Lente Camara Moto G85 XT2427,,,2127,50
9583039545634,FixOEM:Refaccion Celular+ Micro Electrónica,Lente Camara Iphone 16 Pro / 16 Pro Max,,,2125,50
9583038759202,FixOEM:Refaccion Celular+ Micro Electrónica,Lente Camara Iphone 16,,,2124,50
9583037743394,FixOEM:Refaccion Celular+ Micro Electrónica,Lente Camara Honor 90 Lite CRT-NX1,,,2123,50
9583036891426,FixOEM:Refaccion Celular+ Micro Electrónica,Flex Huella Honor X8B LLY-LX1 Negro,,,2122,180
9583035384098,FixOEM:Refaccion Celular+ Micro Electrónica,Flex Encendido Xiaomi Redmi A3,,,2120,60
9583032172834,FixOEM:Refaccion Celular+ Micro Electrónica,Flex Encendido Xiaomi Redmi 14C / 13C / Poco c75,,,2119,50
9583031353634,FixOEM:Refaccion Celular+ Micro Electrónica,Flex Encendido Xiaomi Poco X4,,,2118,60
9583030370594,FixOEM:Refaccion Celular+ Micro Electrónica,Flex Encendido Samsung A35 a356 / a55,,,2117,40
9583029092642,FixOEM:Refaccion Celular+ Micro Electrónica,Flex Encendido Samsung A06 A065,,,2116,50
9583028175138,FixOEM:Refaccion Celular+ Micro Electrónica,Flex Encendido Realme C53 / Realme C51 / Realme Note 50 RMX3760,,,2115,40
9583027159330,FixOEM:Refaccion Celular+ Micro Electrónica,Flex Encendido Moto G85 XT2427,,,2114,50
9583020605730,FixOEM:Refaccion Celular+ Micro Electrónica,Flex Huella Honor X6S / Honor X6,,,2113,180
9583019688226,FixOEM:Refaccion Celular+ Micro Electrónica,Charola Sim Vivo V25e,,,2112,50
9583019000098,FixOEM:Refaccion Celular+ Micro Electrónica,Charola Sim Samsung A55 A556,,,2111,50
9583018443042,FixOEM:Refaccion Celular+ Micro Electrónica,Charola Sim Oppo Reno 11 5G Negro Cph2599,,,2110,50
9583016935714,FixOEM:Refaccion Celular+ Micro Electrónica,Centro Carga Xiaomi Redmi A3,,,2109,60
9583016214818,FixOEM:Refaccion Celular+ Micro Electrónica,Centro Carga Xiaomi Redmi 14C 2411drn47c,,,2108,60
9583014773026,FixOEM:Refaccion Celular+ Micro Electrónica,Centro Carga Sim Vivo V25E,,,2107,200
9583013364002,FixOEM:Refaccion Celular+ Micro Electrónica,Centro Carga Samsung S24 Plus S926,,,2106,300
9583012315426,FixOEM:Refaccion Celular+ Micro Electrónica,Centro Carga Samsung A06 A065,,,2105,50
9583011332386,FixOEM:Refaccion Celular+ Micro Electrónica,Centro Carga Moto G85 XT2427,,,2099,110
9583010611490,FixOEM:Refaccion Celular+ Micro Electrónica,Centro Carga Honor X8B Lly-lx1,,,2098,70
9572128391458,FixOEM:Refaccion Celular+ Micro Electrónica,Display Xiaomi Poco F4 GT / Redmi K50 Gaming OLED,,,2092,750
9564457206050,FixOEM:Refaccion Celular+ Micro Electrónica,Display Realme GT Neo 2 / K10 Pro / Q5 Pro  IPS,,,1464,240
9562463928610,FixOEM:Refaccion Celular+ Micro Electrónica,Batería Xiaomi Redmi Note 11 Pro Plus BP47,,,2090,330
9562463568162,FixOEM:Refaccion Celular+ Micro Electrónica,Bateria Moto Edge 40 Neo QM50,,,2089,210
9562463469858,FixOEM:Refaccion Celular+ Micro Electrónica,Bateria Zte Axon 50 Lite / Blade A73 4G/ v50 smart / a34 / a54 e6553zte-b,,,2088,180
9562463273250,FixOEM:Refaccion Celular+ Micro Electrónica,Bateria Moto Edge 30 Neo Xt2245 NP40,,,2087,200
9562463043874,FixOEM:Refaccion Celular+ Micro Electrónica,Bateria Xiaomi Redmi 10C/ 10 Prime /Redmi A2 2024/ K40 5G Bn5F,,,2086,160
9561482363170,FixOEM:Refaccion Celular+ Micro Electrónica,Tapa trasera Oppo A57 / A77,,,349,70
9557811790114,FixOEM:Refaccion Celular+ Micro Electrónica,Tapa Trasera Zte V20 Smart Azul,,,2084,120
9556951728418,FixOEM:Refaccion Celular+ Micro Electrónica,Charola Sim Realme 9 Pro Plus Azul RMX3392,,,2083,50
9555826245922,FixOEM:Refaccion Celular+ Micro Electrónica,Display Revvl V 4G Ips,,,2080,200
9555824378146,FixOEM:Refaccion Celular+ Micro Electrónica,Display Revvl 6 / 6X / Cricket Icoon 4,,,2079,210
9555817922850,FixOEM:Refaccion Celular+ Micro Electrónica,Display Samsung Z Flip 5 5G F731B Interior C/Marco Oled,,,2072,6480
9551358787874,FixOEM:Refaccion Celular+ Micro Electrónica,Display Xiaomi Redmi 12 23053RN02L / Redmi 13 5G / Note 12R / Poco M6 Pro 5G,,,1545,180
9551357706530,FixOEM:Refaccion Celular+ Micro Electrónica,Display Xiaomi Redmi Note 13 4G IPS 23129ra5fl,,,1488,190
9551356657954,FixOEM:Refaccion Celular+ Micro Electrónica,Display Poco F6 Pro Ips,,,1438,250
9551354822946,FixOEM:Refaccion Celular+ Micro Electrónica,Display Huawei Nova 10 Se / 11 Se / 12 Se Oled,,,1298,635
9551354069282,FixOEM:Refaccion Celular+ Micro Electrónica,Display Huawei Nova 10 OLED,,,1148,570
9551350726946,FixOEM:Refaccion Celular+ Micro Electrónica,Display Samsung Z Flip 5 Exterior Reducido Oled,,,1041,1520
9551350104354,FixOEM:Refaccion Celular+ Micro Electrónica,Display Samsung A06 A065,,,967,160
9545186607394,FixOEM:Refaccion Celular+ Micro Electrónica,Charola Sim Samsung S24 Ultra S928,,,2065,50
9545186345250,FixOEM:Refaccion Celular+ Micro Electrónica,Display Vivo V25E / v27e IPS,,,6246,170
9545156559138,FixOEM:Refaccion Celular+ Micro Electrónica,Bisel Xiaomi Redmi Note 7 Negro,,,131,150
6763294457931,FixOEM:Refacción Celular+Gaming,Display Realme Gt Neo 5g / GT 5G / GT Neo Flash / Realme GT Master Edition IPS ‎RX3031,,,11245,215
9411166732578,FixOEM:Refaccion Celular+ Micro Electrónica,Display Xiaomi Poco X4 Gt / Redmi Note 11T / Redmi Note 11T Pro 22041216g IPS,,,1205,210
9373581148450,FixOEM:Refaccion Celular+ Micro Electrónica,Display TCL 30 Xe 5G / 20 XE / 20R 5G IPS T767W,,,1167,170
9373580362018,FixOEM:Refaccion Celular+ Micro Electrónica,Display Oppo Reno 10 5G / Reno 11 5G IPS,,,1162,240
9544425636130,FixOEM:Refaccion Celular+ Micro Electrónica,Tapa Trasera Realme C55 Negra RMX3710,,,2075,90
9544425570594,FixOEM:Refaccion Celular+ Micro Electrónica,Tapa Trasera Oppo A16 / A16S / A54S CPH2269,,,971,80
9544425439522,FixOEM:Refaccion Celular+ Micro Electrónica,Bisel Xiaomi Note 12 Pro 5G / Xiaomi Poco X5 Pro,,,2073,140
9544425308450,FixOEM:Refaccion Celular+ Micro Electrónica,Marco Samsung A50 A507,,,2071,80
9544425242914,FixOEM:Refaccion Celular+ Micro Electrónica,Bisel Xiaomi Redmi 9 / Poco M2,,,2070,70
9544425046306,FixOEM:Refaccion Celular+ Micro Electrónica,Marco Honor X7 Azul CMA-LX,,,2068,100
9544424948002,FixOEM:Refaccion Celular+ Micro Electrónica,Lente Camara Oppo Reno 11 5G,,,2067,70
9544424849698,FixOEM:Refaccion Celular+ Micro Electrónica,Lente Camara Oppo A52 / Oppo A92,,,2066,60
9544424751394,FixOEM:Refaccion Celular+ Micro Electrónica,Flex Volumen Oppo Reno 5,,,2064,60
9544424653090,FixOEM:Refaccion Celular+ Micro Electrónica,Flex Volumen Iphone 11 Pro,,,2063,100
9544424587554,FixOEM:Refaccion Celular+ Micro Electrónica,Flex Interconexion Vivo Y33,,,2062,50
9544424489250,FixOEM:Refaccion Celular+ Micro Electrónica,Flex Interconexion Huawei Honor 70,,,2061,50
9544424390946,FixOEM:Refaccion Celular+ Micro Electrónica,Flex Interconexion Samsung A35 / A55,,,2060,50
9544424292642,FixOEM:Refaccion Celular+ Micro Electrónica,Flex Interconexion Oneplus 7T,,,2059,50
9544401027362,FixOEM:Refaccion Celular+ Micro Electrónica,Flex Huella Oppo A98 CPH2529,,,2058,100
9544400208162,FixOEM:Refaccion Celular+ Micro Electrónica,Flex Huella Moto G50 5G,,,2057,140
9544399454498,FixOEM:Refaccion Celular+ Micro Electrónica,Flex Encendido Xiaomi Redmi 9,,,2056,50
9544396669218,FixOEM:Refaccion Celular+ Micro Electrónica,Flex Encendido Vivo Y53S / Y72 5G,,,2055,50
9544395325730,FixOEM:Refaccion Celular+ Micro Electrónica,Flex Encendido Iphone 13 Pro,,,2054,100
9544393720098,FixOEM:Refaccion Celular+ Micro Electrónica,Charola Sim Zte A51 / A71,,,2053,50
9544392704290,FixOEM:Refaccion Celular+ Micro Electrónica,Charola Sim Xiaomi Redmi Note 9 4G / Note 9s / Note 9 Pro Dual Sim Negro,,,2052,50
9544391426338,FixOEM:Refaccion Celular+ Micro Electrónica,Charola Sim Xiaomi Redmi 9T / Poco M3 Dual Sim Negro,,,2051,50
9544389886242,FixOEM:Refaccion Celular+ Micro Electrónica,Charola Sim Samsung Z Fold 4,,,2050,50
9544389034274,FixOEM:Refaccion Celular+ Micro Electrónica,Charola Sim Samsung A21S A217 Blanco,,,2049,50
9544388477218,FixOEM:Refaccion Celular+ Micro Electrónica,Charola Sim Samsung A15 A155,,,2048,50
9544386543906,FixOEM:Refaccion Celular+ Micro Electrónica,Charola Sim Iphone XS A2097,,,2046,50
9544385691938,FixOEM:Refaccion Celular+ Micro Electrónica,Charola Sim Huawei Honor X5,,,2045,50
9544384938274,FixOEM:Refaccion Celular+ Micro Electrónica,Centro Carga Samsung Tab A9 X110 X115,,,2044,140
9544384315682,FixOEM:Refaccion Celular+ Micro Electrónica,Centro Carga Huawei Y61 eve-lx3,,,2043,50
9544383332642,FixOEM:Refaccion Celular+ Micro Electrónica,Camara Frontal Iphone 13 Pro / 13 Pro Max,,,2042,120
9544382710050,FixOEM:Refaccion Celular+ Micro Electrónica,Bisel Moto G04,,,2041,100
9544379859234,FixOEM:Refaccion Celular+ Micro Electrónica,Altavoz Samsung S20 Ultra / S20 Plus,,,2039,50
9544378450210,FixOEM:Refaccion Celular+ Micro Electrónica,Altavoz Iphone 12 Pro Max,,,2038,100
9544377139490,FixOEM:Refaccion Celular+ Micro Electrónica,Altavoz Moto G72 xt2255,,,2037,60
9542041141538,FixOEM:Refaccion Celular+ Micro Electrónica,Bocina Altavoz Huawei Y7 2019 Dub-lx1,,,2035,60
9541986091298,FixOEM:Refaccion Celular+ Micro Electrónica,Touch Samsung Tab A T285 Negro,,,2034,120
9541985861922,FixOEM:Refaccion Celular+ Micro Electrónica,Tapa Trasera Xiaomi Redmi A1 / Redmi A2 Azul,,,2033,100
9541982454050,FixOEM:Refaccion Celular+ Micro Electrónica,Tapa Trasera Oneplus N200 Azul DE2118 -7,,,2029,140
9541968822562,FixOEM:Refaccion Celular+ Micro Electrónica,Tapa Trasera Huawei Pura 70 Pro Plata HBN-LX9,,,2024,190
9541968265506,FixOEM:Refaccion Celular+ Micro Electrónica,Tapa Trasera Huawei Pura 70 ADY-LX9,,,2023,420
9541967446306,FixOEM:Refaccion Celular+ Micro Electrónica,Tapa Oppo Reno 11 Gris 5G titanio,,,2022,400
9541966823714,FixOEM:Refaccion Celular+ Micro Electrónica,Display Lenovo Tb X103F Con Marco,,,2021,800
9537393164578,FixOEM:Refaccion Celular+ Micro Electrónica,Display Cubot Note 21 / note 40 / note 50,,,2019,290
9537392967970,FixOEM:Refaccion Celular+ Micro Electrónica,Display Tcl 20 Pro,,,2017,2260
9537375600930,FixOEM:Refaccion Celular+ Micro Electrónica,Display Lenovo Tab M9 Tb-310fu Tb-310xu,,,2014,300
9537375109410,FixOEM:Refaccion Celular+ Micro Electrónica,Display Infinix Hot 12 / 12 Play / Note 12I,,,2015,170
9537374257442,FixOEM:Refaccion Celular+ Micro Electrónica,Display Moto Edge 30 Ultra Oled C/huella XT2241,,,2010,890
9525749186850,FixOEM:Refaccion Celular+ Micro Electrónica,Tapa Trasera Oppo Reno 7 5G,,,6211,140
9525721956642,FixOEM:Refaccion Celular+ Micro Electrónica,Camara Trasera Huawei Nova 3,,,1965,500
9523722354978,FixOEM:Refaccion Celular+ Micro Electrónica,Bisel Xiaomi Redmi 10C / Poco C40,,,1989,70
9523721830690,FixOEM:Refaccion Celular+ Micro Electrónica,Boton Fisico Oppo A57 4G,,,1988,60
9523670253858,FixOEM:Refaccion Celular+ Micro Electrónica,Boton Fisico Oppo A53,,,1986,50
9523655344418,FixOEM:Refaccion Celular+ Micro Electrónica,Boton Fisico Vivo Y20 Azul,,,1985,60
9523072925986,FixOEM:Refaccion Celular+ Micro Electrónica,Flex Huella Xiaomi Poco X5 5g / Redmi Note 12 5G Negro,,,1977,150
9323100995874,FixOEM:Refaccion Celular+ Micro Electrónica,Display Oppo Reno 11 5G Oled,,,895,820
9522260115746,FixOEM:Refaccion Celular+ Micro Electrónica,Tapa trasera Oppo Reno 6 Lite Cph2365,,,705,100
9521199186210,FixOEM:Refaccion Celular+ Micro Electrónica,Bateria Xiaomi Poco C40 BN66,,,1964,220
9521197809954,FixOEM:Refaccion Celular+ Micro Electrónica,Bateria Nokia C3 2020 Ta-1258 SP330,,,1963,150
9521197220130,FixOEM:Refaccion Celular+ Micro Electrónica,Bateria Honor X7B / Play 50 Plus Clk-Lx1 -2 -3 HB4966A2EGW,,,1962,190
9521196466466,FixOEM:Refaccion Celular+ Micro Electrónica,Display Nokia G400 IPS N1530dl Ta-1448 Ta-1476,,,1961,310
9521195647266,FixOEM:Refaccion Celular+ Micro Electrónica,Bateria Samsung S23 Fe EB-BS711ABY,,,1969,180
9521193681186,FixOEM:Refaccion Celular+ Micro Electrónica,Bateria Samsung S22 EB-BS901ABY,,,1968,150
9521191584034,FixOEM:Refaccion Celular+ Micro Electrónica,Bateria Moto Edge X30 4G / X30 5G / Edge 30 Ultra Nr50,,,1967,230
9521183359266,FixOEM:Refaccion Celular+ Micro Electrónica,Display Google Pixel 6A Oled,,,1959,850
9521101111586,FixOEM:Refaccion Celular+ Micro Electrónica,Display Infinix Hot 40I IPS X6528B,,,1958,160
9521099473186,FixOEM:Refaccion Celular+ Micro Electrónica,Display Oneplus 10T / Oneplus Ace Pro IPS,,,1957,380
9516374458658,FixOEM:Refaccion Celular+ Micro Electrónica,Tapa Trasera Samsung S24 Negro,,,1955,80
9516369150242,FixOEM:Refaccion Celular+ Micro Electrónica,Boton Fisico Moto G62,,,1954,60
9516353618210,FixOEM:Refaccion Celular+ Micro Electrónica,Centro carga Honor X7 Cma-lx3,,,1953,60
9516308332834,FixOEM:Refaccion Celular+ Micro Electrónica,Tapa Trasera Zte Axon 40Se Negro,,,1950,120
9516307382562,FixOEM:Refaccion Celular+ Micro Electrónica,Tapa Trasera Zte Axon 40 Lite Negro,,,1949,120
9516306465058,FixOEM:Refaccion Celular+ Micro Electrónica,Tapa Trasera Xiaomi Redmi A3,,,1948,100
9516305940770,FixOEM:Refaccion Celular+ Micro Electrónica,Tapa Trasera Xiaomi Redmi 10C Negro,,,1947,100
9516305350946,FixOEM:Refaccion Celular+ Micro Electrónica,Tapa Trasera Xiaomi K40 Gaming,,,1946,110
9516304662818,FixOEM:Refaccion Celular+ Micro Electrónica,Tapa Trasera Vivo Y03 V2332  Negro,,,1945,80
9516304072994,FixOEM:Refaccion Celular+ Micro Electrónica,Tapa Trasera Samsung S24 Ultra s928,,,1944,110
9516301680930,FixOEM:Refaccion Celular+ Micro Electrónica,Tapa Trasera Oppo Reno 7 Lite,,,1942,90
9516300566818,FixOEM:Refaccion Celular+ Micro Electrónica,Tapa Trasera Moto G84 Xt2347 Negro,,,1941,70
9516297158946,FixOEM:Refaccion Celular+ Micro Electrónica,Tapa Trasera Moto Edge 40 Neo,,,1937,100
9516281463074,FixOEM:Refaccion Celular+ Micro Electrónica,Tapa Trasera Honor X7B Negro,,,1939,100
9516228673826,Fixoem,Pluma S Pen Samsung S24 Ultra / Tab S7 Fe Sm-T733 12.4,,,1936,220
9516228575522,Fixoem,Marco Xiaomi Poco X4 Pro 5G,,,1935,120
9516228477218,Fixoem,Bisel Xiaomi Note 13 Pro 5G Verde,,,1934,260
9516228378914,Fixoem,Marco Xiaomi Note 12 5G,,,1933,130
9516228280610,Fixoem,Marco Vivo Y20 / Y20I / Y20S Tornasol,,,1932,100
9516228182306,Fixoem,Marco Samsung A20S,,,1931,80
9516228051234,Fixoem,Marco Samsung A05 A055,,,1927,80
9516227985698,Fixoem,Marco Realme C53,,,1926,100
9516227887394,Fixoem,Bisel Moto Edge 40 Neo,,,1930,210
9516227821858,Fixoem,Marco Huawei Honor X7,,,1923,100
9516227592482,Fixoem,Marco Honor X6S,,,1922,100
9516224708898,FixOEM:Refaccion Celular+ Micro Electrónica,Charola Sim Zte V20 Smart,,,1873,50
9516223955234,FixOEM:Refaccion Celular+ Micro Electrónica,Charola Sim Zte Axon 50 Lite,,,1872,50
9516220481826,FixOEM:Refaccion Celular+ Micro Electrónica,Charola Sim Xiaomi Redmi Note 12 4G,,,1974,50
9516218122530,FixOEM:Refaccion Celular+ Micro Electrónica,Charola Sim Xiaomi Note 13 5G Azul,,,1868,50
9516217499938,FixOEM:Refaccion Celular+ Micro Electrónica,Charola Sim Vivo Y15S / Y15a,,,1867,50
9516216942882,FixOEM:Refaccion Celular+ Micro Electrónica,Charola Sim TCL 10L Negro,,,1866,50
9516216549666,FixOEM:Refaccion Celular+ Micro Electrónica,Charola Sim Samsung S20 Fe,,,1865,50
9516214944034,FixOEM:Refaccion Celular+ Micro Electrónica,Charola Sim Samsung Note 10 Plus Negro,,,1863,50
9516209701154,FixOEM:Refaccion Celular+ Micro Electrónica,Charola Sim Samsung M31 / M30S / M21,,,1864,50
9516205474082,FixOEM:Refaccion Celular+ Micro Electrónica,Charola Sim Oppo A79 / Oppo A2 5G,,,1862,50
9516201017634,FixOEM:Refaccion Celular+ Micro Electrónica,Charola Sim Nokia G50,,,1859,50
9516193743138,FixOEM:Refaccion Celular+ Micro Electrónica,Charola Sim Moto One Fusion Plus Blanco,,,1858,50
9516187189538,FixOEM:Refaccion Celular+ Micro Electrónica,Charola Sim Moto G51 5G Azul,,,1857,50
9516167168290,FixOEM:Refaccion Celular+ Micro Electrónica,Charola Sim Moto G04 / G04S,,,1856,50
9516159303970,FixOEM:Refaccion Celular+ Micro Electrónica,Charola Sim Moto Edge 20 Lite Negro,,,1855,50
9516151701794,FixOEM:Refaccion Celular+ Micro Electrónica,Charola Sim Iphone 15 Pro Max / 15 Pro,,,1854,50
9516146491682,FixOEM:Refaccion Celular+ Micro Electrónica,Charola Sim Huawei Nova y60 / y61 / Y70,,,1860,50
9516143477026,FixOEM:Refaccion Celular+ Micro Electrónica,Charola Sim Huawei Honor X9B / Magic 6 Lite,,,1853,50
9516140593442,FixOEM:Refaccion Celular+ Micro Electrónica,Charola Sim Honor 70,,,1852,50
9516128108834,Fixoem,Touch Samsung Tab a8 T380 / T385,,,1952,150
9516127879458,Fixoem,Touch Ipad 10 2022 A2696 A2757 A2777,,,1951,230
9516123423010,Fixoem,Lente Camara Zte Blade V Smart 2050 / V50 Smart,,,1921,30
9516123324706,Fixoem,Lente Camara Xiaomi Poco C65 / Redmi 13c,,,1919,50
9516123259170,Fixoem,Lente Camara Vivo Y20 (V2029) / Y20i (V2027) / Y20S (V2027),,,1917,50
9516123193634,Fixoem,Lente Camara Vivo Y03,,,1916,50
9516123160866,Fixoem,Lente Camara Samsung A55 / A35,,,1915,50
9516123029794,Fixoem,Lente Camara Samsung A05,,,1914,50
9516122931490,Fixoem,Lente Camara Redmi Xiaomi Note 11S 5G,,,1918,50
9516122800418,Fixoem,Lente Camara Oppo Reno 5 5G,,,1912,60
9516122767650,Fixoem,Lente Camara Oppo Reno 10 5G,,,1913,50
9516122702114,Fixoem,Lente Camara Moto G41 / G52 / G82 5G,,,1911,50
9516122636578,Fixoem,Lente Camara Moto G14,,,1910,60
9516122603810,Fixoem,Lente Camara Moto Edge 20 Lite,,,1909,60
9516122439970,Fixoem,Lente Camara Honor X7B,,,1907,50
9516122374434,Fixoem,Lente Camara Honor X6A,,,1906,50
9516122308898,Fixoem,Lente Camara Honor X5,,,1905,50
9516122243362,Fixoem,Glass Samsung A51 / m31s,,,1904,50
9516122177826,Fixoem,Flex Volumen Zte Axon 40Se,,,1903,50
9516122079522,Fixoem,Flex Volumen Oppo A77 5G,,,1902,50
9516122013986,Fixoem,Flex Volumen Oppo A54,,,1901,50
9516121981218,Fixoem,Flex Interconexion Zte Blade V41 Smart,,,1900,40
9516121882914,Fixoem,Flex Interconexion Xiaomi Poco X5 Pro,,,1899,50
9516121850146,Fixoem,Flex Interconexion Xiaomi Poco F5 5G,,,1898,50
9516121784610,Fixoem,Flex Interconexion Samsung S23,,,1896,80
9516121751842,Fixoem,Flex Interconexion Samsung S10 Lite G770,,,1895,50
9516121686306,Fixoem,Flex Interconexion Moto G82,,,1894,80
9516121620770,Fixoem,Flex Interconexion Honor X8 4G,,,1893,50
9516121588002,Fixoem,Flex Huella Xiaomi Redmi K40S / Poco F4,,,1892,150
9516121522466,Fixoem,Flex Huella Xiaomi Redmi 10 / Note 10s,,,1891,100
9516121456930,Fixoem,Flex Huella Xiaomi Poco X5 Pro 5G Azul,,,1890,200
9516121358626,Fixoem,Flex Huella Honor X5 Plus / X6A,,,1889,140
9516121194786,Fixoem,Flex Encendido Xiaomi Poco M5S,,,1886,50
9516121129250,Fixoem,Flex Encendido Xiaomi Note 13 5G,,,1885,50
9516121063714,Fixoem,Flex Encendido Vivo Y15S / Y01,,,1884,50
9516120965410,Fixoem,Flex Encendido Samsung S23 Plus / S23 5G S916 S911,,,1883,60
9516120834338,Fixoem,Flex Encendido Samsung S10 Lite,,,1882,50
9516120670498,Fixoem,Flex Encendido Samsung A15 A155,,,1881,50
9516120604962,Fixoem,Flex Encendido Samsung A05 A055,,,1880,50
9516120539426,Fixoem,Flex Encendido Oppo Reno 6,,,1879,60
9516120441122,Fixoem,Flex Encendido Moto G32 xt2235,,,1877,60
9516120375586,Fixoem,Flex Encendido Moto Edge 30 Ultra Xt2241,,,1876,60
9516120342818,Fixoem,Flex Encendido Moto E32 Xt2227,,,1875,50
9516120277282,Fixoem,Flex Encendido Honor X5 Plus,,,1874,60
9516105892130,Fixoem,Centro Carga Zte Axon 40Se,,,1849,110
9516105826594,Fixoem,Centro Carga Zte Axon 40 Lite,,,1848,110
9516105531682,Fixoem,Centro Carga Xiaomi Redmi Note 13 5G,,,1845,100
9516105433378,Fixoem,Centro Carga Xiaomi Redmi Note 13 4G,,,1844,90
9516105335074,Fixoem,Centro Carga Xiaomi Poco X6 5G / Note 13 Pro 5G,,,1843,110
9516105171234,FixOEM:Refaccion Celular+ Micro Electrónica,Centro Carga Xiaomi Poco F5,,,1830,110
9516105072930,FixOEM:Refaccion Celular+ Micro Electrónica,Centro Carga Xiaomi Poco X6 Pro,,,1842,110
9516104974626,FixOEM:Refaccion Celular+ Micro Electrónica,Centro Carga Xiaomi Mi 12 / 12X / 12S,,,1841,360
9516104843554,FixOEM:Refaccion Celular+ Micro Electrónica,Centro Carga Vivo Y03 V2332 / Y18 / Y18e,,,1840,60
9516104646946,FixOEM:Refaccion Celular+ Micro Electrónica,Centro Carga Samsung S23 Fe,,,1838,230
9516104581410,FixOEM:Refaccion Celular+ Micro Electrónica,Centro Carga Samsung S22,,,1837,300
9516104450338,FixOEM:Refaccion Celular+ Micro Electrónica,Centro Carga Samsung A35 5G a356,,,1836,80
9516104352034,FixOEM:Refaccion Celular+ Micro Electrónica,Centro Carga Samsung A25 5G a256,,,1835,50
9516104286498,FixOEM:Refaccion Celular+ Micro Electrónica,Centro Carga Realme Gt 2 Pro RMX3301,,,1833,330
9516104188194,FixOEM:Refaccion Celular+ Micro Electrónica,Centro Carga Realme C53,,,1832,60
9516104089890,FixOEM:Refaccion Celular+ Micro Electrónica,Centro Carga Oppo Reno 11 5G,,,1834,100
9516104024354,FixOEM:Refaccion Celular+ Micro Electrónica,Centro Carga Moto G24 / G24 Power,,,1829,70
9516103926050,FixOEM:Refaccion Celular+ Micro Electrónica,Centro Carga Moto Edge 40 Neo,,,1828,100
9516103860514,FixOEM:Refaccion Celular+ Micro Electrónica,Centro Carga Moto Edge 30 Ultra Xt-2201,,,1827,100
9516103762210,FixOEM:Refaccion Celular+ Micro Electrónica,Centro Carga Moto Edge 30 Fusion Xt2243,,,1826,110
9516103631138,FixOEM:Refaccion Celular+ Micro Electrónica,Centro Carga Moto Edge 30,,,1825,100
9516103500066,FixOEM:Refaccion Celular+ Micro Electrónica,Centro Carga Ipad Air 4 / Air 5,,,1851,130
9516103434530,FixOEM:Refaccion Celular+ Micro Electrónica,Centro Carga Huawei Honor X5 Plus / Honor X6A,,,1823,60
9516103336226,FixOEM:Refaccion Celular+ Micro Electrónica,Camara Frontal Huawei Y8S Jkm-lx3,,,1818,110
9516103237922,FixOEM:Refaccion Celular+ Micro Electrónica,Boton Fisico Samsung A71 / A51,,,1812,50
9516103172386,FixOEM:Refaccion Celular+ Micro Electrónica,Boton Fisico Realme  C21 / C20 / C11 2021,,,1811,30
9516103074082,FixOEM:Refaccion Celular+ Micro Electrónica,Boton Fisico Moto G9 Plus XT2087,,,1810,50
9516102975778,FixOEM:Refaccion Celular+ Micro Electrónica,Boton Fisico Moto G72,,,1808,60
9516102877474,FixOEM:Refaccion Celular+ Micro Electrónica,Boton Fisico Moto G52 / G82,,,1807,60
9516102779170,FixOEM:Refaccion Celular+ Micro Electrónica,Boton Fisico Moto G24,,,1806,50
9516102615330,FixOEM:Refaccion Celular+ Micro Electrónica,Bocina Altavoz Iphone 14,,,1804,50
9516102418722,FixOEM:Refaccion Celular+ Micro Electrónica,Altavoz buzzer Xiaomi Redmi Note 10S / Redmi Note 10 4G,,,1802,50
9516091408674,FixOEM:Refaccion Celular+ Micro Electrónica,Altavoz Xiaomi Redmi 12C,,,1800,50
9516091015458,FixOEM:Refaccion Celular+ Micro Electrónica,Altavoz Samsung S22 Plus S906,,,1799,60
9516089803042,FixOEM:Refaccion Celular+ Micro Electrónica,Altavoz Samsung A34/ A24 4G / A25 5G,,,1798,50
9516089377058,FixOEM:Refaccion Celular+ Micro Electrónica,Altavoz Samsung A14 5G,,,1797,60
9516088426786,FixOEM:Refaccion Celular+ Micro Electrónica,Altavoz Moto G82 XT2225,,,1796,60
9516087902498,FixOEM:Refaccion Celular+ Micro Electrónica,Altavoz Moto G32,,,1795,50
9516087312674,FixOEM:Refaccion Celular+ Micro Electrónica,Altavoz Iphone 11,,,1794,60
9516086591778,FixOEM:Refaccion Celular+ Micro Electrónica,Altavoz Huawei Y6P Med-lx9,,,1793,60
9516081774882,FixOEM:Refaccion Celular+ Micro Electrónica,Bocina Altavoz Buzzer Realme C55 RMX3710,,,1816,40
9516076990754,FixOEM:Refaccion Celular+ Micro Electrónica,Altavoz Buzzer Xiaomi Redmi Note 12 5G / POCO X5,,,1817,50
9516074959138,FixOEM:Refaccion Celular+ Micro Electrónica,Altavoz Buzzer Moto G31 XT2173,,,1814,50
9516072632610,FixOEM:Refaccion Celular+ Micro Electrónica,Altavoz Buzzer Honor X8 / x30i,,,1813,50
9507758571810,FixOEM:Refaccion Celular+ Micro Electrónica,Tapa Trasera Samsung A05S A057,,,1792,70
9507651158306,FixOEM:Refaccion Celular+ Micro Electrónica,Marco Oppo A15,,,1790,90
9504139247906,FixOEM:Refaccion Celular+ Micro Electrónica,Chip Toner Xerox Wc3655 5K 106R02741,,,1789,150
9498541687074,FixOEM:Refaccion Celular+ Micro Electrónica,Bisel Samsung A54 5G A546,,,1785,100
9498541195554,FixOEM:Refaccion Celular+ Micro Electrónica,Bisel Realme C11 RMX3231,,,1784,110
9498539393314,FixOEM:Refaccion Celular+ Micro Electrónica,Bisel Xiaomi Redmi 13C 23100RN82L 23106RN0D,,,1782,70
9498538213666,FixOEM:Refaccion Celular+ Micro Electrónica,Bisel Xiaomi Redmi 10A 220233L2C,,,1781,80
9498537263394,FixOEM:Refaccion Celular+ Micro Electrónica,Bisel Oppo A38,,,1780,70
9498536804642,FixOEM:Refaccion Celular+ Micro Electrónica,Bisel Honor X7,,,1779,80
9498531430690,FixOEM:Refaccion Celular+ Micro Electrónica,Tapa Trasera Honor X8A Plata CRT-LX1,,,1776,110
9498528678178,FixOEM:Refaccion Celular+ Micro Electrónica,Tapa Trasera Vivo Y33S / Y21 Tornasol,,,1775,130
9498527432994,FixOEM:Refaccion Celular+ Micro Electrónica,Tapa Trasera Vivo Y15S,,,1774,80
9498524418338,FixOEM:Refaccion Celular+ Micro Electrónica,Tapa Trasera Realme C53 RMX3760,,,1772,60
9498522517794,FixOEM:Refaccion Celular+ Micro Electrónica,Tapa Trasera Realme C11 2020 Rmx2185 Azul,,,1771,80
9498521764130,FixOEM:Refaccion Celular+ Micro Electrónica,Tapa Trasera Moto Edge 20 Pro Azul XT2153,,,1770,100
9498516455714,FixOEM:Refaccion Celular+ Micro Electrónica,Tapa Trasera Iphone 15 Pro Max C/Lente de camara,,,1991,90
9498486440226,FixOEM:Refaccion Celular+ Micro Electrónica,Tapa Trasera Honor X6A Plus Wdy-lx3 Negro,,,1766,90
4629560393803,Xiaomi Compatible,Lector Huella Xiaomi Redmi Note 7,,,8054,50
4629564719179,Huawei Compatible,Flex Encendido Huawei Y6 2019 Mrd-Lx3,,,7964,50
4583094550603,-,Display Sony Xz1 IPS G8341 G8342,,,7638,630
9487533146402,FixOEM:Refaccion Celular+ Micro Electrónica,Super Cargador Huawei Original 66W Usb-C,,,HAC013,350
9487503851810,FixOEM:Refaccion Celular+ Micro Electrónica,Cargador Laptop Huawei Original 65W tipo C Supercharge,,,HAC011,600
9487492972834,FixOEM:Refaccion Celular+ Micro Electrónica,"Mouse Inalámbrico Huawei Original Bluetooh 5.0 , 2.4 Ghz Wi-Fi",,,HAC009,500
9487490416930,FixOEM:Refaccion Celular+ Micro Electrónica,Cable De Datos Huawei Original Tipo C A C,,,HAC010,90
9483923652898,FixOEM:Refaccion Celular+ Micro Electrónica,Display Honor Pad X9 IPS ELN-W09,,,1762,645
9483923259682,FixOEM:Refaccion Celular+ Micro Electrónica,Display Zte A31 Plus IPS,,,1761,190
9483921785122,FixOEM:Refaccion Celular+ Micro Electrónica,Display Alcatel 1l Plus / 1l 2021 IPS,,,1760,350
9482987733282,FixOEM:Refaccion Celular+ Micro Electrónica,Brocha Antiestatica,,,1755,100
9482987569442,FixOEM:Refaccion Celular+ Micro Electrónica,Lampara Led Base Magnetica,,,1754,390
9482987372834,FixOEM:Refaccion Celular+ Micro Electrónica,Marco Samsung A20 Negro,,,1753,90
9482987110690,FixOEM:Refaccion Celular+ Micro Electrónica,Flex Encendido Moto G100,,,1752,50
9482987045154,FixOEM:Refaccion Celular+ Micro Electrónica,Charola Sim Moto G13 / G23 Negro,,,1751,50
9482986848546,FixOEM:Refaccion Celular+ Micro Electrónica,Charola Sim Samsung A04 Negro,,,1750,50
9482986684706,FixOEM:Refaccion Celular+ Micro Electrónica,Charola Sim Moto One Macro Negro,,,1749,50
9482986553634,FixOEM:Refaccion Celular+ Micro Electrónica,Charola Sim Moto G31,,,1748,50
9482986422562,FixOEM:Refaccion Celular+ Micro Electrónica,Charola Sim Moto G9 Power Verde,,,1747,50
9475600253218,FixOEM:Refaccion Celular+ Micro Electrónica,Tapa trasera Honor 9X Negro,,,490,100
9474387149090,FixOEM:Refaccion Celular+ Micro Electrónica,Display Zte Axon 50 5G 9050n OLED,,,1743,3960
9474387083554,FixOEM:Refaccion Celular+ Micro Electrónica,Display Vivo Y03 V2332 / Y18 4G IPS,,,1742,160
9474386919714,FixOEM:Refaccion Celular+ Micro Electrónica,Display Vivo V20 / V20se IPS V2022 V2025 -24,,,1738,310
9474386854178,FixOEM:Refaccion Celular+ Micro Electrónica,Display Vivo V17 / V19 Neo IPS,,,1737,360
9474386821410,FixOEM:Refaccion Celular+ Micro Electrónica,Display Samsung Tab S9 SM-X710 -X716,,,1736,10030
9474386755874,FixOEM:Refaccion Celular+ Micro Electrónica,Display Ipad Mini 5 A2133 A2124 A2125 A2126,,,1735,765
9474386723106,FixOEM:Refaccion Celular+ Micro Electrónica,Display Ipad 6,,,1734,765
9474386657570,FixOEM:Refaccion Celular+ Micro Electrónica,Display Samsung Tab S9 Ultra x910,,,1733,14970
9474386624802,FixOEM:Refaccion Celular+ Micro Electrónica,Display Xiaomi Poco M6 Pro 4G / Redmi Note 13 Pro 4G,,,1732,655
9474386559266,FixOEM:Refaccion Celular+ Micro Electrónica,Bateria Realme 8 / Realme 8I / C30 / C30S / C31 / C33 Blp877,,,1731,170
9474386526498,FixOEM:Refaccion Celular+ Micro Electrónica,Bateria Vivo Y22S / Y22/ Y35 B-W3,,,1724,170
9474386493730,FixOEM:Refaccion Celular+ Micro Electrónica,Bateria Oppo A76 Cph2375 / A96 Cph2333 Blp885,,,1723,180
9474386428194,FixOEM:Refaccion Celular+ Micro Electrónica,Bateria Xiaomi Redmi Note 12 4G Y 5G Bn5M,,,1722,170
9474386395426,FixOEM:Refaccion Celular+ Micro Electrónica,Bateria Oppo A38 4G / A78 5G Blpa07,,,1720,190
9474386297122,FixOEM:Refaccion Celular+ Micro Electrónica,Bateria Lenovo Tab M8 L19D1P31,,,1718,200
9474386198818,FixOEM:Refaccion Celular+ Micro Electrónica,Bateria Moto G73 Pv50,,,1717,170
9474386100514,FixOEM:Refaccion Celular+ Micro Electrónica,Bateria Xiaomi Redmi 12 Bm5R,,,1715,170
9474386002210,FixOEM:Refaccion Celular+ Micro Electrónica,Bateria Honor Magic 6 Lite / Honor x50 / x9b Hb526694Ehw,,,1712,180
9474385936674,FixOEM:Refaccion Celular+ Micro Electrónica,Bateria Xiaomi Redmi 12C / Poco C55 BN5K,,,1710,160
9474385903906,FixOEM:Refaccion Celular+ Micro Electrónica,Bateria Samsung S23 Plus EB-BS916ABY,,,1708,160
9474385838370,FixOEM:Refaccion Celular+ Micro Electrónica,Bateria Samsung Note 10 Lite EB-BN770ABY,,,1706,160
9474385772834,FixOEM:Refaccion Celular+ Micro Electrónica,Bateria Samsung A22 5G / A04 / Scud-Wt-W1 / Scud-Wt-S-W1,,,1705,160
9474385707298,FixOEM:Refaccion Celular+ Micro Electrónica,Bateria Samsung A15 4G EB-BA156ABY,,,1704,170
9474385641762,FixOEM:Refaccion Celular+ Micro Electrónica,Bateria Realme Gt3 / Gt Neo 2 / Gt Pro 2 BLP887,,,1703,310
9474385576226,FixOEM:Refaccion Celular+ Micro Electrónica,Bateria Oneplus 6T / Oneplus 7 Blp685,,,1700,155
9474385477922,FixOEM:Refaccion Celular+ Micro Electrónica,Bateria Nokia C21 / C10 / C12 / 20 BL-29CI,,,1698,110
9474385412386,FixOEM:Refaccion Celular+ Micro Electrónica,Bateria Nokia 1 Plus HE365,,,1697,90
9474385215778,FixOEM:Refaccion Celular+ Micro Electrónica,Bateria Google Pixel 8 GS35E,,,1694,170
9474385150242,FixOEM:Refaccion Celular+ Micro Electrónica,Bateria Google Pixel 6 GMSB3,,,1693,160
9473253998882,FixOEM:Refaccion Celular+ Micro Electrónica,Display Oneplus 7T IPS,,,1657,210
9473249280290,FixOEM:Refaccion Celular+ Micro Electrónica,Display Samsung Note 20 4G / 5G Oled N980,,,1656,1000
9473243742498,FixOEM:Refaccion Celular+ Micro Electrónica,Display Google Pixel 6 Pro Oled,,,1655,780
9473172570402,FixOEM:Refaccion Celular+ Micro Electrónica,Tapa Trasera Samsung Z Flip 4 Morada,,,1691,180
9473172504866,FixOEM:Refaccion Celular+ Micro Electrónica,Tapa Trasera Moto G54 Azul XT2343,,,1690,70
9473172439330,FixOEM:Refaccion Celular+ Micro Electrónica,Tapa Trasera Zte Blade A52 Lite,,,1685,140
9473172373794,FixOEM:Refaccion Celular+ Micro Electrónica,Tapa Trasera Moto Edge 20 XT2143,,,1681,90
9473172341026,FixOEM:Refaccion Celular+ Micro Electrónica,Tapa Trasera Xiaomi Poco X3 Gt Negro 21061110AG,,,1680,140
9473172275490,FixOEM:Refaccion Celular+ Micro Electrónica,Tapa Trasera Honor 8A Negro,,,1670,80
9473172177186,FixOEM:Refaccion Celular+ Micro Electrónica,Tapa Trasera Moto G10 Power Azul,,,1668,80
9473172078882,FixOEM:Refaccion Celular+ Micro Electrónica,Tapa Trasera Huawei Nova 9,,,1667,120
9473172046114,FixOEM:Refaccion Celular+ Micro Electrónica,Tapa Trasera Honor 9A Azul,,,1666,80
9473171980578,FixOEM:Refaccion Celular+ Micro Electrónica,Tapa Trasera Moto G7 Blanco XT1062,,,1665,80
9473171915042,FixOEM:Refaccion Celular+ Micro Electrónica,Carcasa + Tapa Iphone Xs Max Negro,,,1660,350
9473171816738,FixOEM:Refaccion Celular+ Micro Electrónica,Carcasa + Tapa Iphone 14 Plus,,,1659,310
9473171783970,FixOEM:Refaccion Celular+ Micro Electrónica,Carcasa + Tapa Iphone 12 Pro Max,,,1658,960
9470624694562,FixOEM:Refaccion Celular+ Micro Electrónica,Batería Samsung S6 Edge Plus EB-BG928ABE,,,6121,120
9464496029986,FixOEM:Refaccion Celular+ Micro Electrónica,Lente Camara Samsung Note 20 Ultra N986,,,1653,50
9464495571234,FixOEM:Refaccion Celular+ Micro Electrónica,Lente Camara Moto Z2 Force XT1789,,,1652,60
9464495145250,FixOEM:Refaccion Celular+ Micro Electrónica,Lente Camara Moto Edge 40 Neo / Edge 40,,,1651,50
9464494883106,FixOEM:Refaccion Celular+ Micro Electrónica,Lente Camara Moto Edge 20,,,1650,60
9464494489890,FixOEM:Refaccion Celular+ Micro Electrónica,Lente Camara Honor 50 Lite / nova 8i,,,1649,50
9464493080866,FixOEM:Refaccion Celular+ Micro Electrónica,Camara Trasera Oppo A78,,,1647,150
9464492491042,FixOEM:Refaccion Celular+ Micro Electrónica,Bisel Samsung A05S A055 A057,,,1646,70
9464492294434,FixOEM:Refaccion Celular+ Micro Electrónica,Tapa Trasera Xiaomi Redmi Note 13 Pro 5G,,,1645,110
9464491835682,FixOEM:Refaccion Celular+ Micro Electrónica,Tapa Trasera Oneplus 7 Pro Negro,,,1643,120
9464455495970,FixOEM:Refaccion Celular+ Micro Electrónica,Tapa Trasera Vivo Y36 5G Negro,,,1642,100
9464454349090,FixOEM:Refaccion Celular+ Micro Electrónica,Lente Camara Oppo Reno 6.,,,1640,60
9464454250786,FixOEM:Refaccion Celular+ Micro Electrónica,Lente Camara Moto E7 Xt2095,,,1639,60
9464453955874,FixOEM:Refaccion Celular+ Micro Electrónica,Lente Camara Vivo Y22 / Y22S  V2206  V2207 / Oppo A40,,,1638,50
9464447303970,FixOEM:Refaccion Celular+ Micro Electrónica,Lente Camara Samsung A52 4G / A52 5G / A52S 5G,,,1637,60
9464389533986,FixOEM:Refaccion Celular+ Micro Electrónica,Pin Carga Samsung M10 2019 M105F A10 A105F A7 2018 A750F A750 J3 2016,,,1636,5
9460267778338,FixOEM:Refaccion Celular+ Micro Electrónica,Bateria Huawei Original Nova 7 Se/Huawei P40 Lite 5G New Edition B466483EEW,,,HBA048,130
9460256276770,FixOEM:Refaccion Celular+ Micro Electrónica,Bateria Huawei Original Watch 4 Pro,,,HBA047,330
9460255752482,FixOEM:Refaccion Celular+ Micro Electrónica,Bateria Huawei Original Watch Gt 4 HB522024EHW,,,HBA046,330
9460255326498,FixOEM:Refaccion Celular+ Micro Electrónica,Bateria Huawei Watch Original Gt 2/ Gt 2E/ Gt 2 Pro/Porsche Design |  Gt 2/ Gt 3/ B5 HB532729ECW,,,HBA045,120
9459478462754,FixOEM:Refaccion Celular+ Micro Electrónica,Bateria Huawei Original P50 / P50E HB516578EFW,,,HBA043,110
9457745035554,FixOEM:Refaccion Celular+ Micro Electrónica,Flex Encendido Moto G72 Xt2255,,,1634,50
9457744937250,FixOEM:Refaccion Celular+ Micro Electrónica,Flex Encendido Xiaomi Redmi Note 12 / Note 12 Pro 4G,,,1633,50
9457744806178,FixOEM:Refaccion Celular+ Micro Electrónica,Flex Encendido Xiaomi Redmi Note 12C 22120rn86g,,,1632,50
9457744675106,FixOEM:Refaccion Celular+ Micro Electrónica,Flex Huella Zte V40 Vita.,,,1631,140
9457744511266,FixOEM:Refaccion Celular+ Micro Electrónica,Flex Huella Huawei Y9S Stk-lx3,,,1630,120
9457744412962,FixOEM:Refaccion Celular+ Micro Electrónica,Flex Huella Nova Y70 Mga-lx3,,,1629,150
9457744347426,FixOEM:Refaccion Celular+ Micro Electrónica,Flex Huella Moto G62.,,,1628,210
9457744118050,FixOEM:Refaccion Celular+ Micro Electrónica,Flex Encendido Tcl 20Xe 5087Z,,,1626,50
9457744052514,FixOEM:Refaccion Celular+ Micro Electrónica,Flex Encendido Samsung A05S A057,,,1625,50
9457743954210,FixOEM:Refaccion Celular+ Micro Electrónica,Flex Encendido Moto G42 Xt2233,,,1624,60
9457743823138,FixOEM:Refaccion Celular+ Micro Electrónica,Flex Interconexion Reno 7 lite / Reno 8 lite,,,1623,80
9457743757602,FixOEM:Refaccion Celular+ Micro Electrónica,Charola Sim Samsung A52 / A52S / A72 5G,,,1622,50
9457743659298,FixOEM:Refaccion Celular+ Micro Electrónica,Charola Sim Moto G41 Xt2167,,,1621,50
9457743626530,FixOEM:Refaccion Celular+ Micro Electrónica,Centro Carga Oppo Reno 10 Pro.,,,1620,110
9457743593762,FixOEM:Refaccion Celular+ Micro Electrónica,Centro Carga Nokia C20 TA-1339,,,1619,60
9457743528226,FixOEM:Refaccion Celular+ Micro Electrónica,Centro Carga Honor X9 Lite jkm-lx1,,,1618,60
9457743397154,FixOEM:Refaccion Celular+ Micro Electrónica,Carcasa + Tapa Iphone 14 Negro,,,1616,630
9457743331618,FixOEM:Refaccion Celular+ Micro Electrónica,Altavoz Buzzer Oppo Reno 7 4G Cph2363,,,1615,50
9457743298850,FixOEM:Refaccion Celular+ Micro Electrónica,Bocina Moto E7 Plus XT2081,,,1614,50
9457743266082,FixOEM:Refaccion Celular+ Micro Electrónica,Auricular Samsung S10 Lite / Note 10 Lite / A42 / A71 5G / A10E,,,1613,60
9457743233314,FixOEM:Refaccion Celular+ Micro Electrónica,Flex Volumen Realme 8 5G RMX3241,,,1612,50
9457743167778,FixOEM:Refaccion Celular+ Micro Electrónica,Flex boton volumen Oppo A57,,,1611,50
9457743069474,FixOEM:Refaccion Celular+ Micro Electrónica,Lector Sim Huawei P30 Pro VOG-L29,,,1609,80
9457743003938,FixOEM:Refaccion Celular+ Micro Electrónica,Flex Interconexion Xiaomi Redmi Note 13 5G,,,1608,50
9457742971170,FixOEM:Refaccion Celular+ Micro Electrónica,Flex Interconexion Xiaomi Redmi Note 11 5G,,,1607,50
9457742905634,FixOEM:Refaccion Celular+ Micro Electrónica,Flex Interconexion Xiaomi Poco M4 Pro 5G,,,1605,50
9457742840098,FixOEM:Refaccion Celular+ Micro Electrónica,Flex Interconexion Xiaomi Redmi Note 11 / Note 11S / Poco M4 Pro 4G,,,1604,50
9457742774562,FixOEM:Refaccion Celular+ Micro Electrónica,Flex Interconexion Samsung S23 Fe,,,1603,80
9457742741794,FixOEM:Refaccion Celular+ Micro Electrónica,Flex Interconexion Samsung A15 A155 A156,,,1602,50
9457742676258,FixOEM:Refaccion Celular+ Micro Electrónica,Flex Interconexion Moto Stylus 2021,,,1601,50
9457742643490,FixOEM:Refaccion Celular+ Micro Electrónica,Flex Interconexion Moto One Macro,,,1600,50
9457742610722,FixOEM:Refaccion Celular+ Micro Electrónica,Flex Interconexion Moto G32 / E32,,,1599,40
9457742479650,FixOEM:Refaccion Celular+ Micro Electrónica,Flex Huella Zte A71 A7030 Azul,,,1598,110
9457742446882,FixOEM:Refaccion Celular+ Micro Electrónica,Flex Huella Vivo Y22S 2022/ Y22 Azul,,,1597,110
9457742381346,FixOEM:Refaccion Celular+ Micro Electrónica,Flex Huella Realme 6 / 6 Pro / Realme 7 4G / Oppo A72 5G / Oppo A92,,,1596,170
9457742283042,FixOEM:Refaccion Celular+ Micro Electrónica,Flex Huella Moto One Fusion Plus Xt2067 Azul,,,1594,170
9457742250274,FixOEM:Refaccion Celular+ Micro Electrónica,Flex Huella Moto G9 Power,,,11106,180
9457742151970,FixOEM:Refaccion Celular+ Micro Electrónica,Flex Huella Moto G04 / G04S Azul,,,1591,150
9457742119202,FixOEM:Refaccion Celular+ Micro Electrónica,Flex Huella Moto G Stylus 2021 Negro,,,1590,150
9457742053666,FixOEM:Refaccion Celular+ Micro Electrónica,Flex Huella Moto E20 / E30 / E40 / G31,,,1589,170
9457741988130,FixOEM:Refaccion Celular+ Micro Electrónica,Flex Encendido Zte A33S / L220,,,1588,30
9457741955362,FixOEM:Refaccion Celular+ Micro Electrónica,Flex Encendido Zte Blade V40 Vita 8045,,,1587,60
9457741922594,FixOEM:Refaccion Celular+ Micro Electrónica,Flex Encendido Zte Axon 40 Lite,,,1586,50
9457741857058,FixOEM:Refaccion Celular+ Micro Electrónica,Flex Encendido Zte A52 Lite,,,1585,60
9457741824290,FixOEM:Refaccion Celular+ Micro Electrónica,Flex Encendido Xiaomi Redmi 10 Prime / Redmi 10,,,1584,50
9457741758754,FixOEM:Refaccion Celular+ Micro Electrónica,Flex Encendido Vivo V21 4g y 5g,,,1583,60
9457741725986,FixOEM:Refaccion Celular+ Micro Electrónica,Flex Encendido Samsung Note 10 Lite,,,1582,50
9457741693218,FixOEM:Refaccion Celular+ Micro Electrónica,Flex Encendido Realme 8 5G,,,1581,50
9457741627682,FixOEM:Refaccion Celular+ Micro Electrónica,Flex Encendido Oppo A57 Cph2387,,,1580,50
9457741594914,FixOEM:Refaccion Celular+ Micro Electrónica,Flex Encendido Moto Edge 40 Neo,,,1579,50
9457741529378,FixOEM:Refaccion Celular+ Micro Electrónica,Flex Encendido Lg Stylo 6,,,1578,40
9457741496610,FixOEM:Refaccion Celular+ Micro Electrónica,Flex Encendido Lg K51,,,1577,40
9457741463842,FixOEM:Refaccion Celular+ Micro Electrónica,Flex Encendido Iphone 13 Pro Max,,,1576,80
9457741365538,FixOEM:Refaccion Celular+ Micro Electrónica,Flex Encendido Huawei Honor 7X,,,1574,50
9457741300002,FixOEM:Refaccion Celular+ Micro Electrónica,Charola Sim Zte V9 Vita Azul,,,1573,50
9457741267234,FixOEM:Refaccion Celular+ Micro Electrónica,Charola Sim Zte A54 Azul,,,1572,50
9457741201698,FixOEM:Refaccion Celular+ Micro Electrónica,Charola Sim Samsung Z Flip 5 Azul,,,1571,50
9457741168930,FixOEM:Refaccion Celular+ Micro Electrónica,Charola Sim Samsung J4 Core Azul,,,1570,50
9457741103394,FixOEM:Refaccion Celular+ Micro Electrónica,Charola Sim Redmi 10C / 12C / Poco C40 Negro,,,1569,50
9457741070626,FixOEM:Refaccion Celular+ Micro Electrónica,Charola Sim Moto G54 Xt2343 Negro,,,1568,50
9457741005090,FixOEM:Refaccion Celular+ Micro Electrónica,Charola Sim Moto G100 Negro,,,1567,50
9457740939554,FixOEM:Refaccion Celular+ Micro Electrónica,Charola Sim Iphone 8 Plus Negro,,,1566,30
9457740775714,FixOEM:Refaccion Celular+ Micro Electrónica,Charola Sim Oppo Reno 7 5G,,,1563,50
9457740742946,FixOEM:Refaccion Celular+ Micro Electrónica,Charola Sim Oppo Reno 6 Lite,,,1562,30
9457740644642,FixOEM:Refaccion Celular+ Micro Electrónica,Charola Sim Oppo Reno 6 5G Violeta,,,1561,50
9457740611874,FixOEM:Refaccion Celular+ Micro Electrónica,Charola Sim Oppo A57 Cph2387,,,1560,50
9457740579106,FixOEM:Refaccion Celular+ Micro Electrónica,Charola Sim Oppo A17 Azul,,,1559,50
9457740546338,FixOEM:Refaccion Celular+ Micro Electrónica,Centro Carga Zte Blade V50,,,1558,110
9457740513570,FixOEM:Refaccion Celular+ Micro Electrónica,Centro Carga Zte A54 / A34,,,1557,90
9457740415266,FixOEM:Refaccion Celular+ Micro Electrónica,Centro Carga Xiaomi Poco M6 Pro / Redmi Note 13 Pro 4G,,,1556,60
9457740382498,FixOEM:Refaccion Celular+ Micro Electrónica,Centro Carga Samsung Z Flip 5 5G SM-F731,,,1555,250
9457740349730,FixOEM:Refaccion Celular+ Micro Electrónica,Centro Carga Samsung Z Flip 4 SM-F721U Version Europea,,,1554,210
9457740251426,FixOEM:Refaccion Celular+ Micro Electrónica,Centro Carga Samsung Z Flip 3 5G SM-F711,,,1553,170
9457740218658,FixOEM:Refaccion Celular+ Micro Electrónica,Centro Carga Samsung Z Flip 5G Sm-F707B,,,1552,100
9457740120354,FixOEM:Refaccion Celular+ Micro Electrónica,Centro Carga Samsung Z Flip 1,,,1635,100
9457739989282,FixOEM:Refaccion Celular+ Micro Electrónica,Centro Carga Moto G34,,,1549,90
9457739956514,FixOEM:Refaccion Celular+ Micro Electrónica,Centro Carga Lg K62 Plus / k62,,,1548,110
9457739923746,FixOEM:Refaccion Celular+ Micro Electrónica,Centro Carga Huawei Mate 40 Pro,,,1547,100
9457739759906,FixOEM:Refaccion Celular+ Micro Electrónica,Centro Carga Hisense E60,,,1544,100
9457739727138,FixOEM:Refaccion Celular+ Micro Electrónica,Camara Trasera Xiaomi Note 11S,,,1543,220
9457739661602,FixOEM:Refaccion Celular+ Micro Electrónica,Camara Trasera Samsung A50,,,1542,430
9457739628834,FixOEM:Refaccion Celular+ Micro Electrónica,Camara Frontal Oppo A53,,,1541,100
9457739596066,FixOEM:Refaccion Celular+ Micro Electrónica,Camara Frontal Huawei Y6 2019,,,1540,100
9457739530530,FixOEM:Refaccion Celular+ Micro Electrónica,Botones Fisicos Oppo Reno 6 Lite,,,1539,50
9457739497762,FixOEM:Refaccion Celular+ Micro Electrónica,Botones Fisicos Lg K51,,,1538,60
9457739432226,FixOEM:Refaccion Celular+ Micro Electrónica,Bisel Xiaomi Poco X5 / Note 12 5G,,,1537,90
9457739366690,FixOEM:Refaccion Celular+ Micro Electrónica,Bisel Oppo A57 4g 2022 / A57s / A77 4G,,,1536,80
9457739333922,FixOEM:Refaccion Celular+ Micro Electrónica,Bisel Honor X6 / Gr5 2017,,,1535,70
9457739268386,FixOEM:Refaccion Celular+ Micro Electrónica,Flex Antena Samsung S22 Ultra S908,,,1534,50
9457739235618,FixOEM:Refaccion Celular+ Micro Electrónica,Altavoz Samsung Note 9 N960,,,1533,40
9457739202850,FixOEM:Refaccion Celular+ Micro Electrónica,Altavoz Buzzer Xiaomi Redmi Note 11 4G / Redmi Note 11s,,,1532,50
9457739170082,FixOEM:Refaccion Celular+ Micro Electrónica,Altavoz Buzzer Xiaomi Redmi 12,,,1531,50
9457739137314,FixOEM:Refaccion Celular+ Micro Electrónica,Altavoz Buzzer Samsung Note 10 Plus N975,,,1530,60
9457739104546,FixOEM:Refaccion Celular+ Micro Electrónica,Altavoz Buzzer Samsung A05S A057,,,1529,50
9457739039010,FixOEM:Refaccion Celular+ Micro Electrónica,Altavoz Buzzer Realme C11,,,1528,60
9457738973474,FixOEM:Refaccion Celular+ Micro Electrónica,Altavoz Buzzer Moto G100 Xt2125,,,1527,50
9457738940706,FixOEM:Refaccion Celular+ Micro Electrónica,Altavoz Buzzer Moto G04 XT2421,,,1526,50
9457738875170,FixOEM:Refaccion Celular+ Micro Electrónica,Altavoz Buzzer Honor X7 / Play 30 plus,,,1525,60
9455607513378,FixOEM:Refaccion Celular+ Micro Electrónica,Bateria Oppo Reno 10 Cph1919 Blp705,,,1524,160
9455607120162,FixOEM:Refaccion Celular+ Micro Electrónica,Bateria Xiaomi Mi 9 Se / Mi 9 Bm3M,,,1523,170
9455606595874,FixOEM:Refaccion Celular+ Micro Electrónica,Bateria Xiaomi Mi 11 Lite 5G / 11 lite 5g ne BP42,,,1522,150
9455606038818,FixOEM:Refaccion Celular+ Micro Electrónica,Bateria Vivo Y53 B-C1,,,1521,90
9455604859170,FixOEM:Refaccion Celular+ Micro Electrónica,Bateria Samsung Tab Sm t360 / T365 / T390 / T395 EB-BT365BBC,,,1520,170
9455603089698,FixOEM:Refaccion Celular+ Micro Electrónica,Bateria Moto Edge 20 Pro / Edge S Pro Mt45,,,1518,180
9455602532642,FixOEM:Refaccion Celular+ Micro Electrónica,Bateria Ipad Mini 5 A2114,,,1517,110
9455602041122,FixOEM:Refaccion Celular+ Micro Electrónica,Bateria Infinix Hot 30I BL-49NX,,,1514,160
9455601647906,FixOEM:Refaccion Celular+ Micro Electrónica,Bateria Hisense F23 LPN385300A,,,1513,160
9455439446306,FixOEM:Refaccion Celular+ Micro Electrónica,Bateria Ipad Pro 10.5  A1798 A1701 A1709 A1852,,A1701 A1709 A 1852 | RECOMENDACIONES,1498,290
9454492287266,FixOEM:Refaccion Celular+ Micro Electrónica,Bateria Xiaomi Redmi 7A Bn49,,,1497,130
9454491664674,FixOEM:Refaccion Celular+ Micro Electrónica,Bateria Xiaomi Redmi Note 11 Pro Bm5A,,,1495,220
9454490878242,FixOEM:Refaccion Celular+ Micro Electrónica,Bateria Zte Blade A53 E6539B,,,1493,130
9454489829666,FixOEM:Refaccion Celular+ Micro Electrónica,Bateria Xiaomi Mi 10 5G / Mi 10 Pro BM4N,,,1491,220
9454488977698,FixOEM:Refaccion Celular+ Micro Electrónica,Bateria Xiaomi 11T Pro 5G Bm58,,,1490,345
9454488650018,FixOEM:Refaccion Celular+ Micro Electrónica,Bateria Vivo Y27 / Y36 4G / Y36 5G / Y78 5G B-Z5,,,1489,170
9454418329890,FixOEM:Refaccion Celular+ Micro Electrónica,Bisel Honor Magic 5 Lite / X9a,,,1500,140
9454403060002,FixOEM:Refaccion Celular+ Micro Electrónica,Bisel Zte Blade V Smart 2050,,,1512,100
9454400864546,Fixoem,Marco Moto G84,,,1925,100
9454399422754,FixOEM:Refaccion Celular+ Micro Electrónica,Bisel Samsung A02S A025,,,1510,60
9454398210338,FixOEM:Refaccion Celular+ Micro Electrónica,Bisel Oppo Reno 10 5G,,,1509,370
9454397063458,FixOEM:Refaccion Celular+ Micro Electrónica,Bisel Oppo A54 / A55 4G Cph2325 Cph2239,,,1508,70
9454395818274,FixOEM:Refaccion Celular+ Micro Electrónica,Bisel Moto G54 Xt2343,,,1507,100
9454394736930,FixOEM:Refaccion Celular+ Micro Electrónica,Marco Moto G41 / G31,,,1506,110
9454393590050,FixOEM:Refaccion Celular+ Micro Electrónica,Bisel Moto G24 XT2423,,,1505,100
9454392574242,FixOEM:Refaccion Celular+ Micro Electrónica,Bisel Huawei Y7A Ppa-lx3,,,1504,80
9454391427362,FixOEM:Refaccion Celular+ Micro Electrónica,Bisel Huawei Y6 2019 Mrd-lx3,,,1503,70
9454389985570,FixOEM:Refaccion Celular+ Micro Electrónica,Bisel Huawei P40 Lite,,,1502,140
9454384316706,FixOEM:Refaccion Celular+ Micro Electrónica,Bateria Xiaomi Redmi Note 12 / Note 12 Pro / Poco X5 5G / 12T Bn5J,,,1494,170
9452625527074,FixOEM:Refaccion Celular+ Micro Electrónica,Centro Carga Xiaomi Note 11e / Poco M4 5G,,,1487,50
9445461229858,FixOEM:Refaccion Celular+ Micro Electrónica,Display Xiaomi 12 Pro 2201122C  / Mi 12S Pro 2206122Sc / 12S Ultra,,,1481,315
9445461164322,FixOEM:Refaccion Celular+ Micro Electrónica,Display ZTE Nubia N61 N6010,,,1480,160
9445461131554,FixOEM:Refaccion Celular+ Micro Electrónica,Display Infinix Hot 30I X669,,,1479,155
9445461098786,FixOEM:Refaccion Celular+ Micro Electrónica,Display Samsung   M34 5G M346 / A24 / A25 5G,,,1478,1910
9445461033250,FixOEM:Refaccion Celular+ Micro Electrónica,Display Oppo Find X2 Neo 5G CPH2009,,,1477,300
9445460869410,SUNSHINE,Punta Cautin Fina Cobre Sunshine Ss-900M,,,1475,130
9445460705570,FixOEM:Refaccion Celular+ Micro Electrónica,Display Cubot P80 IPS,,,1471,220
9445460672802,FixOEM:Refaccion Celular+ Micro Electrónica,Display Vivo V30 5G / V30 Pro Amoled,,,1470,2310
9445460508962,FixOEM:Refaccion Celular+ Micro Electrónica,Display Oppo A59 / F1S / A59S Ips  a1601,,,1468,200
9445460443426,FixOEM:Refaccion Celular+ Micro Electrónica,Tapa Trasera Zte Blade A5 2019,,,1467,120
9445460377890,FixOEM:Refaccion Celular+ Micro Electrónica,Tapa Trasera Xiaomi Note 12 Pro Plus Negro,,,1466,110
9445460246818,FixOEM:Refaccion Celular+ Micro Electrónica,Tapa Trasera Huawei Mate 30 Pro Lio-l29 Azul,,,1463,130
9445460050210,FixOEM:Refaccion Celular+ Micro Electrónica,Tapa Trasera Xiaomi Mi 10 Lite M2007j17g,,,1460,110
9445459984674,FixOEM:Refaccion Celular+ Micro Electrónica,Tapa Trasera Xiaomi 12 T / 12 T pro,,,1303,140
9444279320866,FixOEM:Refaccion Celular+ Micro Electrónica,Tapa Trasera Lg V60 Thinq Negro,,,1196,140
9444278501666,FixOEM:Refaccion Celular+ Micro Electrónica,Tapa Trasera Samsung S23 Fe Sm-s711 Negro,,,1165,80
9444121772322,FixOEM:Refaccion Celular+ Micro Electrónica,Flex Encendido Oppo Reno 5 Lite Cph2205,,,1089,50
9439661097250,FixOEM:Refaccion Celular+ Micro Electrónica,Boton Fisico Huawei P30 Lite Mar-LX1M,,,1372,50
9437159293218,FixOEM:Refaccion Celular+ Micro Electrónica,Display Lenovo Tab M7 Tb-7305X -F -i,,,1458,285
9437158244642,FixOEM:Refaccion Celular+ Micro Electrónica,Display Samsung Tab S8 SM-X700 / X706 / X706B / X706N / X706U,,,1457,715
9437157622050,FixOEM:Refaccion Celular+ Micro Electrónica,Display Samsung S22 S901E Con Marco Oled,,,1455,4450
9437157032226,FixOEM:Refaccion Celular+ Micro Electrónica,Display Moto Edge 50 Fusion / Moto G85 5g XT2429-1 Oled,,,1453,690
9437156770082,FixOEM:Refaccion Celular+ Micro Electrónica,Display Google Pixel 6 Oled,,,1452,825
9437156573474,FixOEM:Refaccion Celular+ Micro Electrónica,Display Zte Axon 60 / Blade V60 IPS,,,1451,240
9437156311330,FixOEM:Refaccion Celular+ Micro Electrónica,Display Samsung Tab S6 T860 t865 Oled,,,1450,5310
9435690565922,FixOEM:Refaccion Celular+ Micro Electrónica,Flex Home + Boton Ipad Air 5 aA1822 A1823,,,1449,150
9432798986530,FixOEM Herramientas,Espatula Uña Spudger 9 En 1,,,1354,170
9432670044450,FixOEM:Refaccion Celular+ Micro Electrónica,Lente Camara Xiaomi Redmi 10C 220333QAG / Poco C40,,,1404,50
9432669028642,FixOEM:Refaccion Celular+ Micro Electrónica,Lente Camara Oppo Reno 7 5G CPH2371 R,,,1403,60
9432668209442,FixOEM:Refaccion Celular+ Micro Electrónica,Lente Camara Oppo Reno 7 4G CPH2363 R,,,1402,60
9432666931490,FixOEM:Refaccion Celular+ Micro Electrónica,Lente Camara Samsung A13 / A23 / A33 / A53 / A73,,,1401,50
9432665850146,FixOEM:Refaccion Celular+ Micro Electrónica,Lente Camara Moto G72 XT2255-3,,,1400,60
9432664834338,FixOEM:Refaccion Celular+ Micro Electrónica,Lente Camara Honor X8B JSN-L22,,,1399,50
9432660115746,FixOEM:Refaccion Celular+ Micro Electrónica,Glass Iphone 15 Todos los modelos,,,1395,60
9432659558690,FixOEM:Refaccion Celular+ Micro Electrónica,Flex Encendido Moto G14 XT2341-3,,,1405,50
9432658247970,FixOEM:Refaccion Celular+ Micro Electrónica,Flex Encendido Alcatel 3C 5026,,,1406,60
9432658215202,FixOEM:Refaccion Celular+ Micro Electrónica,Lector Sim Hauwei P40 Pro ELS-NX9,,,1393,310
9432657461538,FixOEM:Refaccion Celular+ Micro Electrónica,Flex Encendido Vivo Y35  PD1502L,,,1392,50
9432657428770,FixOEM:Refaccion Celular+ Micro Electrónica,Flex Encendido Huawei Nova 8I Nen-lx3 / honor 50 lite,,,1407,50
9432655200546,FixOEM:Refaccion Celular+ Micro Electrónica,Flex Interconexion Samsung S20 5G G981 g980,,,1390,50
9432654577954,FixOEM:Refaccion Celular+ Micro Electrónica,Flex Encendido Moto G Stylus 5G 2020 XT2131-2,,,1408,60
9432654479650,FixOEM:Refaccion Celular+ Micro Electrónica,Flex Interconexion Oppo A32 / A33 2020/ A53 4g,,,1389,50
9432653594914,FixOEM:Refaccion Celular+ Micro Electrónica,Flex Interconexion Moto G60 xt2135-1,,,1388,60
9432651956514,FixOEM:Refaccion Celular+ Micro Electrónica,Flex Interconexion Moto Edge 20 Lite.,,,1386,90
9432649990434,FixOEM:Refaccion Celular+ Micro Electrónica,Flex Huella Infinix Hot 30 X6831,,,1385,100
9432649302306,FixOEM:Refaccion Celular+ Micro Electrónica,Flex Huella Xiaomi Poco M5S 2207117BPG / Redmi note 10s M2101K7BG,,,1384,130
9432648909090,FixOEM:Refaccion Celular+ Micro Electrónica,Flex Encendido Samsung A20S A207,,,1411,50
9432648515874,FixOEM:Refaccion Celular+ Micro Electrónica,Flex Sensor Huella Oppo Reno 7 4G CPH2363,,,1383,80
9432647368994,FixOEM:Refaccion Celular+ Micro Electrónica,Flex Huella Moto G 5G Xt2113-3,,,1382,180
9432646943010,FixOEM:Refaccion Celular+ Micro Electrónica,Bisel Vivo Y15S V2139,,,1445,110
9432646287650,FixOEM:Refaccion Celular+ Micro Electrónica,Tapa Trasera Zte V Smart V2050,,,1444,120
9432646123810,FixOEM:Refaccion Celular+ Micro Electrónica,Flex Encendido Zte V40 Vita 8045,,,1380,60
9432645501218,FixOEM:Refaccion Celular+ Micro Electrónica,Tapa Trasera Zte L220 Negro,,,1443,130
9432645337378,FixOEM:Refaccion Celular+ Micro Electrónica,Flex Encendido Zte Blade A5 2019,,,1379,30
9432644485410,FixOEM:Refaccion Celular+ Micro Electrónica,Flex Encendido Samsung A04E A042,,,1378,50
9432643764514,FixOEM:Refaccion Celular+ Micro Electrónica,Tapa Trasera Realme 8 Pro ‎RMX3081,,,1442,80
9432643535138,FixOEM:Refaccion Celular+ Micro Electrónica,Flex Encendido Samsung A03 Core.,,,1377,50
9432642486562,FixOEM:Refaccion Celular+ Micro Electrónica,Flex Antena Wifi Huawei P30 Lite MAR-LX1M / Huawei Y9 2019 ‎JKM-LX2,,,1368,50
9432640815394,FixOEM:Refaccion Celular+ Micro Electrónica,Flex Encendido Samsung A53 SM-A536,,,1376,60
9432639963426,FixOEM:Refaccion Celular+ Micro Electrónica,Flex Encendido Iphone 13 A2482,,,1375,80
9432639176994,FixOEM:Refaccion Celular+ Micro Electrónica,Flex Encendido Huawei Y7A Ppa-lx3,,,1374,60
9432638325026,FixOEM:Refaccion Celular+ Micro Electrónica,Flex Encendido Hisense V40S HLTE229E,,,1373,60
9432635244834,FixOEM:Refaccion Celular+ Micro Electrónica,Flex Antena Wifi Xiaomi Poco X3 M2102J20SG,,,1371,60
9432634392866,FixOEM:Refaccion Celular+ Micro Electrónica,Antena Wifi Samsung A02 / A02s / A03s,,,1370,60
9432630886690,FixOEM:Refaccion Celular+ Micro Electrónica,Antena Wifi Huawei Y9S Stk-Lx3,,,1369,50
9432627806498,FixOEM:Refaccion Celular+ Micro Electrónica,Charola Sim Oppo A58 4G cph2565,,,1366,50
9432626757922,FixOEM:Refaccion Celular+ Micro Electrónica,Charola Sim Oppo A58 5G cph2577,,,1365,50
9432625316130,FixOEM:Refaccion Celular+ Micro Electrónica,Charola Sim Xiaomi Redmi Note 10 Pro m2101k6r,,,1364,50
9432624464162,FixOEM:Refaccion Celular+ Micro Electrónica,Charola Sim Xiaomi Redmi A2 23026RN54G,,,1363,50
9432623546658,FixOEM:Refaccion Celular+ Micro Electrónica,Charola Sim Xiaomi Poco X6 5G 23122pcd1g,,,1362,50
9432622530850,FixOEM:Refaccion Celular+ Micro Electrónica,Charola Sim Xiaomi Poco M6 Pro 2312FPCA6G,,,1361,50
9432621515042,FixOEM:Refaccion Celular+ Micro Electrónica,Charola Sim Tcl 20E / TCL 20L 6125f,,,1360,50
9432620302626,FixOEM:Refaccion Celular+ Micro Electrónica,Charola Sim Samsung S24 / S24 Plus SM-S926,,,1359,50
9432619385122,FixOEM:Refaccion Celular+ Micro Electrónica,Charola Sim Oppo A16 Cph2269 / A16S Cph2271 Negro,,,1358,50
9432617910562,FixOEM:Refaccion Celular+ Micro Electrónica,Charola Sim Huawei Nova Y60 Wkg-lx9 Negro,,,1357,50
9432616567074,FixOEM:Refaccion Celular+ Micro Electrónica,Charola Sim Moto Edge 40 Neo Negro,,,1356,50
9432614699298,FixOEM:Refaccion Celular+ Micro Electrónica,Centro Carga Honor X8/ X8A 5G,,,1355,220
9432607424802,FixOEM:Refaccion Celular+ Micro Electrónica,Tapa Trasera Samsung M32 M325,,,1440,90
9432606638370,FixOEM:Refaccion Celular+ Micro Electrónica,Centro Carga Samsung S9 G960 Version U,,,1353,150
9432605753634,FixOEM:Refaccion Celular+ Micro Electrónica,Tapa Trasera Moto G Pure XT2163-4 Índigo,,,1439,100
9432605294882,FixOEM:Refaccion Celular+ Micro Electrónica,Centro Carga Samsung A05S Sm-a057,,,1352,50
9432598937890,FixOEM:Refaccion Celular+ Micro Electrónica,Centro Carga Iphone 13 Mini A2481,,,1350,180
9432596971810,FixOEM:Refaccion Celular+ Micro Electrónica,Camara Frontal Xiaomi Note 11 Pro 2201116SG,,,1349,110
9432595628322,FixOEM:Refaccion Celular+ Micro Electrónica,Buzzer Moto E13 XT2345,,,1348,50
9432594350370,FixOEM:Refaccion Celular+ Micro Electrónica,Boton Fisico Samsung A03 Core SM-A032,,,1347,50
9432592285986,FixOEM:Refaccion Celular+ Micro Electrónica,Boton Fisico Moto G31 Xt2173,,,1346,50
9432591368482,FixOEM:Refaccion Celular+ Micro Electrónica,Boton Fisico Samsung A21S Sm-a217m,,,1345,50
9432590844194,FixOEM:Refaccion Celular+ Micro Electrónica,Tapa Trasera Samsung A34A 346m Morado,,,1436,70
9432590745890,FixOEM:Refaccion Celular+ Micro Electrónica,Boton Fisico Oppo Reno 7 Lite,,,1344,30
9432590024994,FixOEM:Refaccion Celular+ Micro Electrónica,Atavoz Buzzer Honor Magic 6 Lite / X9b,,,1343,50
9432589467938,FixOEM:Refaccion Celular+ Micro Electrónica,Bocina Atavoz Honor Magic 5 Lite / X9A,,,1342,50
9432589107490,FixOEM:Refaccion Celular+ Micro Electrónica,Auricular Samsung A34 5G A346,,,1341,50
9432588321058,FixOEM:Refaccion Celular+ Micro Electrónica,Antena Wifi Huawei Y7A 2019 Peppa-L22B,,,1340,50
9432587305250,FixOEM:Refaccion Celular+ Micro Electrónica,Antena Wifi Moto G9 Play  XT2083-1 / E6 Play  xt2029-1,,,1339,60
9432586158370,FixOEM:Refaccion Celular+ Micro Electrónica,Altavoz Buzzer Samsung S21 Ultra G998,,,1338,50
9432585765154,FixOEM:Refaccion Celular+ Micro Electrónica,Altavoz Buzzer Samsung A52 4G/ 5G SM-A526B/DS,,,1337,50
9432585273634,FixOEM:Refaccion Celular+ Micro Electrónica,Altavoz Buzzer Samsung A20S SM-A207,,,1336,50
9432584749346,FixOEM:Refaccion Celular+ Micro Electrónica,Altavoz Buzzer Samsung A13 4G A135,,,1335,60
9432584421666,FixOEM:Refaccion Celular+ Micro Electrónica,Marco Xiaomi Redmi Note 10S / Redmi Note 10 4G / Poco M5s,,,1433,100
9432584257826,FixOEM:Refaccion Celular+ Micro Electrónica,Altavoz Samsung A10E / A12 / A20E / A50 / A21S / A31 / A10 / A20 / A30 / A40 / A7 / A02,,,1334,50
9432582783266,FixOEM:Refaccion Celular+ Micro Electrónica,Altavoz Buzzer Redmi Note 13 4G  23129RAA4G,,,1333,50
9432582553890,FixOEM:Refaccion Celular+ Micro Electrónica,Marco Oppo A77 CPH2385,,,1431,120
9432582095138,FixOEM:Refaccion Celular+ Micro Electrónica,Altavoz Buzzer Honor X6 vne-lx2  / x6s vne-LX3,,,1332,50
9432581701922,FixOEM:Refaccion Celular+ Micro Electrónica,Bisel Moto G8 Plus Xt2019,,,1430,160
9432581308706,FixOEM:Refaccion Celular+ Micro Electrónica,Altavoz Buzzer Moto G Stylus 5G xt2131-1,,,1331,60
9432581079330,FixOEM:Refaccion Celular+ Micro Electrónica,Marco Moto G71 Xt2169,,,1429,100
9432580489506,FixOEM:Refaccion Celular+ Micro Electrónica,Altavoz Buzzer Iphone 13 Mini,,,1330,50
9432580358434,FixOEM:Refaccion Celular+ Micro Electrónica,Bisel Honor 90 Lite CRT-NX1 / Honor X8a,,,1428,150
9432579572002,FixOEM:Refaccion Celular+ Micro Electrónica,Altavoz Buzzer Moto One Fusion Xt2073,,,1329,50
9432578326818,FixOEM:Refaccion Celular+ Micro Electrónica,Altavoz Buzzer Samsung S21 Plus SM-G996,,,1328,50
9432575869218,FixOEM:Refaccion Celular+ Micro Electrónica,Charola Sim Xiaomi Redmi 12C 22126RN91Y,,,1327,30
9432575803682,FixOEM:Refaccion Celular+ Micro Electrónica,Carcasa + Tapa Iphone 13 A2631,,,1426,440
9432574034210,FixOEM:Refaccion Celular+ Micro Electrónica,Bisel Xiaomi Redmi Note 8 Pro Negro M1906G7G,,,1425,200
9432572297506,FixOEM:Refaccion Celular+ Micro Electrónica,Bisel Vivo Y22 V2207,,,1424,80
9432570134818,FixOEM:Refaccion Celular+ Micro Electrónica,Charola Sim Realme C55 RMX3710 XT2423,,,1323,50
9432569807138,FixOEM:Refaccion Celular+ Micro Electrónica,Bisel Samsung A30S SM-A307G/Z,,,1423,50
9432568430882,FixOEM:Refaccion Celular+ Micro Electrónica,Charola Sim Xiaomi  Poco M3 Pro Negro ‎M2103k19pg,,,1322,50
9432568299810,FixOEM:Refaccion Celular+ Micro Electrónica,Bisel Samsung A10 Sm-a105f/ds,,,1422,70
9432567611682,FixOEM:Refaccion Celular+ Micro Electrónica,Bisel Samsung A03 SM-035M/DS,,,1421,70
9432565776674,FixOEM:Refaccion Celular+ Micro Electrónica,Bisel Oppo A16 Cph2269 / A16s / A54S,,,1420,70
9432565547298,FixOEM:Refaccion Celular+ Micro Electrónica,Charola Sim Moto G9 Plus xt2087 Dorado,,,1320,50
9432564695330,FixOEM:Refaccion Celular+ Micro Electrónica,Charola Sim Moto G9 Plus xt2087 Azul,,,1319,50
9432564498722,FixOEM:Refaccion Celular+ Micro Electrónica,Bisel Moto G62 Xt2223,,,1419,50
9432563515682,FixOEM:Refaccion Celular+ Micro Electrónica,Centro Carga Moto G Pure  Xt2163,,,1317,90
9432562827554,FixOEM:Refaccion Celular+ Micro Electrónica,Centro Carga Oppo A73 5G / F17 CPH2161 CPH2095,,,1418,100
9432562696482,FixOEM:Refaccion Celular+ Micro Electrónica,Centro Carga Iphone 13 A2633,,,1316,170
9432562041122,FixOEM:Refaccion Celular+ Micro Electrónica,Centro Carga Samsung A73 5G SM-A736,,,1315,200
9432561090850,FixOEM:Refaccion Celular+ Micro Electrónica,Centro Carga Samsung A55 5G SM-A556,,,1314,80
9432560173346,FixOEM:Refaccion Celular+ Micro Electrónica,Centro Carga Xiaomi Poco M5 Pro 22071219CG,,,1313,100
9432559517986,FixOEM:Refaccion Celular+ Micro Electrónica,Centro Carga Samsung Tab A 10.1 T510 / T515 / T517,,,1312,60
9432558141730,FixOEM:Refaccion Celular+ Micro Electrónica,Camara Frontal Samsung S20 Ultra  Sm-G988 R3D0108,,,1310,60
9432557224226,FixOEM:Refaccion Celular+ Micro Electrónica,Marco Xiaomi Note 10 Pro ‎M2101K6R Negro,,,1309,110
9432556208418,FixOEM:Refaccion Celular+ Micro Electrónica,Marco Xiaomi Redmi 12 23053RN02A  Negro,,,1308,100
9432554668322,FixOEM:Refaccion Celular+ Micro Electrónica,Marco Samsung A32 4G SM-A325F/DS,,,1307,80
9432553095458,FixOEM:Refaccion Celular+ Micro Electrónica,Marco Samung A21 SM-A215U1 Negro,,,1306,140
9432551751970,FixOEM:Refaccion Celular+ Micro Electrónica,Marco Oppo A57 4G / A77 4G Negro,,,1305,100
9432550834466,FixOEM:Refaccion Celular+ Micro Electrónica,Bisel Honor X8 Tfy-Lx3,,,1304,230
9432548835618,FixOEM:Refaccion Celular+ Micro Electrónica,Lente Camara Moto G Stylus 2021,,,1302,60
9432548016418,FixOEM:Refaccion Celular+ Micro Electrónica,Lente Camara Moto Edge 2021 xt2141-2,,,1301,60
9432547164450,FixOEM:Refaccion Celular+ Micro Electrónica,Lente Camara Honor 9X STK-LX3,,,1300,50
9432546115874,FixOEM:Refaccion Celular+ Micro Electrónica,Glass Moto Edge 20 Lite Oka XT2139-1,,,1299,60
9432541757730,FixOEM:Refaccion Celular+ Micro Electrónica,Flex Main Interconexion Zte V30 Vita,,,1297,40
9432541135138,FixOEM:Refaccion Celular+ Micro Electrónica,Flex Main Interconexion Xiaomi 11T 21081111RG / 11T Pro 2107113SG,,,1296,50
9432540578082,FixOEM:Refaccion Celular+ Micro Electrónica,Flex Main Interconexion Samsung S21 Plus SM-G996U,,,1295,60
9432539824418,FixOEM:Refaccion Celular+ Micro Electrónica,Flex Main Interconexion Xiaomi Note 11 Pro 5G 2201116SG / Poco x4 Pro 5G  2201116PG,,,1294,50
9432538906914,FixOEM:Refaccion Celular+ Micro Electrónica,Flex Main Interconexion Huawei Y7 2019 	DUB-LX3,,,1292,30
9432537137442,FixOEM:Refaccion Celular+ Micro Electrónica,Flex Interconexion Moto G54 Xt2343-3,,,1291,60
9432534843682,FixOEM:Refaccion Celular+ Micro Electrónica,Flex Interconexion Moto G14 Xt-2341-2,,,1290,60
9432533303586,FixOEM:Refaccion Celular+ Micro Electrónica,Flex Interconexion Main Xiaomi Poco F3 M2012K11AG,,,1289,50
9432531796258,FixOEM:Refaccion Celular+ Micro Electrónica,Flex Huella Xiaomi X5 Pro 5G Negro,,,1288,150
9432530420002,FixOEM:Refaccion Celular+ Micro Electrónica,Flex Huella Xiaomi Redmi Note 12 4G 2270-00V4 Negro,,,1287,130
9432527503650,FixOEM:Refaccion Celular+ Micro Electrónica,Flex Huella Oppo A54 4G CPH2239 / Oppo A16 4G CPH2269 Negro,,,1286,120
9432512332066,FixOEM:Refaccion Celular+ Micro Electrónica,Flex Huella Xiaomi Note 10 Pro M2101k6rg,,,1279,120
9429812904226,FixOEM:Refaccion Celular+ Micro Electrónica,Bateria Nokia G10 / G20 WT340,,,1276,140
9428718879010,FixOEM:Refaccion Celular+ Micro Electrónica,"Bateria Vivo Y53S V2111A, V2058 Bq-7",,,1281,210
9424536928546,FixOEM:Refaccion Celular+ Micro Electrónica,Bateria Zte V40 Smart 7540N / V40 Vita / V40 Pro / S30 Li3959T44P8H956656,,,1284,190
9424536568098,FixOEM:Refaccion Celular+ Micro Electrónica,Bateria Samsung Z Fold 2 F916 / F917 Eb-Bf916Aby,,,1283,190
9424536142114,FixOEM:Refaccion Celular+ Micro Electrónica,Bateria Vivo V25E V2202 / Vivo V25E V2201 B-V7,,,1282,220
9424533946658,FixOEM:Refaccion Celular+ Micro Electrónica,Bateria Oppo Reno 7 5G BLP893,,,1278,300
9424532078882,FixOEM:Refaccion Celular+ Micro Electrónica,Bateria Samsung A24 4G A245 EB-BA245ABY,,,1277,170
9424528146722,FixOEM:Refaccion Celular+ Micro Electrónica,Bateria Oppo A18 BLPA19 / A38 CPH2579 / A58 CPH2577 / A79 CPH2533-2557,,,1275,180
9424527753506,FixOEM:Refaccion Celular+ Micro Electrónica,Bateria Moto g04 / G04S / G24 / E14 / G34 5G QF50,,,1274,180
9424527393058,FixOEM:Refaccion Celular+ Micro Electrónica,Batería Xiaomi Note 12 Pro 5G / Note 12T / Poco X5 Pro 5G BP4K,,,1273,220
9424526704930,FixOEM:Refaccion Celular+ Micro Electrónica,Bateria Vivo Y21 / Y21S / Y33S B-S2,,,1272,250
9424526147874,FixOEM:Refaccion Celular+ Micro Electrónica,Bateria Samsung A05 WT-S-N28,,,1271,160
9424525033762,FixOEM:Refaccion Celular+ Micro Electrónica,Batería Xiaomi Redmi 13C 5G / Poco C65 Bn5Q,,,1270,160
9424524411170,FixOEM:Refaccion Celular+ Micro Electrónica,Bateria Xiaomi Mi A3 / Mi 9 Lite Bm4f,,,1269,130
9424523886882,FixOEM:Refaccion Celular+ Micro Electrónica,Bateria Samsung S8 Active G892 EB-BG892ABA,,,1268,170
9424523198754,FixOEM:Refaccion Celular+ Micro Electrónica,Bateria Samsung Tap A6 Sm-T510 EB-BT515ABU,,,1267,320
9424520741154,FixOEM:Refaccion Celular+ Micro Electrónica,Bateria Samsung S21 FE G990B EB-BG990ABY,,,1266,150
9424520085794,FixOEM:Refaccion Celular+ Micro Electrónica,Bateria Samsung S10 Lite SM-G770 / a71 5g EB-BA907ABY,,,1265,160
9424514777378,FixOEM:Refaccion Celular+ Micro Electrónica,Bateria Realme 6 / Realme 6 Pro / Realme 6i / Reno 6i BLP757,,,1264,230
9424513564962,FixOEM:Refaccion Celular+ Micro Electrónica,Bateria Moto G84 Qb50,,,1262,190
9424513073442,FixOEM:Refaccion Celular+ Micro Electrónica,Bateria Ipad 3 A1389 / Ipad 4 A1430,,,1261,330
9424512483618,FixOEM:Refaccion Celular+ Micro Electrónica,Bateria Iphone 15 Plus A3039 A2847,,,1260,250
9424511664418,FixOEM:Refaccion Celular+ Micro Electrónica,Bateria Iphone 15 Pro Max A3121,,,1259,330
9424511041826,FixOEM:Refaccion Celular+ Micro Electrónica,Bateria Iphone 15 Pro A3011,,,1258,265
9424510091554,FixOEM:Refaccion Celular+ Micro Electrónica,Bateria Iphone 15 A3090,,,1257,230
9422070776098,FixOEM:Refaccion Celular+ Micro Electrónica,Display Samsung Tab A 8.0 Sm-T387T,,,1254,625
9418206413090,FixOEM:Refaccion Celular+ Micro Electrónica,Display Xiaomi Redmi A3 2312crnccl / Poco C61 / Redmi A3X IPS,,,1252,165
9417182085410,FixOEM:Refaccion Celular+ Micro Electrónica,Tapa Trasera Vivo T2X 5G Azul,,,1251,60
9411251372322,FixOEM:Refaccion Celular+ Micro Electrónica,Tapa Trasera Xiaomi Redmi Note 13,,,1246,60
9411250094370,FixOEM:Refaccion Celular+ Micro Electrónica,Tapa Trasera Xiaomi Redmi Note 12 Pro 4G 2209116AG Negro,,,1245,100
9411248455970,FixOEM:Refaccion Celular+ Micro Electrónica,Tapa Trasera Zte V50 Smart 7060 Negro,,,1244,120
9411246358818,FixOEM:Refaccion Celular+ Micro Electrónica,Tapa Trasera Xiaomi Redmi 9 M2004J19G,,,1241,90
9411243213090,FixOEM:Refaccion Celular+ Micro Electrónica,Tapa Trasera V40 Lite Zte 8045 Gris,,,1240,110
9411241378082,FixOEM:Refaccion Celular+ Micro Electrónica,Tapa Trasera Tcl 20E 6125D,,,1238,130
9411228762402,FixOEM:Refaccion Celular+ Micro Electrónica,Tapa Trasera Moto G31 XT2173-1 Negra,,,1236,110
9411220537634,FixOEM:Refaccion Celular+ Micro Electrónica,Tapa Trasera Huawei Nova 10,,,1232,120
9411213066530,FixOEM:Refaccion Celular+ Micro Electrónica,Tapa Trasera Honor 90 Rea Nx9,,,1230,140
9411209953570,FixOEM:Refaccion Celular+ Micro Electrónica,Tapa Trasera Samsung S23 Negro Sm-911,,,1229,80
9411198583074,FixOEM:Refaccion Celular+ Micro Electrónica,Tapa Trasera Moto G71 5G Xt2169,,,1226,80
9411197534498,FixOEM:Refaccion Celular+ Micro Electrónica,Tapa Trasera Moto G34 Xt2363,,,1225,60
9411196485922,FixOEM:Refaccion Celular+ Micro Electrónica,Tapa Trasera Moto G24 Xt2423,,,1224,70
9411195470114,FixOEM:Refaccion Celular+ Micro Electrónica,Tapa Trasera Moto G04 Xt2421,,,1223,70
9411194913058,FixOEM:Refaccion Celular+ Micro Electrónica,Tapa Trasera Iphone Se 2020 Negro 2020,,,1222,50
9411189080354,FixOEM:Refaccion Celular+ Micro Electrónica,Carcasa + Tapa Iphone 14 Pro Max,,,1220,760
9411187999010,FixOEM:Refaccion Celular+ Micro Electrónica,Display Ipad Pro 3a A2014 /  Ipad Pro 4a 12.9' a2229 a2232 a2233,,,1219,2905
9411187114274,FixOEM:Refaccion Celular+ Micro Electrónica,Display Samsung Tab S7 Fe 12.4 2021 T730 T733 T736B,,,1218,785
9411185934626,FixOEM:Refaccion Celular+ Micro Electrónica,Display Samsung Tab A 10.1 Sm-P580 Negro,,,1217,905
9411185312034,FixOEM:Refaccion Celular+ Micro Electrónica,Display Xiaomi Mi 13T / Mi 13t Pro Ips,,,1216,230
9411183935778,FixOEM:Refaccion Celular+ Micro Electrónica,Display Tcl 10 5G Ips T790,,,1215,340
9411173024034,FixOEM:Refaccion Celular+ Micro Electrónica,Display Honor Magic 5 Pro Pgt-n19 OLED,,,1213,550
9411171483938,FixOEM:Refaccion Celular+ Micro Electrónica,Display Apple Watch Se / Serie 2,,,1211,1310
9411170697506,FixOEM:Refaccion Celular+ Micro Electrónica,Display Lenovo Tab P11 Tb-j606 IPS,,,1210,535
9411170042146,FixOEM:Refaccion Celular+ Micro Electrónica,Display Ipad Air 4 / Air 5 A2324 A2325 A2075 A2316 OLED,,,1209,2265
9411167355170,FixOEM:Refaccion Celular+ Micro Electrónica,Display Realme X50 5g IPS Rmx2144,,,1206,285
9411164635426,FixOEM:Refaccion Celular+ Micro Electrónica,Display Honor Magic 4 Lite / X9 / X30 Any-nx1 Any- Lx3 IPS,,,1203,185
9411162505506,FixOEM:Refaccion Celular+ Micro Electrónica,Display Huawei Nova Y91 Ips Stg-lx2 Stg-lx3,,,1201,325
9411152511266,FixOEM:Refaccion Celular+ Micro Electrónica,Display Vivo Y30 / Y50 / Y70S IPS,,,1195,250
9411151364386,FixOEM:Refaccion Celular+ Micro Electrónica,Display Zte Axon 30 / Axon 40 / Axon 40 Se IPS,,,1194,405
9411146187042,FixOEM:Refaccion Celular+ Micro Electrónica,Display Moto Edge 30 Fusion / S30 Pro Oled xt2243,,,1170,1590
9411144941858,FixOEM:Refaccion Celular+ Micro Electrónica,Display Moto G Power 5G 2023 Ips Xt2311,,,1159,235
9411144057122,FixOEM:Refaccion Celular+ Micro Electrónica,Display Moto Edge 50 / Edge 50 Pro Amoled Xt2403,,,1152,735
9407845957922,FixOEM:Refaccion Celular+ Micro Electrónica,Display Samsung A35 / A55 / M35 5G A356 A556,,,1204,195
9407845040418,FixOEM:Refaccion Celular+ Micro Electrónica,Display Samsung S23 Fe SM-S711 OLED,,,4563,1620
9407838060834,FixOEM:Refaccion Celular+ Micro Electrónica,Display Nokia G21 / G11 TA-1412 IPS,,,1129,190
9407837012258,FixOEM:Refaccion Celular+ Micro Electrónica,Display Nokia G100 ‎TA-1430 IPS,,,1114,200
9401279643938,FixOEM:Refaccion Celular+ Micro Electrónica,Touch Lenovo Tab E10 Tb X104f 10.1',,,11546,240
9401279611170,FixOEM:Refaccion Celular+ Micro Electrónica,Marco Xiaomi Note 12S 2303CRA44A,,,11545,110
9401279578402,FixOEM:Refaccion Celular+ Micro Electrónica,Marco Xiaomi Redmi 13 C 23108RN04Y,,,11544,90
9401279545634,FixOEM:Refaccion Celular+ Micro Electrónica,Marco Moto G04 / G04S / G24 / G24 Power / E14 / Moto G 5g 2024,,,11543,110
9401279512866,FixOEM:Refaccion Celular+ Micro Electrónica,Bisel Moto Edge 30 Xt2203-1,,,11542,210
9401279480098,FixOEM:Refaccion Celular+ Micro Electrónica,Bisel Huawei Y90 CTR-LX1,,,11541,180
9401279414562,FixOEM:Refaccion Celular+ Micro Electrónica,Bisel Huawei Nova 5T YAL-L21,,,11540,200
9401279381794,FixOEM:Refaccion Celular+ Micro Electrónica,Marco Honor X7A Ryk-lx3 -1,,,11539,100
9401279349026,FixOEM:Refaccion Celular+ Micro Electrónica,Lente Camara Xiaomi Redmi Note 13 Pro 5G,,,11538,50
9401279316258,FixOEM:Refaccion Celular+ Micro Electrónica,Lente Camara Xiaomi Redmi Note 13 Pro 4G / Redmi Note 13 4G,,,11537,50
9401279283490,FixOEM:Refaccion Celular+ Micro Electrónica,Lente Camara Honor X7A Rky-lx1 -3,,,11536,50
9401279250722,FixOEM:Refaccion Celular+ Micro Electrónica,Lente Camara Tcl 20E 6125,,,11535,60
9401279119650,FixOEM:Refaccion Celular+ Micro Electrónica,Lente Camara Samsung S23/ S23 Plus,,,11534,60
9401279054114,FixOEM:Refaccion Celular+ Micro Electrónica,Lente Camara Samsung A04 A045,,,11533,60
9401279021346,FixOEM:Refaccion Celular+ Micro Electrónica,Lente Camara Oppo A38 4G Cph2579,,,11532,50
9401278988578,FixOEM:Refaccion Celular+ Micro Electrónica,Lente Camara Oppo A16 / A16S,,,11531,50
9401278955810,FixOEM:Refaccion Celular+ Micro Electrónica,Lente Camara Moto G54 5G Xt2343,,,11530,50
9401278923042,FixOEM:Refaccion Celular+ Micro Electrónica,Lente Camara Moto G31 / G41 / G51 / G71,,,11529,50
9401278890274,FixOEM:Refaccion Celular+ Micro Electrónica,Lente Camara Moto G22 Xt2231,,,11528,50
9401278824738,FixOEM:Refaccion Celular+ Micro Electrónica,Lente Camara Moto E7 Power,,,11527,60
9401278791970,FixOEM:Refaccion Celular+ Micro Electrónica,Lente Camara Iphone 15 Pro Max,,,11526,50
9401278562594,FixOEM:Refaccion Celular+ Micro Electrónica,Lente Camara Iphone 14,,,11522,50
9401278529826,FixOEM:Refaccion Celular+ Micro Electrónica,Flex Interconexion Lcd Samsung Tab A8 x200,,,11521,60
9401278497058,FixOEM:Refaccion Celular+ Micro Electrónica,Flex Interconexion Xiaomi Redmi Note 12 5G,,,11520,50
9401278431522,FixOEM:Refaccion Celular+ Micro Electrónica,Flex Interconexion Moto Edge 30,,,11519,100
9401278398754,FixOEM:Refaccion Celular+ Micro Electrónica,"Flex Interconexion Huawei Mediapad T5 , 10 Wifi",,,11518,100
9401278365986,FixOEM:Refaccion Celular+ Micro Electrónica,Flex Interconexion Zte Axon 30 A2322,,,11517,40
9401278300450,FixOEM:Refaccion Celular+ Micro Electrónica,Flex Interconexion Realme C11 2020 / C12 / C15 / C25 / C25S,,,11516,60
9401278267682,FixOEM:Refaccion Celular+ Micro Electrónica,Flex Interconexion Realme 7 Pro Rmx2170,,,11515,50
9401278202146,FixOEM:Refaccion Celular+ Micro Electrónica,Flex Interconexion Oppo Reno 7 4g Cph2363,,,11514,50
9401278169378,FixOEM:Refaccion Celular+ Micro Electrónica,Flex Interconexion Moto G41 Xt2167,,,11513,60
9401278136610,FixOEM:Refaccion Celular+ Micro Electrónica,Flex Interconexion Moto G Power 2021 Xt2117,,,11512,50
9401278038306,FixOEM:Refaccion Celular+ Micro Electrónica,Flex Interconexion Moto Edge 40 4G Xt2303,,,11511,50
9401277972770,FixOEM:Refaccion Celular+ Micro Electrónica,Flex Huella Xiaomi Redmi Note 12S 2303era42l / Note 11 4G / Note 11S 4G / Poco M4 Pro 4G Negro,,,11510,120
9401277874466,FixOEM:Refaccion Celular+ Micro Electrónica,Flex Huella Xiaomi Poco X4 Pro / Redmi Note 11 Pro 5G 2201116sg,,,11508,170
9401277743394,FixOEM:Refaccion Celular+ Micro Electrónica,Flex Huella Samsung A32 5G Sm-a326,,,11507,190
9401277677858,FixOEM:Refaccion Celular+ Micro Electrónica,Flex Sensor Huella Samsung A32 4G a325,,,11506,60
9401277645090,FixOEM:Refaccion Celular+ Micro Electrónica,Flex Huella Oppo A77 5G,,,11505,140
9401277481250,FixOEM:Refaccion Celular+ Micro Electrónica,Flex Encendido Xiaomi 12 Lite 2203129g,,,11502,60
9401277415714,FixOEM:Refaccion Celular+ Micro Electrónica,Flex Encendido Oppo Reno 7 5G Cph2371,,,11501,60
9401277350178,FixOEM:Refaccion Celular+ Micro Electrónica,Flex Encendido Oppo Reno 7 4g Cph2363,,,11500,50
9401277317410,FixOEM:Refaccion Celular+ Micro Electrónica,Flex Encendido Moto G84 Xt2347,,,11499,50
9401277284642,FixOEM:Refaccion Celular+ Micro Electrónica,Flex Encendido Iphone 15 Pro,,,11498,300
9401277251874,FixOEM:Refaccion Celular+ Micro Electrónica,Flex Encendido Iphone 15 Plus,,,11497,170
9401277153570,FixOEM:Refaccion Celular+ Micro Electrónica,Flex Encendido Iphone 15,,,11496,170
9401277120802,FixOEM:Refaccion Celular+ Micro Electrónica,Flex Encendido Iphone 14 Pro Max,,,11495,140
9401277055266,FixOEM:Refaccion Celular+ Micro Electrónica,Flex Encendido Iphone 14 Pro,,,11494,140
9401277022498,FixOEM:Refaccion Celular+ Micro Electrónica,Flex Encendido Iphone 14 Plus,,,11493,100
9401276989730,FixOEM:Refaccion Celular+ Micro Electrónica,Flex Encendido Iphone 14,,,11492,100
9401276956962,FixOEM:Refaccion Celular+ Micro Electrónica,Flex Encendido Honor Magic 5 Lite / X9A,,,11491,50
9401276858658,FixOEM:Refaccion Celular+ Micro Electrónica,Flex Encedido Moto E13 Xt2345,,,11490,50
9401276825890,FixOEM:Refaccion Celular+ Micro Electrónica,Charola Sim Zte V40 Vita 8045,,,11489,50
9401276793122,FixOEM:Refaccion Celular+ Micro Electrónica,Charola Sim Zte Axon V40 Smart,,,11488,50
9401276760354,FixOEM:Refaccion Celular+ Micro Electrónica,Charola Sim Xiaomi Mi 11 Lite M2101k9ag,,,11487,50
9401276694818,FixOEM:Refaccion Celular+ Micro Electrónica,Charola Sim Xiaomi A3 M1906f9sh,,,11486,50
9401276662050,FixOEM:Refaccion Celular+ Micro Electrónica,Charola Sim Xiaomi Redmi 13C,,,11485,50
9401276563746,FixOEM:Refaccion Celular+ Micro Electrónica,Charola Sim Vivo Y11 / Y12 / Y15 / Y17,,,11484,50
9401276498210,FixOEM:Refaccion Celular+ Micro Electrónica,Charola Sim Samsung S23 Ultra Doble S918,,,11483,50
9401276465442,FixOEM:Refaccion Celular+ Micro Electrónica,Charola Sim Samsung S23 Fe Single Sim,,,11482,50
9401276367138,FixOEM:Refaccion Celular+ Micro Electrónica,Charola Sim Samsung A05S A057,,,11481,50
9401276170530,FixOEM:Refaccion Celular+ Micro Electrónica,Charola Sim Samsung A05 A05 Dual Sim,,,11480,50
9401276104994,FixOEM:Refaccion Celular+ Micro Electrónica,Charola Sim Moto G84 Xt2347,,,11478,50
9401276039458,FixOEM:Refaccion Celular+ Micro Electrónica,Charola Sim Moto G72 Xt2255,,,11477,50
9401276006690,FixOEM:Refaccion Celular+ Micro Electrónica,Charola Sim Moto G60 / g60s Xt2135,,,11476,50
9401275973922,FixOEM:Refaccion Celular+ Micro Electrónica,Charola Sim Iphone 6S Plus,,,11475,50
9401275810082,FixOEM:Refaccion Celular+ Micro Electrónica,Charola Sim Iphone 13 Mini Plata,,,11473,50
9401275777314,FixOEM:Refaccion Celular+ Micro Electrónica,Charola Sim Iphone 12 Pro / 12 Pro Max,,,11472,50
9401275679010,FixOEM:Refaccion Celular+ Micro Electrónica,Charola Sim Huawei Nova 9 Se,,,11471,50
9401275646242,FixOEM:Refaccion Celular+ Micro Electrónica,Charola Sim Huawei Honor 20,,,11470,50
9401275580706,FixOEM:Refaccion Celular+ Micro Electrónica,Charola Sim Honor X7B,,,11469,50
9401275547938,FixOEM:Refaccion Celular+ Micro Electrónica,Charola Sim Hisense H40 Lite,,,11468,50
9401275416866,FixOEM:Refaccion Celular+ Micro Electrónica,Charola Sim Hisense E50 Lite Hlte228e,,,11467,50
9401275351330,FixOEM:Refaccion Celular+ Micro Electrónica,Centro Carga Zte V41 Smart / A72S,,,11466,110
9401275285794,FixOEM:Refaccion Celular+ Micro Electrónica,Centro Carga Zte Axon 50 Lite / A50 / V50 Desing 4g / Blade V50 Smart 7060,,,11465,110
9401275220258,FixOEM:Refaccion Celular+ Micro Electrónica,Centro Carga Zte Blade A53,,,1023,90
9401275187490,FixOEM:Refaccion Celular+ Micro Electrónica,Centro Carga Xiaomi Redmi K40 Gaming / Poco F3 Gt,,,11462,660
9401275154722,FixOEM:Refaccion Celular+ Micro Electrónica,Centro Carga Xiaomi Redmi 13C,,,11461,60
9401275089186,FixOEM:Refaccion Celular+ Micro Electrónica,Centro Carga Vivo Y36 4G / Y78 5G,,,11460,80
9401275056418,FixOEM:Refaccion Celular+ Micro Electrónica,Centro Carga Samsung S24 S921,,,11459,300
9401275023650,FixOEM:Refaccion Celular+ Micro Electrónica,Centro Carga Samsung S23 Ultra S918,,,6072,330
9401274859810,FixOEM:Refaccion Celular+ Micro Electrónica,Pin Carga Oppo Reno 8 5G,,,11454,5
9401274827042,FixOEM:Refaccion Celular+ Micro Electrónica,Pin Carga Oppo A94 5G / A95 5g / A94 4g,,,11453,5
9401274761506,FixOEM:Refaccion Celular+ Micro Electrónica,Centro Carga Oppo A78 5G Cph2495,,,11452,150
9401274695970,FixOEM:Refaccion Celular+ Micro Electrónica,Centro Carga Oppo A16 Cph2269 / A16S / A54 4G,,,11451,60
9401274630434,FixOEM:Refaccion Celular+ Micro Electrónica,Centro Carga Moto G14 Xt2341,,,11449,80
9401274564898,FixOEM:Refaccion Celular+ Micro Electrónica,Centro Carga Moto Edge Plus Xt2061,,,11448,420
9401274532130,FixOEM:Refaccion Celular+ Micro Electrónica,Centro Carga Huawei Honor X5 2023 VNA-LX2,,,11447,320
9401274499362,FixOEM:Refaccion Celular+ Micro Electrónica,Camara Trasera Iphone Xs Max,,,11446,810
9401274466594,FixOEM:Refaccion Celular+ Micro Electrónica,Camara Trasera Iphone 13 Pro Max,,,11445,1990
9401274433826,FixOEM:Refaccion Celular+ Micro Electrónica,Camara Trasera Iphone 12 Pro Max,,,11444,1990
9401274401058,FixOEM:Refaccion Celular+ Micro Electrónica,Camara Trasera Huawei Y9 Prime Stk-lx3,,,11443,110
9401274368290,FixOEM:Refaccion Celular+ Micro Electrónica,Camara Frontal Samsung S20 Fe Sm-g780f,,,11442,140
9401274335522,FixOEM:Refaccion Celular+ Micro Electrónica,Altavoz Buzzer Samsung S10 Lite Sm-g770,,,11441,60
9401274302754,FixOEM:Refaccion Celular+ Micro Electrónica,Altavoz Buzzer Samsung A71 4g Sm-a715,,,11440,50
9401274171682,FixOEM:Refaccion Celular+ Micro Electrónica,Altavoz Buzzer Moto G52 Xt2221,,,11438,70
9401274138914,FixOEM:Refaccion Celular+ Micro Electrónica,Altavoz Buzzer Iphone 12 Mini,,,11437,150
9401274106146,FixOEM:Refaccion Celular+ Micro Electrónica,Altavoz  Buzzer Samsung S23 Ultra Sm-s918,,,11436,140
9401274040610,FixOEM:Refaccion Celular+ Micro Electrónica,Bisel Xiaomi Redmi Note 10 5G / Redmi Note 10T 5G M2103k19g,,,11435,80
9401273909538,FixOEM:Refaccion Celular+ Micro Electrónica,Bisel Oppo A17 Cph2477,,,11433,70
9401273876770,FixOEM:Refaccion Celular+ Micro Electrónica,Bisel Moto G41 Xt2167,,,11432,100
9401273745698,FixOEM:Refaccion Celular+ Micro Electrónica,Bisel Moto G32 Xt2235,,,11431,70
9401273712930,FixOEM:Refaccion Celular+ Micro Electrónica,Bisel Huawei Nova 9 Se,,,11430,240
9401273680162,FixOEM:Refaccion Celular+ Micro Electrónica,Bisel Honor X7A Ryk-lx3 -1,,,11429,70
9401273647394,FixOEM:Refaccion Celular+ Micro Electrónica,Antena Wifi 13 Mini Iphone,,,11428,110
9401273614626,FixOEM:Refaccion Celular+ Micro Electrónica,Altavoz Buzzer Xiaomi Poco M3 5g M2010j19cg,,,11427,50
9401273581858,FixOEM:Refaccion Celular+ Micro Electrónica,Altavoz Buzzer Xiaomi Note 13 5G,,,11426,50
9401273549090,FixOEM:Refaccion Celular+ Micro Electrónica,Altavoz Buzzer Xiaomi 12 / Xiaomi 12X,,,11425,60
9401273516322,FixOEM:Refaccion Celular+ Micro Electrónica,Altavoz buzzer Samsung S24 Ultra Sm-s928,,,11424,50
9401273483554,FixOEM:Refaccion Celular+ Micro Electrónica,Altavoz Buzzer Samsung S20 Plus G985,,,11423,60
9401273450786,FixOEM:Refaccion Celular+ Micro Electrónica,Altavoz Buzzer Samsung A51 A515,,,11422,50
9401273385250,FixOEM:Refaccion Celular+ Micro Electrónica,Altavoz Buzzer Samsung A23 Sm-a235,,,11421,50
9401273319714,FixOEM:Refaccion Celular+ Micro Electrónica,Altavoz Buzzer Samsung A04 Sm-a045,,,11420,50
9401273286946,FixOEM:Refaccion Celular+ Micro Electrónica,Altavoz Buzzer Oppo A72 5G / A73 5G,,,11419,60
9401273254178,FixOEM:Refaccion Celular+ Micro Electrónica,Altavoz Buzzer Oppo A16 Cph2269 / A16s Cph2271,,,11418,50
9401273221410,FixOEM:Refaccion Celular+ Micro Electrónica,Altavoz Buzzer Oppo A15 Cph2185 / A15s Cph2179,,,11417,50
9401273090338,FixOEM:Refaccion Celular+ Micro Electrónica,Altavoz Buzzer Moto G41 Xt2167,,,11416,50
9401272992034,FixOEM:Refaccion Celular+ Micro Electrónica,Altavoz Buzzer Moto G22 Xt2231,,,11415,50
9401272926498,FixOEM:Refaccion Celular+ Micro Electrónica,Altavoz Buzzer  Moto G8 Power Xt2041,,,11414,50
9401272860962,FixOEM:Refaccion Celular+ Micro Electrónica,Altavoz Buzzer Moto G62 Xt2223,,,11413,50
9401272828194,FixOEM:Refaccion Celular+ Micro Electrónica,Altavoz Buzzer Moto G53 Xt2335,,,11412,50
9401272795426,FixOEM:Refaccion Celular+ Micro Electrónica,Bocina altavoz Moto G30 Xt2129,,,11411,60
9373804757282,FixOEM:Refaccion Celular+ Micro Electrónica,Bateria Realme C53 Rmx3760 / C67 4G RMX3890 BLPA17 / C65 4g,,,1183,170
9373802299682,FixOEM:Refaccion Celular+ Micro Electrónica,Bateria Oneplus N100 Be2013 / N200 Be2015 Blp813,,,1184,180
9373789028642,FixOEM:Refaccion Celular+ Micro Electrónica,Display Honor X8B / X8C / Honor 200 lite Lly-Lx1 -Lx2 -Lx3 OLED,,,1181,590
9373772742946,FixOEM:Refaccion Celular+ Micro Electrónica,Display Samsung S24 Ultra S928 Oled Recortada Con Marco,,,1177,1620
9373737222434,FixOEM:Refaccion Celular+ Micro Electrónica,Display Xiaomi Poco X6 / X6 Pro / Redmi K70E / Poco F6 IPS,,,1175,195
9373730865442,FixOEM:Refaccion Celular+ Micro Electrónica,Display Oppo F5 / Oppo A73 CPH1727 IPS,,,1174,150
9373581639970,FixOEM:Refaccion Celular+ Micro Electrónica,Display Zte Axon 60 Lite IPS /V60 VITA/A75 4G/V60 VITA/V60 SMART/V60 DESIGN,,,1171,175
9373580919074,FixOEM:Refaccion Celular+ Micro Electrónica,Display TCL 103 4165j IPS,,,1166,470
9373580755234,FixOEM:Refaccion Celular+ Micro Electrónica,Display Realme 10 4G / 5G Rmx3630 Ips,,,1164,160
9373579936034,FixOEM:Refaccion Celular+ Micro Electrónica,Display Xiaomi Note 13 4G 23129RAA4G Ips,,,1158,195
9373579772194,FixOEM:Refaccion Celular+ Micro Electrónica,Display Samsung S22 Plus S906,,,1157,1630
9373578952994,FixOEM:Refaccion Celular+ Micro Electrónica,Touch Apple Watch Serie 5 / SE 2da,,,1149,220
9373577871650,FixOEM:Refaccion Celular+ Micro Electrónica,Auricular Samsung A12 / A20E/ A21 / A22 4G/ A31 / A32 4G/ A41 / A50/ A70 / A71 4G,,,1142,50
9373577675042,FixOEM:Refaccion Celular+ Micro Electrónica,Bisel Zte Axon 50 Lite 8050,,,1141,130
9373577478434,FixOEM:Refaccion Celular+ Micro Electrónica,Marco Xiaomi Note 11 Pro,,,1140,140
9373577216290,FixOEM:Refaccion Celular+ Micro Electrónica,Marco Samsung Samsung A15 4G / 5G A155 A156,,,1138,110
9373576790306,FixOEM:Refaccion Celular+ Micro Electrónica,Marco Moto G14 Xt2341,,,1135,100
9373576495394,FixOEM:Refaccion Celular+ Micro Electrónica,Bisel  Moto E32,,,1133,70
9373576364322,FixOEM:Refaccion Celular+ Micro Electrónica,Bisel Huawei Y7P Art-l28,,,1132,180
9373576200482,FixOEM:Refaccion Celular+ Micro Electrónica,Lente Camara Samsung A42 5G,,,1131,180
9373576036642,FixOEM:Refaccion Celular+ Micro Electrónica,Lente Camara Iphone 12 Mini / IPhone 12,,,1130,50
9373575905570,FixOEM:Refaccion Celular+ Micro Electrónica,Lente Camara Xiaomi Redmi,,,1126,50
9373575774498,FixOEM:Refaccion Celular+ Micro Electrónica,Lente Camara Vivo Y21s / Y33S / Y33,,,1125,50
9373575610658,FixOEM:Refaccion Celular+ Micro Electrónica,Lente Camara Oppo A58,,,1124,50
9373575479586,FixOEM:Refaccion Celular+ Micro Electrónica,Lente Camara Oppo A57 / A77 4G,,,1123,50
9373575381282,FixOEM:Refaccion Celular+ Micro Electrónica,Lente Camara Moto G84,,,1122,50
9373575217442,FixOEM:Refaccion Celular+ Micro Electrónica,Lente Camara Iphone 15 Pro,,,1121,50
9373575053602,FixOEM:Refaccion Celular+ Micro Electrónica,Lente Camara Iphone 15 / 15 Plus,,,1120,50
9373574365474,FixOEM:Refaccion Celular+ Micro Electrónica,Lente Camara Iphone 13 / 13 Mini,,,1116,50
9373574299938,FixOEM:Refaccion Celular+ Micro Electrónica,Lente Camara Huawei Y6S,,,1115,170
9373574168866,FixOEM:Refaccion Celular+ Micro Electrónica,Glass Moto G31 / G41 / G71 5g,,,1112,60
9373574070562,FixOEM:Refaccion Celular+ Micro Electrónica,Flex Volumen Samsung A10S A107,,,1111,50
9373573841186,FixOEM:Refaccion Celular+ Micro Electrónica,Flex Volumen Oppo A12,,,1110,50
9373573677346,FixOEM:Refaccion Celular+ Micro Electrónica,Flex Interconexion Main Samsung S20 Fe G780,,,1109,80
9373573513506,FixOEM:Refaccion Celular+ Micro Electrónica,Flex Interconexion Main Principal Samsung Tab A 10.1 T510,,,1108,60
9373573218594,FixOEM:Refaccion Celular+ Micro Electrónica,Flex Interconexion Main Principal Samsung Tab A 10.1 T515,,,1139,80
9373573054754,FixOEM:Refaccion Celular+ Micro Electrónica,Flex Interconexion Samsung A54 5g a546 / A34 5g a346,,,1106,50
9373572923682,FixOEM:Refaccion Celular+ Micro Electrónica,Flex Interconexion Moto G31 Xt2173,,,1105,60
9373572694306,FixOEM:Refaccion Celular+ Micro Electrónica,Flex Interconexion Samsung S23 Ultra S918 Main,,,1104,60
9373572497698,FixOEM:Refaccion Celular+ Micro Electrónica,Flex Interconexion Samsung S21 Ultra 5G G991,,,1103,80
9373572202786,FixOEM:Refaccion Celular+ Micro Electrónica,Flex Interconexion Samsung Note 10 Plus N970,,,1154,80
9373572038946,FixOEM:Refaccion Celular+ Micro Electrónica,Flex Interconexion Moto Edge 40 Neo,,,1099,80
9373571842338,FixOEM:Refaccion Celular+ Micro Electrónica,Flex Interconexion Samsung Tab S6 Lite p610 p615,,,1098,100
9373571711266,FixOEM:Refaccion Celular+ Micro Electrónica,Flex Intercionexion Vivo Y15S V2139,,,1097,50
9373571547426,FixOEM:Refaccion Celular+ Micro Electrónica,Flex Huella Xiaomi Mi 11T Pro / Mi 11t,,,1096,140
9373571252514,FixOEM:Refaccion Celular+ Micro Electrónica,Flex Huella Oppo A57 4G / A17 / A77 4G / A78 5G / A58 4G,,,1094,170
9373570859298,FixOEM:Refaccion Celular+ Micro Electrónica,Flex Encendido Xiaomi Redmi 13C,,,1092,50
9373570597154,FixOEM:Refaccion Celular+ Micro Electrónica,Flex Encendido Xiaomi Note 9,,,1091,50
9373570269474,FixOEM:Refaccion Celular+ Micro Electrónica,Flex Encendido + Huella Samsung A24 A245,,,1090,170
9373570072866,FixOEM:Refaccion Celular+ Micro Electrónica,Flex Encendido Oppo Reno 5,,,1088,50
9373569843490,FixOEM:Refaccion Celular+ Micro Electrónica,Flex Encendido Oppo A74 / Reno 6 Lite,,,1087,50
9373569483042,FixOEM:Refaccion Celular+ Micro Electrónica,Flex Encendido Moto G53 / G13 / G23 Xt2335,,,1085,50
9373569286434,FixOEM:Refaccion Celular+ Micro Electrónica,Flex Encendido Moto G51 Xt2171,,,1084,50
9373569220898,FixOEM:Refaccion Celular+ Micro Electrónica,Flex Encendido Moto G31 Xt2173,,,1083,50
9373569024290,FixOEM:Refaccion Celular+ Micro Electrónica,Flex Encendido Honor X7 Cma- Lx3,,,1082,50
9373568663842,FixOEM:Refaccion Celular+ Micro Electrónica,Flex Encendido Zte Axon 50 Lite 5G,,,1078,50
9373568467234,FixOEM:Refaccion Celular+ Micro Electrónica,Camara Trasera Samsung S21 Ultra g998b,,,1077,790
9373568336162,FixOEM:Refaccion Celular+ Micro Electrónica,Charola Sim Zte V40,,,1076,50
9373568172322,FixOEM:Refaccion Celular+ Micro Electrónica,Charola Sim Zte A52 Lite,,,1075,50
9373567942946,FixOEM:Refaccion Celular+ Micro Electrónica,Charola Sim Xiaomi A9,,,1074,50
9373567746338,FixOEM:Refaccion Celular+ Micro Electrónica,Charola Sim Vivo Y33,,,1073,50
9373567680802,FixOEM:Refaccion Celular+ Micro Electrónica,Charola Sim Samsung S21 Fe G990,,,1072,50
9373567484194,FixOEM:Refaccion Celular+ Micro Electrónica,Charola Sim Moto G32 Xt2231 Negro,,,1070,50
9373567320354,FixOEM:Refaccion Celular+ Micro Electrónica,Charola Sim Huawei Honor X6 Vne-lx3 / X6S / X6A,,,1069,50
9373567123746,FixOEM:Refaccion Celular+ Micro Electrónica,Charola Sim Samsung S23 Ultra S918,,,1128,50
9373566927138,FixOEM:Refaccion Celular+ Micro Electrónica,Charola Sim Samsung A42 5G,,,1067,50
9373566730530,FixOEM:Refaccion Celular+ Micro Electrónica,Charola Sim Samsung A33 5G A336,,,1066,50
9373566501154,FixOEM:Refaccion Celular+ Micro Electrónica,Charola Sim Samsung A24 A245,,,1065,50
9373565944098,FixOEM:Refaccion Celular+ Micro Electrónica,Charola Sim Samsung A04E Negro,,,1062,50
9373565813026,FixOEM:Refaccion Celular+ Micro Electrónica,Charola Sim Realme 7 5G,,,1061,40
9373565616418,FixOEM:Refaccion Celular+ Micro Electrónica,Charola Sim Huawei P40 Lite,,,1060,30
9373565485346,FixOEM:Refaccion Celular+ Micro Electrónica,Charola Sim Oppo Reno 7 4G,,,1059,30
9373565255970,FixOEM:Refaccion Celular+ Micro Electrónica,Charola Sim Oppo Reno 10 5G,,,1058,50
9373565059362,FixOEM:Refaccion Celular+ Micro Electrónica,Charola Sim Oppo A18 / A38,,,1057,50
9373564993826,FixOEM:Refaccion Celular+ Micro Electrónica,Charola Sim Moto G8 Power,,,1056,50
9373564895522,FixOEM:Refaccion Celular+ Micro Electrónica,Charola Sim Moto G8 Azul,,,1055,50
9373564764450,FixOEM:Refaccion Celular+ Micro Electrónica,Charola Sim Moto G6 Plus Negro,,,1054,50
9373564502306,FixOEM:Refaccion Celular+ Micro Electrónica,Charola Sim Moto G6,,,1053,40
9373564305698,FixOEM:Refaccion Celular+ Micro Electrónica,Charola Sim Moto G200,,,1052,50
9373564109090,FixOEM:Refaccion Celular+ Micro Electrónica,Charola Sim Moto G14,,,1051,50
9373563945250,FixOEM:Refaccion Celular+ Micro Electrónica,Charola Sim Moto G 5G,,,1100,50
9373563781410,FixOEM:Refaccion Celular+ Micro Electrónica,Charola Sim Moto Edge 30 Neo,,,1049,50
9373563650338,FixOEM:Refaccion Celular+ Micro Electrónica,Charola Sim Iphone 14 / 14 Plus,,,1048,40
9373563552034,FixOEM:Refaccion Celular+ Micro Electrónica,Charola Sim Huawei Y9S,,,1047,50
9373563158818,FixOEM:Refaccion Celular+ Micro Electrónica,Charola Sim Huawei P8 Lite Gris,,,1045,50
9373562994978,FixOEM:Refaccion Celular+ Micro Electrónica,Charola Sim Huawei P20 Pro,,,1044,40
9373562667298,FixOEM:Refaccion Celular+ Micro Electrónica,Charola Sim Huawei Nova Y61 Negro,,,1043,40
9373562470690,FixOEM:Refaccion Celular+ Micro Electrónica,Charola Sim Huawei Mate 20 Pro,,,1042,40
9373562143010,FixOEM:Refaccion Celular+ Micro Electrónica,Charola Sim Honor X8A / X8,,,1040,50
9373561979170,FixOEM:Refaccion Celular+ Micro Electrónica,"Charola Sim Honor X7 / X7A Rky-Lx1, Rky-Lx2",,,6080,50
9373561356578,FixOEM:Refaccion Celular+ Micro Electrónica,Centro Carga Xiaomi Poco M3 Pro,,,1035,60
9373560865058,FixOEM:Refaccion Celular+ Micro Electrónica,Centro Carga Samsung S21 Ultra 5G,,,1033,290
9373560668450,FixOEM:Refaccion Celular+ Micro Electrónica,Centro Carga Samsung S20 5G G981 g980,,,1032,200
9373560111394,FixOEM:Refaccion Celular+ Micro Electrónica,Centro Carga Xiaomi Poco C65 2310FPCA4G,,,1029,60
9373559882018,FixOEM:Refaccion Celular+ Micro Electrónica,Centro Carga Oppo A94 5G / A54 5G CPH2239 / A55 5G,,,1027,60
9373559685410,FixOEM:Refaccion Celular+ Micro Electrónica,Centro Carga Moto G84 XT2347-1,,,1026,90
9373559292194,FixOEM:Refaccion Celular+ Micro Electrónica,Centro Carga Zte V40 Smart 7540N,,,1024,110
9373558997282,FixOEM:Refaccion Celular+ Micro Electrónica,Centro Carga Samsung Z Flip 4G SM-F700F,,,1021,120
9373558833442,FixOEM:Refaccion Celular+ Micro Electrónica,Centro Carga Samsung S22 / S22 Plus 5G S906,,,1020,400
9373558735138,FixOEM:Refaccion Celular+ Micro Electrónica,Centro Carga Oppo Reno 7 5G,,,1019,100
9373558472994,FixOEM:Refaccion Celular+ Micro Electrónica,Carcasa + Tapa Iphone 14 Pro Negro,,,1018,200
9373558309154,FixOEM:Refaccion Celular+ Micro Electrónica,Camara Trasera Moto G22,,,1015,190
9373558145314,FixOEM:Refaccion Celular+ Micro Electrónica,Camara Trasera Samsung A04,,,1014,180
9373557981474,FixOEM:Refaccion Celular+ Micro Electrónica,Camara Frontal Huawei Y9A,,,1036,90
9373557883170,FixOEM:Refaccion Celular+ Micro Electrónica,Boton Fisico Samsung A20S,,,1012,50
9373557621026,FixOEM:Refaccion Celular+ Micro Electrónica,Boton Fisico Oppo Reno 6 Pro,,,1011,60
9373557457186,FixOEM:Refaccion Celular+ Micro Electrónica,Boton Fisico Xiaomi Note 9S / Note 9 Pro,,,1010,50
9373557326114,FixOEM:Refaccion Celular+ Micro Electrónica,Boton Fisico Moto G8 Power,,,1009,50
9373557129506,FixOEM:Refaccion Celular+ Micro Electrónica,Bisel Xiaomi 11T / 11T Pro,,,1008,280
9373557031202,FixOEM:Refaccion Celular+ Micro Electrónica,Bisel Samsung A33,,,1007,100
9373556867362,FixOEM:Refaccion Celular+ Micro Electrónica,Bisel Samsung A15 5G,,,1006,70
9373556572450,FixOEM:Refaccion Celular+ Micro Electrónica,Bisel Oppo A15,,,1003,70
9373556441378,FixOEM:Refaccion Celular+ Micro Electrónica,Bisel Moto G8 Play Xt2015 / One Macro Xt2016,,,1002,140
9373556310306,FixOEM:Refaccion Celular+ Micro Electrónica,Bisel Moto G60S Xt2133,,,999,70
9373556212002,FixOEM:Refaccion Celular+ Micro Electrónica,Bisel Moto G10 Power,,,997,100
9373556015394,FixOEM:Refaccion Celular+ Micro Electrónica,Bisel Oca Iphone 14 Pro Max,,,979,80
9373555786018,FixOEM:Refaccion Celular+ Micro Electrónica,Auricular Xiaomi Redmi Note 9,,,994,50
9373555687714,FixOEM:Refaccion Celular+ Micro Electrónica,Auricular Samsung A31 4G,,,993,50
9373555523874,FixOEM:Refaccion Celular+ Micro Electrónica,Altavoz Buzzer Iphone 14 Pro,,,992,150
9373555327266,FixOEM:Refaccion Celular+ Micro Electrónica,Altavoz Buzzer Iphone 14,,,991,100
9373555130658,FixOEM:Refaccion Celular+ Micro Electrónica,Auricular Iphone 12 Pro Max,,,990,90
9373554606370,FixOEM:Refaccion Celular+ Micro Electrónica,Altavoz Buzzer iphone 14 Pro Max,,,987,150
9373554376994,FixOEM:Refaccion Celular+ Micro Electrónica,Altavoz Buzzer Samsung A10 A20 A30 A40 A50 M20 M30 M40,,,986,50
9373554147618,FixOEM:Refaccion Celular+ Micro Electrónica,Altavoz Buzzer Oppo Reno 6 Lite,,,985,50
9373553951010,FixOEM:Refaccion Celular+ Micro Electrónica,Altavoz Moto G8 Power Lite / G7 Power / G7 Play.,,,984,50
9373553754402,FixOEM:Refaccion Celular+ Micro Electrónica,Altavoz Buzzer Moto G10 Power Xt2127,,,983,60
9373553590562,FixOEM:Refaccion Celular+ Micro Electrónica,Tapa Trasera Zte V40 Smart,,,982,140
9373553230114,FixOEM:Refaccion Celular+ Micro Electrónica,Tapa Trasera Zte V30 Vita,,,980,120
9373553099042,FixOEM:Refaccion Celular+ Micro Electrónica,Tapa Trasera Zte Axon 10 Pro Azul,,,978,130
9373552836898,FixOEM:Refaccion Celular+ Micro Electrónica,Tapa Trasera Xiaomi Poco M4 Pro 4G Negro,,,977,140
9373552640290,FixOEM:Refaccion Celular+ Micro Electrónica,Tapa Trasera Xiaomi Poco M3 Gris,,,976,80
9373552378146,FixOEM:Refaccion Celular+ Micro Electrónica,Tapa Trasera Samsung A23 A235 Negro,,,975,70
9373552214306,FixOEM:Refaccion Celular+ Micro Electrónica,Tapa Trasera Samsung A15 a155,,,974,70
9372035875106,FixOEM:Refaccion Celular+ Micro Electrónica,Tapa Trasera Moto G14 Negro Xt2341,,,969,70
9372034564386,FixOEM:Refaccion Celular+ Micro Electrónica,Tapa Trasera Moto E6I Xt2053 / E6S,,,968,80
9372032893218,FixOEM:Refaccion Celular+ Micro Electrónica,Tapa Trasera Samsung A42 5G A426,,,965,80
9372032106786,FixOEM:Refaccion Celular+ Micro Electrónica,Tapa Trasera Oppo Reno 6 Pro Azul,,,963,120
9372031516962,FixOEM:Refaccion Celular+ Micro Electrónica,Tapa Trasera Oppo Reno 10 5G,,,962,100
9372029911330,FixOEM:Refaccion Celular+ Micro Electrónica,Tapa Trasera Moto G Power 2022,,,959,80
9372028993826,FixOEM:Refaccion Celular+ Micro Electrónica,Tapa Trasera Huawei Nova Y60 Negro,,,958,80
9372027814178,FixOEM:Refaccion Celular+ Micro Electrónica,Tapa Trasera Huawei Nova 8I Negro,,,957,140
9372022112546,FixOEM:Refaccion Celular+ Micro Electrónica,Carcasa + Tapa Iphone Xs Blanco,,,954,550
9372020703522,FixOEM:Refaccion Celular+ Micro Electrónica,Carcasa + Tapa Iphone Xr Blanco,,,953,320
9362456412450,FixOEM:Refaccion Celular+ Micro Electrónica,Flex Home + Boton Ipad Air 2 A1566 A1567 Negro,,,952,100
9359938617634,FixOEM:Refaccion Celular+ Micro Electrónica,Flex Interconexion Zte Axon 30 Pro,,,951,40
9359936880930,FixOEM:Refaccion Celular+ Micro Electrónica,Centro Carga Hisense V40S,,,950,100
9359926526242,FixOEM:Refaccion Celular+ Micro Electrónica,Lente Camara Zte V40 Smart,,,949,50
9359918039330,FixOEM:Refaccion Celular+ Micro Electrónica,Display Lenovo M7 3a Gen Tab Tb-7306F -X,,,948,285
9359862694178,FixOEM:Refaccion Celular+ Micro Electrónica,Display Iphone 14 Pro Oled,,,947,1210
9357876724002,FixOEM:Refaccion Celular+ Micro Electrónica,Lector  Huella Huawei Original P30 Lite Mar-lx3a,,,938,50
9353224093986,FixOEM:Refaccion Celular+ Micro Electrónica,Bateria Huawei Original P20 / Honor 10 / Honor 10 Lite 10I 20I Col-Al00 Col-Al10 Col-Tl00 Hb396285Ecw,,,HBA036,400
9353222947106,FixOEM:Refaccion Celular+ Micro Electrónica,"Bateria Huawei Original P50 Pro Jad-Al00, Jad-Al60 Hb536479Efw Original",,,HBA035,490
9344646414626,FixOEM:Refaccion Celular+ Micro Electrónica,Display Samsung A05S A057 IPS,,,945,195
9340199698722,FixOEM:Refaccion Celular+ Micro Electrónica,Display Moto G2 IPS XT1068 XT1063 XT1064,,,5298,200
9338284540194,FixOEM:Refaccion Celular+ Micro Electrónica,"Display Ipad Pro 11"" A1980 A1934 / 1a Gen 2018 A2068 A2230 / 2a Gen 2020 Negro",,,884,2175
9328643604770,FixOEM:Refaccion Celular+ Micro Electrónica,Bateria Zte Blade A3 / A5 2650 /A3 2019 2020 Li3826T43P4h695950,,,881,110
9328640950562,FixOEM:Refaccion Celular+ Micro Electrónica,Bateria Zte Axon 20 A2121 -E- G Li3941T44P4H836249,,,880,220
9328637444386,FixOEM:Refaccion Celular+ Micro Electrónica,Bateria Zte Axon 10 Pro 5G A2020 Pro / A2020/U/N3 LI3939T44P8H756547,,,879,150
9328631120162,FixOEM:Refaccion Celular+ Micro Electrónica,Bateria Vivo V21 5G V2050 B-P9,,,877,160
9328627941666,FixOEM:Refaccion Celular+ Micro Electrónica,Bateria Tcl 20E / Tcl 10 SE / Tcl 10L Alcatel 5030A 1 SE / 5028 1S 2020 TLP038D1,,,876,180
9328625189154,FixOEM:Refaccion Celular+ Micro Electrónica,Bateria Samsung S20 EB-EG980ABY,,,875,140
9328622698786,FixOEM:Refaccion Celular+ Micro Electrónica,Bateria Samsung J6 Sm-J600 / J8 Sm-J800 Eb-Bj800abe,,,874,150
9328599073058,FixOEM:Refaccion Celular+ Micro Electrónica,"Bateria Oppo  Neo 5 A31T,U/R1201 BLP593",,,871,140
9328597106978,FixOEM:Refaccion Celular+ Micro Electrónica,Bateria Oneplus Nord N10 5G BLP815,,,870,170
9328588095778,FixOEM:Refaccion Celular+ Micro Electrónica,Bateria Moto Edge 30 XT-2203 ND40,,,867,160
9328584425762,FixOEM:Refaccion Celular+ Micro Electrónica,Bateria Moto Edge 20  XT2143 MB40,,,866,160
9328580919586,FixOEM:Refaccion Celular+ Micro Electrónica,Bateria Ipad Air 2 A1547 A1566 A1567*,,,864,225
9328575185186,FixOEM:Refaccion Celular+ Micro Electrónica,Bateria Huawei Original Mate 30 Pro HB555591EEW,,,863,190
9328570827042,FixOEM:Refaccion Celular+ Micro Electrónica,Bateria Honor Magic 5 Lite / Honor X40 / x9a Hb506492EfW,,,862,400
9328564371746,FixOEM:Refaccion Celular+ Micro Electrónica,Bateria Apple Watch Serie 5 / SE 2da A2092 44Mm bat-A2181,,,861,110
9328516956450,FixOEM:Refaccion Celular+ Micro Electrónica,Bateria Alcatel 3X 2019 5048 / 5v 5060 TLp038C7,,,859,210
9328499654946,FixOEM:Refaccion Celular+ Micro Electrónica,Bateria Moto G14 XT2341 / G54 XT2343 Pc50,,,868,180
9321488548130,FixOEM:Refaccion Celular+ Micro Electrónica,Tapa Trasera Xiaomi Redmi Note 10 Pro M2101K6G,,,10470,110
9321010692386,FixOEM:Refaccion Celular+ Micro Electrónica,Flex Interconexion Moto Edge 2021 xt2141-2,,,892,80
9320925856034,FixOEM:Refaccion Celular+ Micro Electrónica,tapa trasera Xiaomi Redmi Note 10 5G M2103k19G Gris,,,891,90
9319861289250,FixOEM:Refaccion Celular+ Micro Electrónica,Líquido limpiador de pantallas 120ml,,,890,40
9310619762978,FixOEM:Refaccion Celular+ Micro Electrónica,Bocina Altavoz Samsung A80 A805F,,,857,60
9310615896354,FixOEM:Refaccion Celular+ Micro Electrónica,Bocina Altavoz Samsung A70 A705F,,,856,60
9304602935586,Huawei Compatible,Bateria Huawei Original Matepad 10 Pro 5G-HB27D8C8ECW,,,HBA031,400
9304599822626,Huawei Compatible,Bateria Huawei Original Huawei  Mediapad T5 / Matepad t8 HB2899C0ECW-C,,,HBA030,380
9304597463330,Huawei Compatible,Bateria Huawei Original P40 HB525777EEW,,,HBA029,570
9304595759394,Huawei Compatible,Bateria Huawei Original Mate 50 Pro Plus / Nova 11i / Y90 HB496493EGW,,,HBA028,700
9304583405858,FixOEM:Refaccion Celular+ Micro Electrónica,Altavoz Buzzer Moto G9 / G9 Play Xt2083,,,854,50
9304559714594,Huawei Compatible,Bateria Huawei Original P40 Pro HB536378EEW,,,HBA024,110
9304544805154,Huawei Compatible,Bateria Huawei Original Mate Pad Se C5 / C5E / Matepad 11.5 Se 11-HB27G3B1EGW-12,,,HBA021,820
9304542740770,Huawei Compatible,Bateria Huawei Original P60 / P60 Pro HB556877EHW-11,,,HBA020,760
9304540709154,Huawei Compatible,Bateria Huawei Original Nova 11 HB456493EGW,,,HBA019,750
9304539201826,Huawei Compatible,Bateria Huawei Original Mate 50 Pro / Mate 50 Rs HB546779EGW,,,HBA018,820
9304536678690,Huawei Compatible,Bateria Huawei Original P40 Pro Plus / Pro + HB595074EEW,,,HBA017,560
9293035962658,FixOEM:Refaccion Celular+ Micro Electrónica,Charola Sim Honor X7 / X7A Dual Sim Negro Rky-lx3,,,935,50
9290174923042,FixOEM:Refaccion Celular+ Micro Electrónica,Display Moto G Play 2023 Xt-2271 IPS,,,155,180
9290174628130,FixOEM:Refaccion Celular+ Micro Electrónica,Bisel Zte V20 Smart 8010,,,154,140
9290174497058,FixOEM:Refaccion Celular+ Micro Electrónica,Bisel Zte Blade A7S 2020 A7020,,,153,160
9290174300450,FixOEM:Refaccion Celular+ Micro Electrónica,Bisel Xiaomi Redmi Note 11S 2201117SL,,,152,80
9290174202146,FixOEM:Refaccion Celular+ Micro Electrónica,Bisel Xiaomi Redmi Note 11 4G  2201117TG,,,151,70
9290174136610,FixOEM:Refaccion Celular+ Micro Electrónica,Bisel Xiaomi Redmi 9T M2010J19SG / Poco M3 M2010J19CG,,,150,80
9290174005538,FixOEM:Refaccion Celular+ Micro Electrónica,Bisel Samsung A31 4G A315,,,149,80
9290173776162,FixOEM:Refaccion Celular+ Micro Electrónica,Bisel Samsung A23 4G A235,,,148,70
9290172793122,FixOEM:Refaccion Celular+ Micro Electrónica,Bisel Samsung A04S A047,,,147,80
9290172662050,FixOEM:Refaccion Celular+ Micro Electrónica,Bisel Samsung A03 Core A032,,,146,70
9290172563746,FixOEM:Refaccion Celular+ Micro Electrónica,Bisel Oppo Reno 7 5G Negro Cph2371,,,145,110
9290171941154,FixOEM:Refaccion Celular+ Micro Electrónica,Bisel Oppo Reno 6 Lite Cph2365,,,144,90
9290171875618,FixOEM:Refaccion Celular+ Micro Electrónica,Bisel Oppo Reno 5 Lite Cph2205,,,143,180
9290170827042,FixOEM:Refaccion Celular+ Micro Electrónica,Bisel Oppo A53 4G / A53S / A32 4G / A33 2020,,,142,70
9290170335522,FixOEM:Refaccion Celular+ Micro Electrónica,Bisel Moto G53 5G Xt2335,,,141,100
9290169680162,FixOEM:Refaccion Celular+ Micro Electrónica,Bisel Moto G51-XT2171,,,140,100
9290169254178,FixOEM:Refaccion Celular+ Micro Electrónica,Bisel Moto G50 5G xt2149,,,139,100
9290168762658,FixOEM:Refaccion Celular+ Micro Electrónica,Bisel Moto G23-Xt2333-1 / Moto G13-Xt2331-2,,,138,100
9290168172834,FixOEM:Refaccion Celular+ Micro Electrónica,Bisel Moto Edge 20 Lite Xt2139-1,,,137,110
9290166796578,FixOEM:Refaccion Celular+ Micro Electrónica,Bisel Moto E6S,,,136,80
9290138812706,FixOEM:Refaccion Celular+ Micro Electrónica,Bisel Moto E22 / Moto E22I,,,135,70
9290078290210,FixOEM:Refaccion Celular+ Micro Electrónica,Bisel Moto E20 xt2155,,,134,70
9290077045026,FixOEM:Refaccion Celular+ Micro Electrónica,Bisel Moto E13 xt2345,,,133,70
9290075406626,FixOEM:Refaccion Celular+ Micro Electrónica,Bisel Huawei Nova Y70 B0B3RY743Z,,,132,170
9290067280162,FixOEM:Refaccion Celular+ Micro Electrónica,Bisel Samsung A71 A715F,,,853,100
9290054664482,FixOEM:Refaccion Celular+ Micro Electrónica,Bisel Xiaomi Poco X3 / X3 Pro m2102j20sg,,,129,150
9290053320994,FixOEM:Refaccion Celular+ Micro Electrónica,Bisel Samsung A53 5G Negro a536,,,128,100
9290051617058,FixOEM:Refaccion Celular+ Micro Electrónica,Marco Xiaomi Redmi Note 11  / Note 11S Negro,,,127,100
9290050371874,FixOEM:Refaccion Celular+ Micro Electrónica,Marco Samsung A31 4G Negro a315,,,126,80
9290020978978,FixOEM:Refaccion Celular+ Micro Electrónica,Marco Samsung A23 4G Negro A235,,,125,100
9290020258082,FixOEM:Refaccion Celular+ Micro Electrónica,Marco Oppo Reno 7 4G Negro Cph2363,,,124,130
9290017702178,FixOEM:Refaccion Celular+ Micro Electrónica,Marco Oppo Reno 6 Lite Negro Cph2365,,,123,130
9290017145122,FixOEM:Refaccion Celular+ Micro Electrónica,Marco Oppo Reno 5 Lite Cph2205 Negro,,,122,120
9290015867170,FixOEM:Refaccion Celular+ Micro Electrónica,Marco Moto G50 5G Negro XT2149,,,120,100
9289714794786,FixOEM:Refaccion Celular+ Micro Electrónica,Display Lenovo Tab M10 10.1 TB-X505,,,852,470
9288346239266,FixOEM:Refaccion Celular+ Micro Electrónica,Cable De Datos USB Tipo C Huawei Color Gris 5-Ah Original,,,HAC007,90
9288345420066,FixOEM:Refaccion Celular+ Micro Electrónica,Cargador Huawei Original Adaptativo 10W-40W Blanco,,,HAC006,300
9288344568098,FixOEM:Refaccion Celular+ Micro Electrónica,Cable De Datos Carga Rapida Tipo USB A C Huawei Original,,,HAC004,150
9288343814434,FixOEM:Refaccion Celular+ Micro Electrónica,Audifonos Auriculares Huawei Original Blanco,,,HAC003,150
9288342667554,FixOEM:Refaccion Celular+ Micro Electrónica,Backpack Mochila Huawei Original,,,HAC001,250
9288289943842,FixOEM:Refaccion Celular+ Micro Electrónica,"Touch Ipad Pro 11"" A1980 A1934 1a 2018 A2068 A2230 2a Gen 2020 Negro",,,841,990
9288287256866,FixOEM:Refaccion Celular+ Micro Electrónica,Display Huawei P50 Abr-Lx9 / Abr-AL00,,,838,2380
9288285651234,FixOEM:Refaccion Celular+ Micro Electrónica,Tapa Trasera Samsung J4 core SM-J410 / F Negro,,,836,90
9285162631458,FixOEM:Refaccion Celular+ Micro Electrónica,Tapa Trasera Samsung A53 5G SM-A536E,,,797,70
9285160108322,FixOEM:Refaccion Celular+ Micro Electrónica,Tapa Trasera Moto G51 5G XT2171-1,,,794,90
9285159518498,FixOEM:Refaccion Celular+ Micro Electrónica,Tapa Trasera Honor 50 Lite NTN-LX3 Negro,,,793,80
9285157847330,FixOEM:Refaccion Celular+ Micro Electrónica,Tapa Trasera Huawei P50 Pro JAD-LX9,,,785,130
9285149917474,FixOEM:Refaccion Celular+ Micro Electrónica,Tapa Trasera Zte V10 Vita / Blade V10,,,752,130
9285140971810,FixOEM:Refaccion Celular+ Micro Electrónica,Tapa Trasera Zte Axon 50 Lite 8050,,,732,130
9285139267874,FixOEM:Refaccion Celular+ Micro Electrónica,Tapa Trasera Zte Blade A7S 2020 A7020,,,730,130
9285138317602,FixOEM:Refaccion Celular+ Micro Electrónica,Tapa Trasera Xiaomi Redmi Note 12S,,,727,90
9285137465634,FixOEM:Refaccion Celular+ Micro Electrónica,Tapa Trasera Xiaomi Poco X3 / X3 Pro,,,719,180
9285135761698,FixOEM:Refaccion Celular+ Micro Electrónica,Display Xiaomi Redmi K40 Gaming / Poco F3 GT,,,704,240
9285135368482,FixOEM:Refaccion Celular+ Micro Electrónica,Display Oneplus Nord N10 5G Fa219 IPS,,,703,190
9285134876962,FixOEM:Refaccion Celular+ Micro Electrónica,Display Huawei Honor 70 FNE-AN00/NX9 oled,,,702,620
9285134090530,FixOEM:Refaccion Celular+ Micro Electrónica,Display Alcatel 6002A 600D 1V 2021,,,698,190
9285133664546,FixOEM:Refaccion Celular+ Micro Electrónica,Flex Interconexion Vivo Y01 V2118,,,697,60
9285132517666,FixOEM:Refaccion Celular+ Micro Electrónica,Flex Interconexion Samsung A53 5G L-A536B,,,696,50
9285130944802,FixOEM:Refaccion Celular+ Micro Electrónica,Flex Interconexion Samsung A21S / A217F,,,695,50
9285130551586,FixOEM:Refaccion Celular+ Micro Electrónica,Flex Interconexion Moto G50 XT2137-1,,,694,60
9285130223906,FixOEM:Refaccion Celular+ Micro Electrónica,Flex Interconexion Huawei Y7A ppa-lx2,,,693,40
9285129797922,FixOEM:Refaccion Celular+ Micro Electrónica,Flex Huella Xiaomi Poco X3 / X3 Pro,,,691,170
9285129568546,FixOEM:Refaccion Celular+ Micro Electrónica,Flex Huella Moto G Play 2021 Xt2093 Azul,,,690,100
9285127668002,FixOEM:Refaccion Celular+ Micro Electrónica,Flex Huella Huawei Honor X8 -TFY-LX3 / Honor X9-ANY-LX3 / Honor 50 Lite NTN-LX3 / Nova 8I NEN-LX3 negro,,,689,110
9285127504162,FixOEM:Refaccion Celular+ Micro Electrónica,Flex Sensor Huella Samsung A70 A705F/D,,,635,80
9285127242018,FixOEM:Refaccion Celular+ Micro Electrónica,Jack Audio Samsung J4 SM-J400 / J5 Pro SM-J530/ J7 Pro SM-J730GM / J4 Plus SM-J415,,,608,60
9285073764642,FixOEM:Refaccion Celular+ Micro Electrónica,Centro Carga Xiaomi Redmi A1 / A1 Plus / A2 / A2 Plus,,,601,50
9285072584994,FixOEM:Refaccion Celular+ Micro Electrónica,Centro Carga Samsung A15 4G Sm-A155M,,,597,50
9285069340962,FixOEM:Refaccion Celular+ Micro Electrónica,Centro Carga Realme Gt Master Edition 5G,,,596,190
9285068751138,FixOEM:Refaccion Celular+ Micro Electrónica,Centro Carga Oppo Reno 7 4G Cph2363 / A96,,,595,70
9285067800866,FixOEM:Refaccion Celular+ Micro Electrónica,Centro Carga Oppo A78 4G,,,594,70
9285067309346,FixOEM:Refaccion Celular+ Micro Electrónica,Centro Carga Oppo A74 4G / Oppo A95 4G / Realme 8 4G / Realme 8 Pro / Oppo Reno 6 Lite,,,593,80
9285061116194,FixOEM:Refaccion Celular+ Micro Electrónica,Centro Carga Oppo A38 / a79 5G,,,592,60
9285059838242,FixOEM:Refaccion Celular+ Micro Electrónica,Centro Carga Moto G54 5G Xt2343,,,591,80
9285058756898,FixOEM:Refaccion Celular+ Micro Electrónica,Centro Carga Moto G50 4G Xt2137,,,590,100
9285049483554,FixOEM:Refaccion Celular+ Micro Electrónica,Centro Carga Huawei P30 Pro,,,587,100
9285044306210,FixOEM:Refaccion Celular+ Micro Electrónica,Centro Carga Huawei Nova 9 Se Jln-Lx3,,,586,200
9285043126562,FixOEM:Refaccion Celular+ Micro Electrónica,Centro Carga Honor 70 Fne-Nx9128,,,584,90
9285037916450,FixOEM:Refaccion Celular+ Micro Electrónica,Centro Carga Alcatel 5007 1V 2020,,,583,90
9285033427234,FixOEM:Refaccion Celular+ Micro Electrónica,Auricular Xiaomi Poco X3 / X3 Pro,,,581,50
9285032706338,FixOEM:Refaccion Celular+ Micro Electrónica,Auricular Samsung A23 5G,,,580,50
9285031690530,FixOEM:Refaccion Celular+ Micro Electrónica,Camara Frontal Samsung A70,,,578,60
9285030412578,FixOEM:Refaccion Celular+ Micro Electrónica,Bocina Altavoz Zte V10 Vita,,,577,50
9285029822754,FixOEM:Refaccion Celular+ Micro Electrónica,Bocina Altavoz Zte Axon 50 Lite,,,576,70
9285029298466,FixOEM:Refaccion Celular+ Micro Electrónica,Bocina Altavoz Xiaomi Redmi Note 7,,,575,60
9285028380962,FixOEM:Refaccion Celular+ Micro Electrónica,Bocina Altavoz Xiaomi Redmi 10C,,,574,60
9285027660066,FixOEM:Refaccion Celular+ Micro Electrónica,Bocina Altavoz Xiaomi Poco X3 / Poco X3 Pro,,,573,60
9285026545954,FixOEM:Refaccion Celular+ Micro Electrónica,Bocina Altavoz Xiaomi Poco F4,,,572,60
9285025693986,FixOEM:Refaccion Celular+ Micro Electrónica,Bocina Altavoz Samsung Note 20 Ultra,,,571,50
9285025235234,FixOEM:Refaccion Celular+ Micro Electrónica,Bocina Altavoz Samsung Note 20,,,570,50
9285023957282,FixOEM:Refaccion Celular+ Micro Electrónica,Bocina Altavoz Samsung A54,,,569,50
9285022941474,FixOEM:Refaccion Celular+ Micro Electrónica,Bocina Altavoz Samsung A32 4G,,,568,50
9285010719010,FixOEM:Refaccion Celular+ Micro Electrónica,Bocina Altavoz Samsung A31 Sm-A315G,,,567,40
9285009441058,FixOEM:Refaccion Celular+ Micro Electrónica,Bocina Altavoz Samsung A23 5G / A24 A146 / A04S,,,566,50
9285008523554,FixOEM:Refaccion Celular+ Micro Electrónica,Altavoz Buzzer Samsung A02S / Samsung A03S / Samsung A03,,,565,50
9285008064802,FixOEM:Refaccion Celular+ Micro Electrónica,Bocina Altavoz Oppo A78 4G,,,564,50
9285007409442,FixOEM:Refaccion Celular+ Micro Electrónica,Bocina Altavoz Oppo A53 4G,,,563,50
9285006328098,FixOEM:Refaccion Celular+ Micro Electrónica,Bocina Altavoz Oppo A17,,,562,50
9285004165410,FixOEM:Refaccion Celular+ Micro Electrónica,Bocina Altavoz Moto One Zoom,,,561,60
9285003411746,FixOEM:Refaccion Celular+ Micro Electrónica,Bocina Altavoz Moto G71 Xt2169,,,560,50
9284999217442,FixOEM:Refaccion Celular+ Micro Electrónica,Bocina Altavoz Moto G51 5G,,,559,50
9284998267170,FixOEM:Refaccion Celular+ Micro Electrónica,Bocina Altavoz Moto G50 5G Xt2149,,,558,50
9284997185826,FixOEM:Refaccion Celular+ Micro Electrónica,Bocina Altavoz Moto G42 Xt-2233,,,557,50
9284996727074,FixOEM:Refaccion Celular+ Micro Electrónica,Bocina Altavoz Moto E6 Play Xt2029,,,556,60
9284987617570,FixOEM:Refaccion Celular+ Micro Electrónica,Bocina Altavoz Moto E22,,,555,60
9284985684258,FixOEM:Refaccion Celular+ Micro Electrónica,Bocina Altavoz Moto E20,,,554,50
9284984242466,FixOEM:Refaccion Celular+ Micro Electrónica,Bocina Altavoz Iphone 8 / Iphone Se 2020,,,553,50
9284983456034,FixOEM:Refaccion Celular+ Micro Electrónica,Bocina Altavoz Huawei Nova Y70,,,552,60
9284982702370,FixOEM:Refaccion Celular+ Micro Electrónica,Bocina Altavoz Huawei Nova 5T,,,551,50
9284982014242,FixOEM:Refaccion Celular+ Micro Electrónica,Flex Encendido Zte V40 Smart,,,550,60
9284976836898,FixOEM:Refaccion Celular+ Micro Electrónica,Flex Encendido Zte A71,,,549,60
9284975952162,FixOEM:Refaccion Celular+ Micro Electrónica,Flex Encendido Xiaomi Redmi Note 10 Pro,,,548,50
9284973265186,FixOEM:Refaccion Celular+ Micro Electrónica,Flex Encendido Xiaomi Redmi 9T / Poco M3,,,547,50
9284969791778,FixOEM:Refaccion Celular+ Micro Electrónica,Flex Encendido Vivo Y01 V2118,,,546,50
9284968972578,FixOEM:Refaccion Celular+ Micro Electrónica,Flex Encendido Samsung A9 2018,,,545,50
9284968448290,FixOEM:Refaccion Celular+ Micro Electrónica,Flex Encendido Samsung A31,,,544,40
9284955832610,FixOEM:Refaccion Celular+ Micro Electrónica,Flex Encendido Realme C35,,,443,50
9284954521890,FixOEM:Refaccion Celular+ Micro Electrónica,Flex Encendido Realme 8I Rmx3151,,,438,60
9284953997602,FixOEM:Refaccion Celular+ Micro Electrónica,Flex Encendido Realme 7I,,,434,60
9284940792098,FixOEM:Refaccion Celular+ Micro Electrónica,Flex Encendido Iphone 8,,,429,70
9284938858786,FixOEM:Refaccion Celular+ Micro Electrónica,Flex Encendido Huawei Nova 9 Se Jln-Lx3,,,421,60
9284936499490,FixOEM:Refaccion Celular+ Micro Electrónica,Charola Sim Vivo Y53S Negro,,,367,50
9284933517602,FixOEM:Refaccion Celular+ Micro Electrónica,Charola Sim Vivo Y01,,,366,50
9284919492898,FixOEM:Refaccion Celular+ Micro Electrónica,Charola Sim Samsung A23 Negro,,,315,50
9284916543778,FixOEM:Refaccion Celular+ Micro Electrónica,Charola Sim Samsung A13 4G,,,269,50
9284914872610,FixOEM:Refaccion Celular+ Micro Electrónica,Charola Sim Oppo A54 Negro Cph2239,,,254,50
9284912513314,FixOEM:Refaccion Celular+ Micro Electrónica,Charola Sim Moto E7 Xt2095 / E7I / E7I POWER,,,251,50
9284907008290,FixOEM:Refaccion Celular+ Micro Electrónica,Charola Sim Moto E7 Plus Xt2081,,,192,50
9284899963170,FixOEM:Refaccion Celular+ Micro Electrónica,Charola Sim Lg K41S Negro,,,191,50
9284893901090,FixOEM:Refaccion Celular+ Micro Electrónica,Charola Sim Huawei Y6 2019 / Honor 8A,,,189,50
9284888559906,FixOEM:Refaccion Celular+ Micro Electrónica,Lente Camara Zte V20 Smart / V2020 Smart 8010,,,188,60
9284885774626,FixOEM:Refaccion Celular+ Micro Electrónica,Lente Camara Xiaomi Redmi Note 8,,,187,50
9284884660514,FixOEM:Refaccion Celular+ Micro Electrónica,Lente Camara Xiaomi Redmi 9T,,,186,50
9284883448098,FixOEM:Refaccion Celular+ Micro Electrónica,Lente Camara Samsung Note 10 Plus,,,185,50
9284879155490,FixOEM:Refaccion Celular+ Micro Electrónica,Lente Camara Huawei Nova 9 Se Jln-Lx3,,,184,60
9284877058338,FixOEM:Refaccion Celular+ Micro Electrónica,Lente Camara Huawei Nova 9 / Nova 9 Pro,,,183,50
9284874469666,FixOEM:Refaccion Celular+ Micro Electrónica,Camara Trasera Moto E22 16Mp Xt2239,,,182,130
9284859953442,FixOEM:Refaccion Celular+ Micro Electrónica,Camara Trasera Huawei Y9S Ultra Gran Angular 8Mp,,,181,100
9284858708258,FixOEM:Refaccion Celular+ Micro Electrónica,Camara Trasera Huawei Y9S Sensor Profundidad 2Mp,,,180,80
9284857594146,FixOEM:Refaccion Celular+ Micro Electrónica,Camara Trasera Huawei Y9S Sensor Principal 48Mp,,,179,120
9284847796514,FixOEM:Refaccion Celular+ Micro Electrónica,Flex sensor proximidad Face ID Iphone 13 pro max,,,178,130
9284844912930,FixOEM:Refaccion Celular+ Micro Electrónica,Display Xiaomi Redmi Note 13 Pro 5G IPS 2312dra50g,,,176,195
9284841963810,FixOEM:Refaccion Celular+ Micro Electrónica,Display Xiaomi Poco X4 Pro 5G / Redmi Note 11 Pro 4G / 5G / Redmi Note 11 Pro Plus 5G IPS,,,174,175
9284840128802,FixOEM:Refaccion Celular+ Micro Electrónica,Display Xiaomi Poco F5 Pro 23013pc75g IPS,,,173,255
9284828234018,FixOEM:Refaccion Celular+ Micro Electrónica,Display Oneplus Nord Ce 5G / Nord 2 5G Eb2101 Eb2103 DN2103 IPS,,,170,160
9284827808034,FixOEM:Refaccion Celular+ Micro Electrónica,Display Lanix Alpha 1V Ips,,,169,215
9284826857762,FixOEM:Refaccion Celular+ Micro Electrónica,Display Honor X6A / X5 Plus / X6A Plus / X5B / X5B Plus Wdy-Lx3 Ips,,,168,155
9284825710882,FixOEM:Refaccion Celular+ Micro Electrónica,Display Apple Watch Serie 5 / Serie SE A2092 44Mm,,,167,2940
9284822073634,FixOEM:Refaccion Celular+ Micro Electrónica,Display Samsung S23 Plus Con Marco S916B,,,165,2380
9284815323426,FixOEM:Refaccion Celular+ Micro Electrónica,Display Oppo F9 /  F9 Pro / Oppo A7X Cph1825 Ips,,,163,160
9284813390114,FixOEM:Refaccion Celular+ Micro Electrónica,Display Google Pixel 7 Pro OLED C/Huella GE2AE reducido,,,162,780
9283214672162,FixOEM:Refaccion Celular+ Micro Electrónica,Display Google Pixel 3A GO20F,,,161,890
9283209363746,FixOEM:Refaccion Celular+ Micro Electrónica,Display Moto Razr 40 5G 2023 / Razr 40 Ultra 2023 Amoled,,,159,2660
9283206250786,FixOEM:Refaccion Celular+ Micro Electrónica,Tapa Trasera Moto E20 XT2155,,,157,90
9272797102370,FixOEM:Refaccion Celular+ Micro Electrónica,Flex Interconexion Lcd Main Sub Oppo Reno 4 Lite,,,850,40
9272470339874,FixOEM:Refaccion Celular+ Micro Electrónica,Tapa Trasera Iphone Con Lentes,,,846,70
9264081338658,FixOEM:Refaccion Celular+ Micro Electrónica,Marco Moto E22 / e22i Negro,,,119,100
9264074948898,FixOEM:Refaccion Celular+ Micro Electrónica,Marco Moto E13 Xt2345,,,118,100
9264072458530,FixOEM:Refaccion Celular+ Micro Electrónica,Marco Huawei Nova Y70 Negro Mga-lx3,,,117,100
9260321997090,FixOEM:Refaccion Celular+ Micro Electrónica,Centro Carga Vivo Y21S / Y21,,,6342,50
9253104812322,FixOEM Herramientas,Espatula Spudger Cuña Plastico 148 Mm,,,6376,50
9233988976930,FixOEM:Refaccion Celular+ Micro Electrónica,Tapa Trasera Vivo Y35 / Y22 5G V2205,,,6503,90
9230579007778,FixOEM:Refaccion Celular+ Micro Electrónica,Conector (Tipo F) Macho Recto,,,106,20
9230508228898,FixOEM:Refaccion Celular+ Micro Electrónica,Marco Moto G22 Xt2231-2,,,832,100
9226837786914,Huawei Compatible,Bateria Huawei Original Mate 40 RS/ Mate 40 Pro/ Mate 40 Pro+/ Mate 40E Pro HB576675EEW,,,HBA016,210
9226837459234,Huawei Compatible,Bateria Huawei Original Media Pad M5/Media Pad M5 Pro/Tablet M5/Meadia Pad M5 Lite/Media Pad M6 HB2994I8ECW,,,HBA015,300
9161401827618,FixOEM:Refaccion Celular+ Micro Electrónica,Lampara Led Usb Con Lupa 8x De Brazo Escritorio,,,6528,990
9161371156770,FixOEM:Refaccion Celular+ Micro Electrónica,Display Zte A34 / A54 / A74 IPS,,,6298,165
9161370698018,FixOEM:Refaccion Celular+ Micro Electrónica,Display Zte Axon 40 Ultra AMOLED,,,6297,3470
9161368994082,FixOEM:Refaccion Celular+ Micro Electrónica,Display Vivo V30 Lite V2314 IPS,,,6293,270
9161368600866,FixOEM:Refaccion Celular+ Micro Electrónica,Display Vivo V21 4G 5G / V25 6.44' IPS,,,6292,180
9161368240418,FixOEM:Refaccion Celular+ Micro Electrónica,Display TCL 20L/ 20L Plus / 20S T773 IPS,,,6291,190
9161367945506,FixOEM:Refaccion Celular+ Micro Electrónica,Display Tcl 30 XL IPS,,,6290,260
9161367650594,FixOEM:Refaccion Celular+ Micro Electrónica,Display Tcl 10L / 10 Lite T770 T780 IPS,,,6289,180
9161367290146,FixOEM:Refaccion Celular+ Micro Electrónica,Display Samsung Tab E 9.6 T560,,,6288,715
9161366995234,FixOEM:Refaccion Celular+ Micro Electrónica,Display Samsung Tab A9 8.7 Sm-X110,,,6287,320
9161366667554,FixOEM:Refaccion Celular+ Micro Electrónica,Display Samsung Tab A2 T590,,,6286,690
9161366241570,FixOEM:Refaccion Celular+ Micro Electrónica,Display Samsung Tab A 8.0 2019 T295 Version Lte,,,6285,270
9161365782818,FixOEM:Refaccion Celular+ Micro Electrónica,Display Samsung Tab A 10.1 Sm-T580 / Sm-T585 / t587,,,6284,670
9161365225762,FixOEM:Refaccion Celular+ Micro Electrónica,Display Samsung S10 Lite SM-G770 Oled,,,6283,1520
9161361522978,FixOEM:Refaccion Celular+ Micro Electrónica,Display Moto G04 / G04S / G24 / G24 Power / E14 / Moto G 5g 2024 XT2421-2,,,6275,165
9161360933154,FixOEM:Refaccion Celular+ Micro Electrónica,Display Huawei Nova 9 Se JLN-LX3 / Nova 11I / Honor 50 Se Ips,,,6274,175
9161359425826,FixOEM:Refaccion Celular+ Micro Electrónica,Display Huawei Mediapad T5 10.1 Ags2-L09 / Ags2-W09 / Ags2-L03 Version Wifi,,,6272,520
9161359065378,FixOEM:Refaccion Celular+ Micro Electrónica,"Display Huawei Matepad 11.5"" Btk-Al09 / Btk-W09 / Btk-W10 Version Wifi",,,6271,475
9161358475554,FixOEM:Refaccion Celular+ Micro Electrónica,Display Huawei Honor 90 5G / Honor 90 Pro Rea-An00 Rea-Nx9 Amoled,,,6270,595
9161357918498,FixOEM:Refaccion Celular+ Micro Electrónica,Display Honor X7B Clk-lx1/2 IPS,,,6269,195
9161357426978,FixOEM:Refaccion Celular+ Micro Electrónica,Display Hisense V60 / H60 Smart / H60 Lite IPS Hlte240e,,,6268,280
9161356837154,FixOEM:Refaccion Celular+ Micro Electrónica,Bateria Xiaomi Redmi Note 9T / Note 9 5G Bm54,,,6267,170
9131724472610,FixOEM:Refaccion Celular+ Micro Electrónica,Flex Antena Wifi Huawei Y9 Prime 2019 Stk-lx3,,,6518,50
9131724013858,FixOEM:Refaccion Celular+ Micro Electrónica,Flex Antena Wifi Samsung A20S A207,,,6516,60
9131723817250,FixOEM:Refaccion Celular+ Micro Electrónica,Flex Flex Antena Wifi Samsung A10S Sm-a107,,,6515,50
9131723587874,FixOEM:Refaccion Celular+ Micro Electrónica,Flex Bisagra Eje Giratorio Samsung Z Fold 4 Sm-F936B,,,6514,180
9131722998050,FixOEM:Refaccion Celular+ Micro Electrónica,Display Xiaomi Redmi Note 9T 5G / Redmi Note 9 5G M2007j22g,,,6511,170
9131722834210,FixOEM:Refaccion Celular+ Micro Electrónica,"Display Xiaomi Pad 6 / Pad 6 Pro 11"" 23043Rp34C / 23046Rp50C",,,6509,555
9131722244386,FixOEM:Refaccion Celular+ Micro Electrónica,Display Realme C30 / C30F / C33 / Narzo 50i Prime Version TXDI650QBAPU-99 IPS,,,6506,180
9131722080546,FixOEM:Refaccion Celular+ Micro Electrónica,Display Oppo Reno 10 5G / Reno 10  Pro OLED,,,6505,710
9131721785634,FixOEM:Refaccion Celular+ Micro Electrónica,Display Honor Magic 6 Lite / X9B / X50 Oled,,,6504,830
9131721556258,FixOEM:Refaccion Celular+ Micro Electrónica,Carcasa + Tapa Iphone 8 Negro,,,6502,280
9131721326882,FixOEM:Refaccion Celular+ Micro Electrónica,Carcasa + Tapa Iphone 13 Pro Max Azul,,,6501,1120
9131721163042,FixOEM:Refaccion Celular+ Micro Electrónica,Carcasa + Tapa Iphone 13 Pro Azul,,,6500,670
9131720737058,FixOEM:Refaccion Celular+ Micro Electrónica,Carcasa + Tapa Iphone 12,,,6498,350
9131720114466,FixOEM:Refaccion Celular+ Micro Electrónica,Carcasa + Tapa Iphone 11 Pro Max,,,6495,450
9131719819554,FixOEM:Refaccion Celular+ Micro Electrónica,Carcasa + Tapa Iphone 11,,,6493,330
9131719622946,FixOEM:Refaccion Celular+ Micro Electrónica,Carcasa + Tapa Iphone 8 Plus Rosa,,,6492,450
9131719033122,FixOEM:Refaccion Celular+ Micro Electrónica,Touch Samsung Core 2 G355,,,6489,110
9131718836514,FixOEM:Refaccion Celular+ Micro Electrónica,Tapa Trasera Xiaomi Redmi Note 12 Negro 5G,,,6488,70
9131718574370,FixOEM:Refaccion Celular+ Micro Electrónica,Tapa Trasera Xiaomi Redmi Note 12 Negro 4G,,,6487,90
9131717951778,FixOEM:Refaccion Celular+ Micro Electrónica,Tapa Trasera Samsung S20 4G / S20 5G G981 g980,,,6484,110
9131717296418,FixOEM:Refaccion Celular+ Micro Electrónica,Tapa Trasera Samsung S10 Lite G770f,,,6481,90
9131716608290,FixOEM:Refaccion Celular+ Micro Electrónica,Tapa Trasera Samsung S10 4G,,,6478,100
9131715723554,FixOEM:Refaccion Celular+ Micro Electrónica,Tapa Trasera Samsung Note 20 Ultra N986,,,6474,120
9131714609442,FixOEM:Refaccion Celular+ Micro Electrónica,Tapa Trasera Samsung A72 A725,,,6469,60
9131714281762,FixOEM:Refaccion Celular+ Micro Electrónica,Tapa Trasera Samsung A52 4G 5G / A52s a525 a526 a528,,,6467,70
9131713691938,FixOEM:Refaccion Celular+ Micro Electrónica,Tapa Trasera Samsung A50 SM-A505,,,6464,60
9131711988002,FixOEM:Refaccion Celular+ Micro Electrónica,Tapa Trasera Samsung A12 Sm-A125,,,6454,50
9131710742818,FixOEM:Refaccion Celular+ Micro Electrónica,Tapa Trasera Samsung A05 Sm-A055,,,6447,70
9131710578978,FixOEM:Refaccion Celular+ Micro Electrónica,Tapa Trasera Samsung A04,,,6446,70
9131710447906,FixOEM:Refaccion Celular+ Micro Electrónica,Tapa Trasera Samsung A04 Core Negro,,,6445,60
9131709563170,FixOEM:Refaccion Celular+ Micro Electrónica,Tapa Trasera Samsung A03 Core Sm-a032m,,,6440,70
9131708940578,FixOEM:Refaccion Celular+ Micro Electrónica,Tapa Trasera Samsung A01,,,6435,70
9131708219682,FixOEM:Refaccion Celular+ Micro Electrónica,Tapa Trasera Moto Edge Plus Xt2063,,,6431,150
9131707826466,FixOEM:Refaccion Celular+ Micro Electrónica,Tapa Trasera Moto E7 Power / Moto E7I Power Naranja,,,6429,100
9131706745122,FixOEM:Refaccion Celular+ Micro Electrónica,Tapa Trasera Huawei Original P30 Lite 24Mp,,,6424,100
9131705729314,FixOEM:Refaccion Celular+ Micro Electrónica,Tapa Trasera Honor Magic 6 Lite / X9B,,,6420,110
9131705532706,FixOEM:Refaccion Celular+ Micro Electrónica,Tapa Trasera Samsung S7 Flat G930,,,6419,80
9131704189218,FixOEM:Refaccion Celular+ Micro Electrónica,Tapa Trasera Huawei Nova 8,,,6413,110
9131704025378,FixOEM:Refaccion Celular+ Micro Electrónica,Tapa Trasera Honor X7A Ryk-lx3 -1,,,6412,100
9131703861538,FixOEM:Refaccion Celular+ Micro Electrónica,Marco Samsung A21S Negro A217,,,6411,80
9131703468322,FixOEM:Refaccion Celular+ Micro Electrónica,Bisel Huawei Y9 Prime 2019 / Honor 9X / 9X Pro,,,6409,200
9131703140642,FixOEM:Refaccion Celular+ Micro Electrónica,Bisel Huawei Y9 Prime Stk-lx3,,,6408,150
9131702944034,FixOEM:Refaccion Celular+ Micro Electrónica,Lente Camara Xiaomi Redmi Note 12 Pro 5G / Note 12 Pro Plus,,,6406,60
9131702747426,FixOEM:Refaccion Celular+ Micro Electrónica,Lente Camara Xiaomi Redmi Note 12 Pro 4G,,,6405,60
9131702157602,FixOEM:Refaccion Celular+ Micro Electrónica,Lente Camara Oppo A72 5G Pdym20,,,6404,60
9131700191522,FixOEM:Refaccion Celular+ Micro Electrónica,Lente Camara Oppo A72 4G,,,6403,50
9131699962146,FixOEM:Refaccion Celular+ Micro Electrónica,Lente Camara Lg K51 / Q51,,,6402,60
9131699601698,FixOEM:Refaccion Celular+ Micro Electrónica,Lente Camara Huawei Y6 Pro / Y6 2019 Mrd-lx3,,,6401,60
9131697340706,FixOEM:Refaccion Celular+ Micro Electrónica,Lente Camara Honor X6s / X8a / X9a,,,6400,50
9131697111330,FixOEM:Refaccion Celular+ Micro Electrónica,Lente Camara (Outer lens) Honor Magic 6 Lite / X9B,,,6399,50
9131696881954,FixOEM:Refaccion Celular+ Micro Electrónica,Flex Interconexion Xiaomi Poco X3 / X3 Pro,,,6398,50
9131695440162,FixOEM:Refaccion Celular+ Micro Electrónica,Flex Interconexion Xiaomi Redmi 9 / 9A / 9C,,,6397,50
9131694326050,FixOEM:Refaccion Celular+ Micro Electrónica,Flex Interconexion Moto G60S,,,6396,80
9131694162210,FixOEM:Refaccion Celular+ Micro Electrónica,Flex Interconexion Huawei Mediapad T3 10,,,6395,90
9131693932834,FixOEM:Refaccion Celular+ Micro Electrónica,Flex Huella Honor X7A / Honor X7 Negro,,,6394,110
9131691868450,FixOEM:Refaccion Celular+ Micro Electrónica,Flex Encendido Xiaomi Poco X5 / Xiaomi Redmi Note 12,,,6392,60
9131690361122,FixOEM:Refaccion Celular+ Micro Electrónica,Flex Encendido Xiaomi Poco X3 / Poco X3 Pro,,,6391,50
9131690197282,FixOEM:Refaccion Celular+ Micro Electrónica,Flex Encendido Xiaomi Poco M5,,,6390,60
9131687706914,FixOEM:Refaccion Celular+ Micro Electrónica,Flex Encendido Xiaomi Poco M3 Pro 5G / Redmi Note 10 5G,,,6389,50
9131687182626,FixOEM:Refaccion Celular+ Micro Electrónica,Flex Encendido Xiaomi Mi 10T M2007J3SY,,,6387,150
9131685445922,FixOEM:Refaccion Celular+ Micro Electrónica,Flex Encendido Xiaomi Mi 10 / Mi 10 Pro 5G,,,6386,50
9131684299042,FixOEM:Refaccion Celular+ Micro Electrónica,Flex Encendido Samsung A14 4G,,,6385,60
9131683447074,FixOEM:Refaccion Celular+ Micro Electrónica,Flex Encendido Oppo A17 Cph2477,,,6384,50
9131682922786,FixOEM:Refaccion Celular+ Micro Electrónica,Flex Encendido Oppo A16 / A16S / A54 / A54S 4G,,,6383,50
9131681775906,FixOEM:Refaccion Celular+ Micro Electrónica,Flex Encendido Moto G9 Power Xt2091,,,6382,50
9131679777058,FixOEM:Refaccion Celular+ Micro Electrónica,Flex Encendido Moto G50 5G Xt2149,,,6380,50
9131678368034,FixOEM:Refaccion Celular+ Micro Electrónica,Flex Encendido Moto G50 4G Xt2137,,,6379,40
9131677286690,FixOEM:Refaccion Celular+ Micro Electrónica,Flex Encendido Moto G22 Xt2231,,,6378,50
9131676074274,FixOEM:Refaccion Celular+ Micro Electrónica,Flex Encendido Moto Edge 20 Lite Xt2139,,,6377,50
9131673846050,FixOEM:Refaccion Celular+ Micro Electrónica,Flex Encendido Moto E6 Play Xt2029,,,6375,40
9131672764706,FixOEM:Refaccion Celular+ Micro Electrónica,Flex Encendido Moto E7I Power / E7 Power,,,6374,50
9131671748898,FixOEM:Refaccion Celular+ Micro Electrónica,Flex Encendido Moto E20 / E30 / E40,,,6373,50
9131670536482,FixOEM:Refaccion Celular+ Micro Electrónica,Flex Encendido Hisense H50 Lite / E50,,,6372,50
9131669586210,FixOEM:Refaccion Celular+ Micro Electrónica,Flex Encendido Hisense H40,,,6371,60
9131668406562,FixOEM:Refaccion Celular+ Micro Electrónica,Flex Encendido Hisense H30 Lite Hlte223e,,,6370,50
9131666669858,FixOEM:Refaccion Celular+ Micro Electrónica,Flex Encendido Hisense E60 Lite,,,6369,50
9131665719586,FixOEM:Refaccion Celular+ Micro Electrónica,Flex Encendido Hisense E60,,,6368,50
9131664769314,FixOEM:Refaccion Celular+ Micro Electrónica,Flex Encendido + Huella Xiaomi Mi 11 Lite 5g 2109119dg / Ne 5g,,,6367,140
9131663393058,FixOEM:Refaccion Celular+ Micro Electrónica,Flex Encendido + Huella Samsung A22 4G A225,,,6365,140
9131662606626,FixOEM:Refaccion Celular+ Micro Electrónica,Charola Sim Vivo V30 Lite dual sim,,,6363,50
9131662016802,FixOEM:Refaccion Celular+ Micro Electrónica,Charola Sim Moto E6I Negro,,,6360,50
9131661590818,FixOEM:Refaccion Celular+ Micro Electrónica,Centro Carga Samsung A05 Sm-A055,,,6358,50
9131661000994,FixOEM:Refaccion Celular+ Micro Electrónica,Centro Carga Tcl 20L,,,6357,110
9131660706082,FixOEM:Refaccion Celular+ Micro Electrónica,Centro Carga Tcl 20E,,,6356,90
9131660542242,FixOEM:Refaccion Celular+ Micro Electrónica,Centro Carga Tcl 20 Se,,,6355,100
9131660345634,FixOEM:Refaccion Celular+ Micro Electrónica,Centro Carga Tcl 10 Plus,,,6354,50
9131660050722,FixOEM:Refaccion Celular+ Micro Electrónica,Centro Carga Iphone Se 2022,,,6353,140
9131659854114,FixOEM:Refaccion Celular+ Micro Electrónica,Centro Carga Iphone 13 Pro Max,,,6352,180
9131659362594,FixOEM:Refaccion Celular+ Micro Electrónica,Centro Carga Huawei Nova 11I,,,6349,310
9131659034914,FixOEM:Refaccion Celular+ Micro Electrónica,Bocina Altavoz Samsung A01 sm-A015,,,6348,50
9131658805538,FixOEM:Refaccion Celular+ Micro Electrónica,Flex Antena Wifi Samsung S21 Fe,,,6347,50
9131658510626,FixOEM:Refaccion Celular+ Micro Electrónica,Flex Interconexion Huawei Nova 3 Par-lx9,,,6346,50
9131658281250,FixOEM:Refaccion Celular+ Micro Electrónica,Charola Sim Huawei Nova 5T Tornasol Yal L21,,,6345,50
9131657756962,FixOEM:Refaccion Celular+ Micro Electrónica,Centro Carga Vivo Y52S V2057a,,,6343,50
9131657199906,FixOEM:Refaccion Celular+ Micro Electrónica,Centro Carga Vivo Y20 / Y11S,,,6341,60
9131656970530,FixOEM:Refaccion Celular+ Micro Electrónica,Centro Carga Samsung Tab A8 10.5 2022 Sm-X200,,,6340,60
9131656708386,FixOEM:Refaccion Celular+ Micro Electrónica,Centro Carga Samsung Tab A2 T590,,,6339,150
9131656216866,FixOEM:Refaccion Celular+ Micro Electrónica,Centro Carga Samsung S10 Lite Version F G770,,,6337,200
9131655954722,FixOEM:Refaccion Celular+ Micro Electrónica,Centro Carga Samsung A20E Sm-A202F Version F,,,6336,50
9131655758114,FixOEM:Refaccion Celular+ Micro Electrónica,Centro Carga Realme C35/ Realme 9i 5g,,,6335,90
9131655495970,FixOEM:Refaccion Celular+ Micro Electrónica,Centro Carga Realme 7 Pro Rmx2170,,,6334,110
9131655266594,FixOEM:Refaccion Celular+ Micro Electrónica,Centro Carga Moto One Hyper XT2027,,,6333,80
9131655037218,FixOEM:Refaccion Celular+ Micro Electrónica,Centro Carga Moto G62 5G XT2223,,,6332,100
9131654807842,FixOEM:Refaccion Celular+ Micro Electrónica,Centro Carga Moto G50 5G Xt2149,,,6331,90
9131654545698,FixOEM:Refaccion Celular+ Micro Electrónica,Centro Carga Moto G23 XT2333,,,6330,80
9131654283554,FixOEM:Refaccion Celular+ Micro Electrónica,Centro Carga Moto G22 / E32S XT2231 XT2229,,,6329,60
9131654054178,FixOEM:Refaccion Celular+ Micro Electrónica,Centro Carga Moto G10 Power,,,6328,80
9131653595426,FixOEM:Refaccion Celular+ Micro Electrónica,Centro Carga Moto G Power 2021 XT2117,,,6326,110
9131653366050,FixOEM:Refaccion Celular+ Micro Electrónica,Centro Carga Moto Edge 20 Pro XT2143,,,6325,260
9131653136674,FixOEM:Refaccion Celular+ Micro Electrónica,Centro Carga Moto E7 2020 Xt2095,,,6324,60
9131652907298,FixOEM:Refaccion Celular+ Micro Electrónica,Centro Carga Lg K51S,,,6323,110
9131652645154,FixOEM:Refaccion Celular+ Micro Electrónica,Centro Carga Ipad 7 / Ipad 8 / Ipad 9,,,6322,70
9131652022562,FixOEM:Refaccion Celular+ Micro Electrónica,Centro Carga Huawei Nova Y70 Mga-lx9,,,6320,90
9131651694882,FixOEM:Refaccion Celular+ Micro Electrónica,Centro Carga Huawei Nova Y60 Wkg-lx9,,,6319,60
9131651465506,FixOEM:Refaccion Celular+ Micro Electrónica,Centro Carga Huawei Honor X9 Any-lx3,,,6318,90
9131651006754,FixOEM:Refaccion Celular+ Micro Electrónica,Centro Carga Hisense E60 Lite / U50 4G,,,6316,100
9131650711842,FixOEM:Refaccion Celular+ Micro Electrónica,Centro Carga Alcatel 5028 1S 2020,,,6315,110
9131650416930,FixOEM:Refaccion Celular+ Micro Electrónica,Centro Carga Alcatel 1S 2021 Version SUB M6209,,,6314,100
9131650253090,FixOEM:Refaccion Celular+ Micro Electrónica,Centro Carga Alcatel 1 Se 5030A,,,6313,90
9131649925410,FixOEM:Refaccion Celular+ Micro Electrónica,Centro Carga Zte V40 Vita 8045 / v40,,,6312,110
9131649630498,FixOEM:Refaccion Celular+ Micro Electrónica,Centro Carga Zte V30 9030,,,6311,110
9131649073442,FixOEM:Refaccion Celular+ Micro Electrónica,Centro Carga Zte Blade A52 Lite,,,6309,80
9131648844066,FixOEM:Refaccion Celular+ Micro Electrónica,Centro Carga Xiaomi Redmi 10C / Poco C40,,,6308,60
9131648614690,FixOEM:Refaccion Celular+ Micro Electrónica,Centro Carga Xiaomi Redmi 10 21061119ag,,,6307,60
9131648352546,FixOEM:Refaccion Celular+ Micro Electrónica,Centro Carga Xiaomi Poco X5 Pro 5G / Redmi Note 12 Pro 5G,,,6306,140
9131647861026,FixOEM:Refaccion Celular+ Micro Electrónica,Centro Carga Xiaomi Mi 11T / Mi 11t pro,,,6304,120
9131647664418,FixOEM:Refaccion Celular+ Micro Electrónica,Centro Carga Xiaomi Mi 11 Pro / Mi 11 Ultra,,,6303,130
9131647435042,FixOEM:Refaccion Celular+ Micro Electrónica,Centro Carga Xiaomi Mi 10 Lite 5G M2101k9g,,,6302,110
9131647205666,FixOEM:Refaccion Celular+ Micro Electrónica,Centro Carga Vivo V21 5G / 4G v2050,,,6301,240
9131646976290,FixOEM:Refaccion Celular+ Micro Electrónica,Flex Sensor proximidad Iphone Face ID 13 Pro,,,6300,160
9131601723682,FixOEM:Refaccion Celular+ Micro Electrónica,Bateria Samsung S21 Plus Eb-Bg996Aby,,,6265,160
9131158667554,FixOEM:Refaccion Celular+ Micro Electrónica,Bateria Samsung S21 4G / S21 5G Eb-Bg991Aby,,,6264,140
9131139137826,FixOEM:Refaccion Celular+ Micro Electrónica,Bateria Samsung A01 Core Eb-Ba013Aby,,,6263,130
9131130978594,FixOEM:Refaccion Celular+ Micro Electrónica,Bateria Iphone SE 2022 A2819,,,6261,175
9131127931170,Huawei Compatible,Bateria Huawei Original Y9A Hb486686Ecw,,,6260,160
9131116658978,FixOEM:Refaccion Celular+ Micro Electrónica,Bateria Huawei Original P Smart 2021 / Huawei Y7A / Honor 10X Lite HB526488EEW,,,6259,160
9131108925730,FixOEM:Refaccion Celular+ Micro Electrónica,Bateria Huawei Nova Y70 Hb536896Efw,,,6258,180
9131106337058,Huawei Compatible,Bateria Huawei Honor 50 Se Hb426493Efw,,,6257,400
9131102961954,FixOEM:Refaccion Celular+ Micro Electrónica,Bateria Huawei Honor 50 / Honor 60 SE / Huawei Nova 9 Hb476489Efw,,,6256,340
9131086905634,FixOEM:Refaccion Celular+ Micro Electrónica,Bateria Honor X7A Hb5066A1Egw,,,6255,230
9131084185890,FixOEM:Refaccion Celular+ Micro Electrónica,Bateria Hisense H50 Lite / Hisense E50 / Hisense V50 Lpn385500,,,6254,170
9131016814882,FixOEM:Refaccion Celular+ Micro Electrónica,Bisel Oppo Reno 7 4G Negro Cph2363,,,6253,70
9131013210402,FixOEM:Refaccion Celular+ Micro Electrónica,Bisel Moto G9 Plus Negro xt2087,,,6252,70
9130766532898,FixOEM:Refaccion Celular+ Micro Electrónica,Display Vivo Y36 / Y36 5G V2247 IPS,,,6247,205
9130706895138,FixOEM:Refaccion Celular+ Micro Electrónica,Display Samsung A15 5G / A15 4G / M15 5G A156 IPS,,,6245,195
9130677862690,FixOEM:Refaccion Celular+ Micro Electrónica,Display Xiaomi Poco C65 /  Redmi 13c 2310fpca4g Ips,,,6243,165
9130536567074,FixOEM:Refaccion Celular+ Micro Electrónica,Display Moto G20 XT2128-1 Ips,,,6240,160
9130531946786,FixOEM:Refaccion Celular+ Micro Electrónica,Bateria Vivo Y20S V2029 / Vivo Y12S V2042 / Vivo Y20 V2027 / Vivo Y11s V2028 / Vivo Y20i V2026 B-O5,,,6239,160
9130526998818,FixOEM:Refaccion Celular+ Micro Electrónica,Bateria Honor 9A / Honor Play 9a / Huawei Enjoy 10e / Nova Y60 / Huawei Y6P HB526489EEW,,,6238,160
9113520472354,FixOEM:Refaccion Celular+ Micro Electrónica,Display iPhone 15 (todos modelos),,,6174,2570
9113508544802,FixOEM:Refaccion Celular+ Micro Electrónica,Bateria Samsung Z Fold 3 SM-F926B EB-BF926ABY/EB-BF927ABY,,,6231,180
9113318457634,FixOEM:Refaccion Celular+ Micro Electrónica,Bateria Samsung Z Flip 3,,,6226,160
9100510527778,FixOEM:Refaccion Celular+ Micro Electrónica,Tapa Trasera Xiaomi Mi 10T / 10T Pro Negro M2007J3SY,,,6237,90
9052505243938,FixOEM:Refaccion Celular+ Micro Electrónica,Cinchos Velcro 3/4X8 10pz,,,103,20
9052429484322,FixOEM:Refaccion Celular+ Micro Electrónica,Display Samsung A05 Sm-A055 IPS,,,6115,160
9046827958562,FixOEM:Refaccion Celular+ Micro Electrónica,Bateria Ipad Air 1 / Ipad 5 2017 / Ipad 6 2018 / Ipad 7 2019 / Ipad 8 2020 / Ipad 9 2021 A1484 / A1474 / A1475 IP-5,,* AIR 1 - A1474-A1475 * IPAD 6 - A1484 | Consejos para optimizar la duración de la batería:,6127,225
8977368547618,AMAOE,Stencil Iphone 13 / 13 Pro Max,,,6131,210
8977306616098,FixOEM:Refaccion Celular+ Micro Electrónica,Display Zte Nubia Red Magic 6r Nx666j / Zte V40 Pro IPS,,,6113,410
8955235696930,FixOEM Herramientas,Soldadora Puntos Qianli Flex bateria Macaron 2S,,,6128,1650
8954409976098,QIANLI,Soporte Bateria Qianli Macaron Gen 2 Iphone 13 - 14 Pro Max,,,6129,330
8943672000802,FixOEM:Refaccion Celular+ Micro Electrónica,Display Zte V50 Smart / A73 4G IPS 7060,,,6215,170
8943670886690,FixOEM:Refaccion Celular+ Micro Electrónica,Display Zte Axon 30 Ultra 5g A2022pg AMOLED,,,6210,765
8943669903650,FixOEM:Refaccion Celular+ Micro Electrónica,Display Xiaomi Redmi Pad Se 11´ 23073rpbfg,,,6208,480
8943669477666,FixOEM:Refaccion Celular+ Micro Electrónica,Display Samsung Tab S7 Sm-T870,,,6207,715
8943669281058,FixOEM:Refaccion Celular+ Micro Electrónica,Display Samsung Tab S6 Lite P610 / P615 / P613,,,6206,730
8943668789538,FixOEM:Refaccion Celular+ Micro Electrónica,Display Samsung Tab A8 2022 Sm-X200 10.5,,,6204,440
8943668560162,FixOEM:Refaccion Celular+ Micro Electrónica,Display Samsung Tab A7 Lite Sm-T220 t225,,,6205,300
8943667609890,FixOEM:Refaccion Celular+ Micro Electrónica,Display Samsung Tab A7 2020 / A7 LTE 10.4 Sm-T500 / Sm-T505 Negro,,,6201,410
8943666954530,FixOEM:Refaccion Celular+ Micro Electrónica,Display Samsung Tab A 8 Pulgadas Sm-T290,,,6202,260
8943665479970,FixOEM:Refaccion Celular+ Micro Electrónica,Display Realme C55 / Narzo N55 / C67 5G / One Plus Nord Ce3 Lite 5G / Realme 11 5G / Realme 11X 5G / Realme V50 / V50S / Oppo A58 4G / Oppo A79 / Oppo A98 Ips,,,6199,190
8943665316130,FixOEM:Refaccion Celular+ Micro Electrónica,Display Realme C53 Rmx3760 / Narzo N53 Rmx3761 / C51  / C60 / Note 50 Rmx3834 IPS,,,6198,160
8943664824610,FixOEM:Refaccion Celular+ Micro Electrónica,Display Xiaomi Poco F2 / Redmi K30 Ips M2004j11g IPS,,,6196,300
8943664070946,FixOEM:Refaccion Celular+ Micro Electrónica,Display Nokia G50 Ta-1367 IPS,,,6192,250
8943663808802,FixOEM:Refaccion Celular+ Micro Electrónica,Display Nokia G300 Ta-1374 N1374dl IPS,,,6191,360
8943663218978,FixOEM:Refaccion Celular+ Micro Electrónica,Display Lenovo Tab M8 TB-8505 Version Wifi Za5G / Za6F 4a Gen,,,6189,295
8943662760226,FixOEM:Refaccion Celular+ Micro Electrónica,"Display Lenovo Tab M10 Plus 10.3"" 3a Gen Tb-X606F / Tb-X606X Camara Superior",,,6188,475
8943662432546,FixOEM:Refaccion Celular+ Micro Electrónica,"Display Lenovo Tab M10 10.1"" 3a Gen Tb328Fu / Tb328Xu Camara lateral",,,6177,580
8943662039330,FixOEM:Refaccion Celular+ Micro Electrónica,Display Iphone 14 Pro Max OLED,,,6181,1180
8943661547810,FixOEM:Refaccion Celular+ Micro Electrónica,Display Huawei Nova 11 Pro Goa-lx9 Renovado Oled,,,6187,3220
8943659614498,FixOEM:Refaccion Celular+ Micro Electrónica,"Display Huawei Mediapad T3 7"" Version Wifi Bg2-W09 / Bg2-W19 / Bg2-L09",,,6186,260
8943659319586,FixOEM:Refaccion Celular+ Micro Electrónica,Display Huawei Mediapad T3 7' Version 3G Ags2-W09 / Ags2-W19 / Ags2-L09,,,6185,340
8943658729762,FixOEM:Refaccion Celular+ Micro Electrónica,Display Huawei Mediapad T3 10 Ags-109 / Ags-W09,,,6184,480
8943656927522,FixOEM:Refaccion Celular+ Micro Electrónica,Display Huawei Matepad T10S Ags3-W09 / Ags3-AL00,,,6183,505
8943654338850,FixOEM:Refaccion Celular+ Micro Electrónica,Display Huawei Matepad T10 9.7' Agr-W09 / Agr-L09 / Agr-Al09 / Agrk-W09,,,6182,455
8943653617954,FixOEM:Refaccion Celular+ Micro Electrónica,Display Huawei Matepad 10.4 2021 Bah3-W59,,,6179,530
8943653454114,FixOEM:Refaccion Celular+ Micro Electrónica,Display Honor X9 Lite Jsn-l21 L22 L23 IPS,,,6178,200
8943653257506,FixOEM:Refaccion Celular+ Micro Electrónica,Display Honor Pad 8 Negro Hey-w09 Hey-al09 IPS,,,6227,775
8943652307234,FixOEM:Refaccion Celular+ Micro Electrónica,Bateria Xiaomi Redmi Note 10 5G / Poco M3 Pro 5g BN5A,,,6235,155
8943652012322,Samsung Compatible,Bateria Samsung Tab S6 Lite P610 / P615 Eb-Bt725Abu,,,6225,220
8943650341154,Samsung Compatible,Bateria Samsung Tab A7 Lite Sm-T220 / Tab A 8.0 T290 / T295 Swd-Wt-N8,,,6224,170
8943649292578,Samsung Compatible,"Bateria Samsung Tab A 8"" Sm-T290 / Sm-T295 Swd-Wt-N8",,,6229,170
8943647228194,FixOEM:Refaccion Celular+ Micro Electrónica,Bateria Xiaomi Redmi 9S Bn55,,,6222,160
8943646998818,Moto Compatible,Bateria Moto G41 Xt2167-2 / Moto G32 XT2235 NC50,,,6228,155
8943646703906,FixOEM:Refaccion Celular+ Micro Electrónica,Bateria Moto G Stylus 5G 2021 / G Stylus 5G 2022 Md50,,,6221,180
8943646310690,Moto Compatible,Bateria Moto E22 / E22i / Moto E22S Xt2239-3 Xt2239-9 Nh40,,,6223,160
8943645688098,Huawei Compatible,"Bateria Huawei Original Mediapad T3 10"" Ags-109 / Ags-W09 Hb3080G1Ebw",,,6220,180
8943643689250,FixOEM:Refaccion Celular+ Micro Electrónica,Bateria Honor X8A / Honor 90 Lite 5G / Honor X50I HB416594EGW,,,6219,170
8943642771746,FixOEM:Refaccion Celular+ Micro Electrónica,Bateria Ipad Mini 4 A1546 A1550 A1538,,,6218,0
8939070128418,FixOEM:Refaccion Celular+ Micro Electrónica,Tapa Trasera Moto G22 Xt2231,,,11363,70
8927411110178,FixOEM:Refaccion Celular+ Micro Electrónica,Display Moto G84 Oled Xt2347,,,6100,665
8920805802274,FixOEM:Refaccion Celular+ Micro Electrónica,Tapa Trasera Xiaomi Poco X4 Pro,,,6170,120
8920804852002,FixOEM:Refaccion Celular+ Micro Electrónica,Tapa Trasera Xiaomi 13 Pro,,,6169,100
8920804131106,FixOEM:Refaccion Celular+ Micro Electrónica,Tapa Trasera Vivo Y22S 4G,,,6166,70
8920803410210,FixOEM:Refaccion Celular+ Micro Electrónica,Tapa Trasera Samsung S21 5G G991b,,,6164,80
8920802885922,FixOEM:Refaccion Celular+ Micro Electrónica,Tapa Trasera Samsung A54 Sm-a546,,,6162,80
8920800526626,FixOEM:Refaccion Celular+ Micro Electrónica,Tapa Trasera Samsung A14 5G A146,,,6158,70
8920799740194,FixOEM:Refaccion Celular+ Micro Electrónica,Tapa Trasera Realme 9 Pro Plus,,,6157,130
8920780669218,FixOEM:Refaccion Celular+ Micro Electrónica,Tapa Trasera Realme 10 RMX3630,,,6156,80
8920779784482,FixOEM:Refaccion Celular+ Micro Electrónica,Tapa Trasera Poco X5 Pro,,,6155,100
8920777818402,FixOEM:Refaccion Celular+ Micro Electrónica,Tapa Trasera Oneplus 11 5G,,,6153,400
8920777064738,FixOEM:Refaccion Celular+ Micro Electrónica,Tapa Trasera Moto G62 Xt2223,,,6151,100
8920776474914,FixOEM:Refaccion Celular+ Micro Electrónica,Tapa Trasera Moto G53 5G,,,6150,60
8920775885090,FixOEM:Refaccion Celular+ Micro Electrónica,Tapa Trasera Moto G23 / G13 Xt2333 Xt2335,,,6149,60
8920775065890,FixOEM:Refaccion Celular+ Micro Electrónica,Tapa Trasera Moto Edge 40 Pro,,,6148,100
8920774508834,FixOEM:Refaccion Celular+ Micro Electrónica,Tapa Trasera Xiaomi 11t / 11t Pro 21081111rg 2107113sg,,,6147,130
8920773493026,FixOEM:Refaccion Celular+ Micro Electrónica,Tapa Trasera Xiaomi Redmi 12,,,6144,90
8920772903202,FixOEM:Refaccion Celular+ Micro Electrónica,Tapa Trasera Huawei Nova 11i,,,6142,80
8920770216226,FixOEM:Refaccion Celular+ Micro Electrónica,Tapa Trasera Honor Magic 5 Pro Pgt-n19,,,6140,170
8920769593634,FixOEM:Refaccion Celular+ Micro Electrónica,Tapa Trasera Honor Magic 5 Lite / Honor X9A,,,6137,130
8920764383522,FixOEM:Refaccion Celular+ Micro Electrónica,Marco Bisagra Samsung Z Flip 4 Sm-F721B,,,6136,1110
8920670830882,FixOEM:Refaccion Celular+ Micro Electrónica,Lente Camara Xiaomi Poco X4 Pro,,,6134,60
8920669651234,FixOEM:Refaccion Celular+ Micro Electrónica,Lente Camara Xiaomi 13 Pro,,,6132,60
8920668930338,FixOEM:Refaccion Celular+ Micro Electrónica,Lente Camara Vivo Y22S,,,6130,50
8920665653538,FixOEM:Refaccion Celular+ Micro Electrónica,Lente Camara Samsung A54 A546,,,6126,50
8920662442274,FixOEM:Refaccion Celular+ Micro Electrónica,Lente Camara Samsung A34 5G,,,6125,50
8920661360930,FixOEM:Refaccion Celular+ Micro Electrónica,Lente Camara Samsung A14 5G,,,6124,50
8920660050210,FixOEM:Refaccion Celular+ Micro Electrónica,Lente Camara Realme 9 Pro Plus,,,6123,60
8920658379042,FixOEM:Refaccion Celular+ Micro Electrónica,Lente Camara Realme 10 / C55,,,6122,30
8920655429922,FixOEM:Refaccion Celular+ Micro Electrónica,Lente Camara Moto G62 Xt2223,,,6119,50
8920653955362,FixOEM:Refaccion Celular+ Micro Electrónica,Lente Camara Moto G53 5G Xt2335 / G13,,,6118,50
8920651989282,FixOEM:Refaccion Celular+ Micro Electrónica,Lente Camara Moto G23,,,6117,50
8920650907938,FixOEM:Refaccion Celular+ Micro Electrónica,Lente Camara Lg Stylo 6,,,6116,50
8920648057122,FixOEM:Refaccion Celular+ Micro Electrónica,Lente Camara Xiaomi 11T Pro / Mi 11t,,,6114,50
8920647565602,FixOEM:Refaccion Celular+ Micro Electrónica,Lente Camara Xiaomi Redmi 12,,,6111,50
8920646844706,FixOEM:Refaccion Celular+ Micro Electrónica,Lente Camara Huawei Nova 11i,,,6109,40
8920643567906,FixOEM:Refaccion Celular+ Micro Electrónica,Lente Camara Honor Magic 5 Pro,,,6107,60
8920642355490,FixOEM:Refaccion Celular+ Micro Electrónica,Lente Camara Honor Magic 5 Lite / Honor X9A,,,6103,50
8920592711970,FixOEM:Refaccion Celular+ Micro Electrónica,Charola Sim Xiaomi Redmi Note 12S,,,6102,30
8920590647586,FixOEM:Refaccion Celular+ Micro Electrónica,Charola Sim Xiaomi Poco X4 Pro / Redmi Note 13 4G,,,6173,50
8920589926690,FixOEM:Refaccion Celular+ Micro Electrónica,Charola Sim Xiaomi 13 Pro Negra,,,6172,50
8920579080482,FixOEM:Refaccion Celular+ Micro Electrónica,Charola Sim Vivo Y22S,,,6099,50
8920578162978,FixOEM:Refaccion Celular+ Micro Electrónica,Charola Sim Samsung S21 5G / S21 Plus 5G / S21 Ultra 5G,,,6098,50
8920577605922,FixOEM:Refaccion Celular+ Micro Electrónica,Charola Sim Samsung A54 5G Sm-a546,,,6097,50
8920577278242,FixOEM:Refaccion Celular+ Micro Electrónica,Charola Sim Samsung A34 5G A346,,,6096,50
8920576917794,FixOEM:Refaccion Celular+ Micro Electrónica,Charola Sim Samsung A14 4G / A14 5G / A24 4G (Version Larga),,,6095,50
8920576393506,FixOEM:Refaccion Celular+ Micro Electrónica,Charola Sim Samsung A11 Negro,,,6094,50
8920575705378,FixOEM:Refaccion Celular+ Micro Electrónica,Charola Sim Realme 9 Pro / Realme 7 5G Azul,,,6093,50
8920575344930,FixOEM:Refaccion Celular+ Micro Electrónica,Charola Sim Realme 10,,,6092,50
8920573935906,FixOEM:Refaccion Celular+ Micro Electrónica,Charola Sim Oppo X5 Pro,,,6091,50
8920573444386,FixOEM:Refaccion Celular+ Micro Electrónica,Charola Sim Oppo A77,,,6090,50
8920572920098,FixOEM:Refaccion Celular+ Micro Electrónica,Charola Sim Oneplus 11 5G,,,6089,50
8920572231970,FixOEM:Refaccion Celular+ Micro Electrónica,Charola Sim Moto G9 Play Xt2083,,,6088,50
8920571281698,FixOEM:Refaccion Celular+ Micro Electrónica,Charola Sim Moto G62 Xt2223,,,6087,50
8920570724642,FixOEM:Refaccion Celular+ Micro Electrónica,Charola Sim Moto G53 5G Xt2335,,,6086,50
8920568693026,FixOEM:Refaccion Celular+ Micro Electrónica,Charola Sim Moto Edge 40 Pro,,,6084,50
8920567742754,FixOEM:Refaccion Celular+ Micro Electrónica,Charola Sim Xiaomi 11t  / 11t Pro / 11 Pro,,,6083,50
8920558731554,FixOEM:Refaccion Celular+ Micro Electrónica,Charola Sim Xiaomi Redmi 12,,,6082,50
8920556601634,FixOEM:Refaccion Celular+ Micro Electrónica,Charola Sim Huawei Nova 11i,,,6081,50
8920553193762,FixOEM:Refaccion Celular+ Micro Electrónica,Charola Sim Honor Magic 5 Pro,,,6079,50
8920551358754,FixOEM:Refaccion Celular+ Micro Electrónica,Charola Sim Honor Magic 5 Lite / X9A,,,6078,30
8920550441250,FixOEM:Refaccion Celular+ Micro Electrónica,Altavoz Buzzer Honor X9 / Honor X30,,,6077,60
8920527208738,FixOEM:Refaccion Celular+ Micro Electrónica,Centro Carga Samsung Tab S6 Lite P610 / P615,,,6076,150
8920526618914,FixOEM:Refaccion Celular+ Micro Electrónica,Centro Carga Samsung Tab A7 Lite Sm-T220,,,6075,90
8920525766946,FixOEM:Refaccion Celular+ Micro Electrónica,"Centro Carga Samsung Tab A7 2020 10.4"" Sm-T500",,,6074,60
8920524947746,FixOEM:Refaccion Celular+ Micro Electrónica,"Centro Carga Samsung Tab A 8"" Sm-T290 / Sm-T295",,,6073,70
8920523440418,FixOEM:Refaccion Celular+ Micro Electrónica,Centro Carga Samsung S23 S911,,,6071,460
8920522883362,FixOEM:Refaccion Celular+ Micro Electrónica,Centro Carga Samsung S21 5G Sm-g991,,,6070,280
8920520491298,FixOEM:Refaccion Celular+ Micro Electrónica,Centro Carga Samsung A54 5G Sm-a546,,,6069,70
8920519803170,FixOEM:Refaccion Celular+ Micro Electrónica,Centro Carga Samsung A24 5G,,,6068,360
8920518459682,FixOEM:Refaccion Celular+ Micro Electrónica,Centro Carga Samsung A23 5G Sm-a236,,,6067,170
8920518132002,FixOEM:Refaccion Celular+ Micro Electrónica,Centro Carga Samsung A22 5G Sm-a226,,,6066,50
8920514986274,FixOEM:Refaccion Celular+ Micro Electrónica,Centro Carga Samsung A14 5G,,,6065,50
8920500699426,FixOEM:Refaccion Celular+ Micro Electrónica,Centro Carga Iphone 15,,,6062,800
8920479170850,FixOEM:Refaccion Celular+ Micro Electrónica,Centro Carga Huawei Matepad T8,,,6059,110
8920475402530,FixOEM:Refaccion Celular+ Micro Electrónica,Centro Carga Honor Pad 8 HEY-W09,,,6058,200
8914617336098,FixOEM:Refaccion Celular+ Micro Electrónica,Bisel Moto E7 Plus XT2081 / Moto G9 Play XT-2083,,,11341,70
8914615959842,FixOEM:Refaccion Celular+ Micro Electrónica,Centro Carga Huawei Y6 2018/ Y6 Prime 2018 / Honor 7A,,,927,60
8908762972450,FixOEM :Repuestos Celular+ Micro Electrónica,Display Samsung Tab A SM-T510 / SM-T515 / SM-T517 2019,,,6057,480
8908761039138,FixOEM :Repuestos Celular+ Micro Electrónica,"Display Puro Ipad 7 / Ipad 8 0.2"" A2602 A2603 A2604 A2605",,,6056,850
8903024214306,FixOEM :Repuestos Celular+ Micro Electrónica,Lente Camara Honor X9 / Honor X30 Any Lx3 4G,,,11407,50
8901494178082,FixOEM :Repuestos Celular+ Micro Electrónica,Display Zte Axon 40 Lite / V41 Vita 5g / V40 Design,,,6052,210
8901492736290,FixOEM :Repuestos Celular+ Micro Electrónica,Display Tcl 10 Lite  / 10L T770H T770B Ips,,,6051,180
8901488312610,FixOEM :Repuestos Celular+ Micro Electrónica,Display Zte Axon 50 Lite 8050  IPS,,,6049,185
8901479334178,FixOEM :Repuestos Celular+ Micro Electrónica,Display Oppo Narzo 50 / Realme 8i / Realme 9i  IPS Rmx3151,,,6045,190
8901478416674,FixOEM :Repuestos Celular+ Micro Electrónica,Display Oppo A78 5g / Oppo A58 5g Phj110 Cph2483 cph2495 IPS,,,6044,165
8900973265186,FixOEM :Repuestos Celular+ Micro Electrónica,Marco Samsung A71 A715F,,,6053,90
8872493908258,FixOEM :Repuestos Celular+ Micro Electrónica,Tapa Trasera Xiaomi Redmi 9T Azul M2010j19sg,,,11066,100
8861562994978,Samsung Compatible,Display Samsung S23 Ultra Sm-S918 OLED,,,912,1650
8854654615842,Xiaomi Compatible,Display Xiaomi Redmi 10 / Redmi 10 Prime 21061119al  IPS,,,913,195
8850847105314,OPPO Compatible,Tapa Trasera Oppo Reno 6 5G,,,675,120
8850817483042,Xiaomi Compatible,Display Xiaomi Redmi 12C / Redmi 11a / Poco C55 22120rn86g  IPS,,,925,165
8850727993634,Samsung Compatible,Centro Carga Samsung A04E A042 / A04 Core,,,920,50
8846482669858,Samsung Compatible,Bisel Samsung A11 A115,,,923,60
8846482342178,Moto Compatible,Bisel Moto G10 / G20 / G30 xt2128,,,921,70
8842036707618,Moto Compatible,Display Moto Edge 30 Neo Xt2245 Oled,,,6004,1760
8842033660194,FixOEM :Repuestos Celular+ Micro Electrónica,Display Nokia 1.4 Ta-1322 IPS,,,6013,220
8842032906530,FixOEM :Repuestos Celular+ Micro Electrónica,Display Oneplus 6t SP5428 IPS,,,6007,200
8842030711074,Samsung Compatible,Flex Encendido Samsung S22 5G / S22 Plus 5G s906,,,816,110
8837494571298,Moto Compatible,Tapa Trasera Moto One Fusion Xt2073-2,,,919,100
8837494243618,Huawei Compatible,Flex Encendido Huawei P40 Lite JNY-LX2lex,,,918,50
8837491949858,FixOEM :Repuestos Celular+ Micro Electrónica,Tapa trasera Lg v40 Thinq V405QA7,,,908,140
8837491786018,FixOEM :Repuestos Celular+ Micro Electrónica,Tapa Trasera Honor X5 5G,,,906,90
8837490934050,ZTE Compatible,Display Zte Axon 30 Pro 5g A2022 OLED,,,904,1940
8837490508066,Xiaomi Compatible,Tapa Trasera Xiaomi,,,901,80
8837489983778,ZTE Compatible,Display ZTE A53 / A53 Plus IPS,,,6043,175
8837489557794,Xiaomi Compatible,Display Xiaomi Redmi A1 220733SI / Redmi A1 + 220733SFG 4G / Redmi A2 23026RN54G / A2 Plus 230 IPS,,,6041,160
8837489426722,Xiaomi Compatible,Display Xiaomi Redmi 10C / Poco C40 220333QAG Ips,,,6040,165
8837488345378,Moto Compatible,Display Moto G14 Xt2341 / G32 / G54 / G55 / G62 / G64 / G73 Xt2343 IPS,,,6038,180
8837488214306,Moto Compatible,Display Moto Edge 40 Neo / Edge 40 Xt2307-1 OLED,,,6037,685
8837487657250,Iphone Compatible,Display Iphone 13 Pro A2638 OLED,,,6036,2400
8837486510370,FixOEM :Repuestos Celular+ Micro Electrónica,Display Honor X5 Vna-lx2  IPS,,,6005,170
8837484839202,FixOEM :Repuestos Celular+ Micro Electrónica,Display Oneplus 5 A5000 Con Marco ips,,,11406,350
8837481562402,Xiaomi Compatible,Tapa Trasera Xiaomi Redmi Note 12 Pro 5G Negro,,,747,110
8837480972578,Xiaomi Compatible,Tapa Trasera Xiaomi Poco X5 5G Azul 22101320g,,,746,90
8837479498018,Xiaomi Compatible,Tapa Trasera Xiaomi Poco X4 Gt Negro 22041216g,,,540,110
8837479072034,Xiaomi Compatible,Tapa Trasera Xiaomi Poco F4 5G Azul 22021211rg,,,515,100
8837477466402,Xiaomi Compatible,Tapa Trasera Xiaomi 12 2201123G / 12X 2201123C / Mi 12 5G,,,489,100
8837476647202,OPPO Compatible,Centro Carga Oppo Realme 7,,,375,80
8837476024610,Moto Compatible,Tapa Trasera Moto E32 / E32S,,,11306,70
8837474058530,Samsung Compatible,Tapa Trasera Samsung S23 Ultra S918,,,5114,120
8837473403170,Moto Compatible,Tapa Trasera Moto E22S,,,10903,60
8837472616738,Moto Compatible,Tapa Trasera Moto Edge 40 Negro  Xt2303-2,,,10653,90
8837471863074,Moto Compatible,Tapa Trasera Moto E30 / E40 Negro,,,10488,90
8837471568162,Xiaomi Compatible,Tapa Trasera Xiaomi 12 Lite 2203129G Negro,,,10444,100
8837471371554,Xiaomi Compatible,Tapa Trasera Xiaomi 13 Negro,,,10352,60
8834449113378,FixOEM :Repuestos Celular+ Micro Electrónica,Display Hisense E60 Lite HLTE235E IPS,,,6034,270
8832948896034,Huawei Compatible,Tapa Trasera Huawei Honor 9x Pro,,,11388,110
8832917242146,FixOEM :Repuestos Celular+ Micro Electrónica,Tapa Trasera Honor 9x Global,,,900,100
8825808879906,ZTE Compatible,Display Zte L220 / A33s IPS,,,6048,190
8825790431522,Huawei Compatible,"Lente Camara Honor Magic 4 Lite ANY-LX1, LX2, LX3",,,11401,80
8817157996834,Xiaomi Compatible,Tapa Trasera Xiaomi Redmi 10 2022 / Redmi 10 Prime (India) / Redmi Note 11 4G (China),,,11410,90
8798015586594,Moto Compatible,Tapa Trasera Moto G72 Xt2255-1,,,410,60
8796814213410,Moto Compatible,Marco Moto E32S,,,536,100
8787317063970,Huawei Compatible,"Display Honor 8 Lite/ Huawei Nova Lite 3 / P8 Lite  2017 PRA-TL10, LX1,LA1 IPS",,PRA-TL10PRA-LX1PRA-LA1Calidad: IPS | RECOMENDACIONES,11404,140
8786197774626,Samsung Compatible,Marco Samsung A51 A515A51 A515SM-A515F,,"Samsung Galaxy A51 A515 | SM-A515F, SM-A515F/DSN, SM-A515F/DS, SM-A515F/DST, SM-A515F/DSM, SM-A515F/N, SM-A515U, SM-A515U1, SM-A515W, SM-A515X, SM-S515DLA71 A715 | SM-A715F, SM-A715F/DS, SM-A715F/DSN, SM-A715F/DSM, SM-A715W, SM-A715X | Piezas utilizadas:Marco | RECOMENDACIONES",11403,80
8786153013538,Samsung Compatible,Tapa Trasera Samsung S22 Plus 5G s906,,,396,109
8779053138210,Huawei Compatible,Tapa Trasera Huawei P40 Pro els-nx9 / els-n04,,,11400,100
8770536177954,Samsung Compatible,Display Samsung A02S A025 / A03 a035 / A03S A037F A037M IPS,,,9763,150
8770190082338,FixOEM :Repuestos Celular+ Micro Electrónica,Bateria Infinix Hot 30 / Infinix Zero 5G / Infinix Note 10 Pro / Infinix Note 11 Pro / Infinix Note 11s BL-49JX,,,716,160
8748196167970,Samsung Compatible,Tapa Trasera Samsung S23 Plus Sm-s916b,,,825,80
8748005523746,Samsung Compatible,"Tapa Trasera Samsung A73 5G Negro SM-A736B, A736B/DS",,,11238,130
8732367094050,Xiaomi Compatible,Tapa Trasera Xiaomi Redmi Note 10 / Note 10S / Poco Ms5,,,524,80
8717193773346,Xiaomi Compatible,"Lente Camara Xiaomi Poco M4 Pro 5G 21091116AG, MZB0BGVIN",,,812,60
8707666510114,Moto Compatible,Tapa Trasera Moto Edge 30 Neo XT2245-1 NEGRO,,,827,100
8700236005666,Moto Compatible,Bateria Moto G60S LK50,,,775,190
8698478100770,Moto Compatible,Flex Encendido Moto G52 /G82 5G XT2225-1/ XT2221,,,811,40
8692028768546,Xiaomi Compatible,Tapa Trasera Xiaomi 12 2201123G / 12X 2201123C / Mi 12 5G Negro,,,830,80
8692028014882,Samsung Compatible,Tapa Trasera Samsung A04E SM-A042F -DS -M,,"SM-A042F, SM-A042F/DS, SM-A042M, SM-A042M/DS | RECOMENDACIONES",824,70
8692027785506,Xiaomi Compatible,Flex Encendido Xiaomi Redmi Note 11 4G / Redmi Note 11S 4G / Poco M4 Pro 4G,,,822,50
8692027719970,Xiaomi Compatible,Flex Encendido Xiaomi Redmi Note 10 4G / Redmi Note 10S 4G M2101K7AI - M2101K7BG - M2101K7AG - M2101K7BI - M2101K7BNY - M2101K7BL,,,821,50
8692027392290,Samsung Compatible,Flex Encendido Samsung S21 5G / S21 Plus / S21 Ultra SM-G991B G996B G998B,,,818,50
8692027261218,Samsung Compatible,Flex Encendido Samsung S21 Fe 5G SM-G990B,,,817,50
8692026966306,Samsung Compatible,Flex Encendido Samsung A04 Sm-A045F,,,814,50
8692026802466,Moto Compatible,Flex Encendido Moto G62 5G XT2223-1,,,813,50
8692026376482,Moto Compatible,Flex Encendido Moto G41 XT2167-2,,,810,50
8692026147106,Moto Compatible,Flex Encendido Moto Edge 20 XT2143-1,,,809,150
8692026081570,Moto Compatible,Flex Encendido Moto E22 / Moto E22i XT2239-9 / XT2239-17,,,808,50
8692025852194,Huawei Compatible,"Flex Encendido Huawei Nova Y90 CTR-LX2, LX1.",,,807,110
8683758715170,Huawei Compatible,Display Huawei P Smart 2018 IPS fig lx3,,,5343,145
8678945358114,Xiaomi Compatible,Tapa Trasera Xiaomi Redmi 12C 22120RN86G,,,711,90
8678943883554,Samsung Compatible,Tapa Trasera Samsung A31 Sm-A315F,,,633,60
8678942179618,Samsung Compatible,Tapa Trasera Samsung A24 SM-A245,,,670,70
8678933201186,Moto Compatible,Tapa Trasera Moto X30 / Edge 30 Pro / Edge+ 2022,,,779,260
8678931956002,FixOEM :Repuestos Celular+ Micro Electrónica,"Tapa Trasera OnePlus 6 / OnePlus 6t A6000, 6003, 6010, 6013",,,780,120
8678923239714,FixOEM :Repuestos Celular+ Micro Electrónica,Display Infinix Note 30 Pro / Note 30 VIP  X678B X6710,,,5602,190
8678921306402,FixOEM :Repuestos Celular+ Micro Electrónica,Display Infinix Hot 30 X6831 / Note 30 Ips,,,621,185
8678919897378,Xiaomi Compatible,Centro Carga Xiaomi Redmi 12c 22120RN86G,,,788,50
8678910099746,FixOEM :Repuestos Celular+ Micro Electrónica,"Centro Carga Oneplus 6t A601, A6013",,,8066,130
8678885032226,Moto Compatible,Centro Carga Moto Edge 30 Neo 5G XT2245,,,9300,110
8678873694498,FixOEM :Repuestos Celular+ Micro Electrónica,Centro Carga Lg V40 V400N V405UA,,,9856,110
8678866682146,Xiaomi Compatible,Bateria Xiaomi Redmi 10A / Redmi 10C BN5G,,,803,160
8678845514018,Moto Compatible,Bateria Moto Edge 20 Lite / Edge 20 Fusion Nt50,,,754,170
8676086087970,Xiaomi Compatible,Centro Carga Xiaomi Redmi Note 11S 5G / Poco M4 Pro 5G,,,11307,80
8660820885794,OPPO Compatible,Tapa Trasera Oppo Reno 7 4G,,,516,140
8660818264354,Moto Compatible,Tapa Trasera Moto G60s XT2133/ 2133-2,,XT2133 XT2133-2Material: Plásticos de poliéster | RECOMENDACIONES,340,100
8660631191842,Moto Compatible,"Lente Camara Moto G10/ G10 Power / G30 XT-2127-1, 2127-2/ 2129-1, 2129-2",,,11026,60
8660276773154,Xiaomi Compatible,Tapa Trasera Poco F3 Negro M2012K11AG,,,782,100
8659410977058,Iphone Compatible,"Bateria Iphone 12 Mini A2176, A2398, A2399",,,504,160
8643632005410,Xiaomi Compatible,Bateria Xiaomi Poco X4 Pro 5G / Note 11 Pro BN5E,,,806,235
8643610902818,Xiaomi Compatible,Bateria Xiaomi Redmi Note 9/ Redmi 9 / Redmi 10 X-4G edition/ POCO M2 /Redmi 9 Prime Bn54,,,805,160
8643584622882,Xiaomi Compatible,Bateria Xiaomi Poco M4 / Poco M5 / Redmi Note 11 BN5H,,,802,160
8643566240034,Samsung Compatible,Bateria Samsung S22 Ultra SM-S908B EB-BS908ABY,,,801,170
8643551461666,Samsung Compatible,Bateria Samsung Note 20 Eb-bn980aby,,,800,145
8643541958946,OPPO Compatible,Bateria Oppo A57 4G / A78 5G / C51 / A77 5G / A97 5G BLP923,,,799,160
8643531440418,Moto Compatible,Bateria Moto G42 / Moto G62 5G Nd50,,,781,180
8595173835042,ZTE Compatible,Display Zte A52 Lite 5G / Nokia C21 Plus,,,789,165
8595158434082,Samsung Compatible,Touch Samsung Galaxy Tab A 7.0 T280,,,791,120
8595076972834,ZTE Compatible,Display Oneplus Nord N200 5g De2118 De2117,,,790,190
8577139081506,FixOEM :Repuestos Celular+ Micro Electrónica,Tapa Trasera Samsung A8 Plus SM-A730F,,,776,80
8577138786594,Samsung Compatible,"Flex Interconexion Samsung A33 5G SM-A336E, SM-A336B, SM-A336B/DS, SM-A336B/DSN, SM-A336E/DS, SM-A336M, SM-A3360",,,767,50
8577138524450,Moto Compatible,Flex Encendido Moto G60 / G60S/ G40 Fusion,,,773,50
8577138360610,Moto Compatible,Bisel Moto G60 / G40 Fusion,,,774,70
8567897096482,Xiaomi Compatible,Flex Encendido y volumen Xiaomi Redmi 9A / 9C / 10A / 10C M2006c3LG,,,768,50
8567894540578,Moto Compatible,Flex Huella Moto E22i / E22/ E32 / G32 / G41 / G22 / G42 / G52 XT2167 XT2231 XT2239 XT2221,,,766,150
8567893000482,Moto Compatible,Charola Sim Moto G22/ E32/ E32S Xt2231-5 Negro,,,764,50
8567891788066,Samsung Compatible,Altavoz Samsung A10S SM-A107,,,763,50
8567887069474,Moto Compatible,Altavoz Moto G9 Plus XT2087,,,762,60
8567879794978,FixOEM :Repuestos Celular+ Micro Electrónica,"Tapa Trasera Infinix Hot 30 X6833B, X6716B",,,760,70
8567355703586,ZTE Compatible,Lente Camara Zte A71 A7030,,,751,50
8567354523938,FixOEM :Repuestos Celular+ Micro Electrónica,"Lente Camara Honor X8 Tfy-LX1, Tfy-LX2, Tfy-LX3",,,748,50
8567353934114,FixOEM :Repuestos Celular+ Micro Electrónica,"Lente Camara Honor 50 Nth-AN00, Nth-NX9",,,745,60
8567352951074,Iphone Compatible,Flex Encendido Iphone Xs Max A1921 - A2101 - A2102 - A2104,,,742,100
8567351836962,Iphone Compatible,Flex Encendido Iphone Xr A2105 - A1984 - A2107 - A2108 - A2106,,,740,110
8567351017762,Iphone Compatible,Flex Encendido Iphone 12 A2403 - A2172 - A2402 - A2404,,,737,90
8567350919458,Iphone Compatible,Flex Encendido Iphone 11 Pro Max A2218 A2161 A2220,,,736,100
8567350755618,Iphone Compatible,Flex Encendido Iphone 11 Pro A2215 - A2160 - A2217,,,735,100
8567350624546,Xiaomi Compatible,Display Xiaomi 12T / 12T Pro / Redmi K50 Ultra 22081212C 22071212AG 22081212UG IPS,,,758,220
8567350362402,FixOEM :Repuestos Celular+ Micro Electrónica,Display Lenovo Tab 4 10 TB-X304F -L -X,,,677,640
8567349772578,Xiaomi Compatible,Centro Carga Xiaomi Redmi Note 11 Pro / Note 11 Pro 5G / Poco X4 Pro 5G,,,634,100
8567349444898,Samsung Compatible,"Centro Carga Samsung Tab A7 SM-T280, SM-T285",,,718,60
8567349182754,Samsung Compatible,Centro Carga Samsung S22 Ultra (US VERSION) SM-S908U/W,,,717,290
8567348822306,Moto Compatible,Centro Carga Moto One Fusion Xt2073,,,715,60
8567348527394,Moto Compatible,Centro Carga Samsung M23 / M33 Sm-m236b Sm-m336b,,,714,220
8567347970338,Moto Compatible,Centro Carga Moto E 2020 Xt2052,,,713,100
8567347708194,FixOEM :Repuestos Celular+ Micro Electrónica,Centro Carga Lg K22 / K22 Plus Lmk200,,,712,110
8567347413282,Samsung Compatible,Boton Fisico Samsung A30S A307 / A20 / A30 / A50 / A70,,,709,50
8567347249442,FixOEM :Repuestos Celular+ Micro Electrónica,Boton Fisico Oppo Oppo Reno 5 Lite,,,708,50
8567347151138,Moto Compatible,Bocina Altavoz Moto G60 Xt2135,,,707,50
8567347020066,Iphone Compatible,Bateria Iphone Se 2020 A2312,,,720,120
8567346757922,Iphone Compatible,"Auricular Iphone 12 + Face ID, A2403, 2172, 2402, 2404/ 12 Pro A2407, 2341, 2406, 2408",,A2341A2406A2408A2407 | RECOMENDACIONES,686,170
8567346528546,Iphone Compatible,"Auricular Iphone 11 + Face ID A2221, 2111, 2223",,,683,190
8567346331938,Moto Compatible,Bocina Altavoz Moto G10 XT2127 / G20 XT2128,,,682,50
8553336668450,Moto Compatible,Bisel Moto E7 XT2095,,,381,80
8553331032354,Iphone Compatible,Glass Iphone Xs Max A1921 A2101 A2102 A2104,,,744,60
8552584610082,FixOEM :Repuestos Celular+ Micro Electrónica,Display Realme C35 2022 Rmx3511 / Narzo 50A Prime RMX3516,,,728,155
8552583168290,FixOEM :Repuestos Celular+ Micro Electrónica,Display Nokia X100 2021 5G / 4G Sa/NSa B25 / B41 / B66 / B71 TA-1399,,,726,210
8552581726498,FixOEM :Repuestos Celular+ Micro Electrónica,Display Hisense V40S HLTE229E,,,725,170
8552571601186,ZTE Compatible,Tapa Trasera Zte A71 Verde A7030,,,757,130
8544317964578,Samsung Compatible,Display Samsung A42 5G Sm-A426 IPS,,,681,1210
8518385500450,Samsung Compatible,Display Samsung A34 5G 2023 Sm-A346 C/Marco Oled,,,679,680
8495563571490,Huawei Compatible,"Sensor Luz Huawei Y9 2019 Jkm-Lx1, Jkm-Lx2, Jkm-Lx3,",,,678,30
8491838112034,Xiaomi Compatible,Display Xiaomi Redmi Note 13 5G / Poco F5 2023 23049Pcd8g -Pcd8i,,,235,635
8483135750434,Xiaomi Compatible,"Centro Carga Xiaomi Redmi Note 12 Pro 4G ‎2209116Ag, 2209116Ag",,,676,110
8483100328226,FixOEM :Repuestos Celular+ Micro Electrónica,"Lente Camara Vivo V21/ v21S/ V21 5G/ V2050,2066,2108",,"V2050,2066,2108 | RECOMENDACIONES",674,100
8483094069538,FixOEM :Repuestos Celular+ Micro Electrónica,Lente Camara Vivo V25 2022 V2202,,,673,60
8483089187106,Samsung Compatible,"Lente Camara Samsung S23 Ultra 2023 Sm-s918b, Sm-s918b",,,672,50
8483083845922,Samsung Compatible,Lente Camara Samsung S22 / S22 Plus s906,,,664,100
8483078340898,Samsung Compatible,Lente Camara Samsung S21 / S21 Plus g996,,,663,100
8483073753378,Samsung Compatible,"Lente Camara Samsung S22 Ultra 5g 2022  Sm-s908u, Sm-s908u1, Sm-s908w,",,,669,30
8483057991970,Samsung Compatible,"Lente Camara Samsung S21 Fe 5G 2022 Sm-g990u, Sm-g990u1, Sm-g990w, Sm-g990e",,,665,100
8483044163874,Samsung Compatible,"Lente Camara Samsung A04S 2022 Sm-a047f, Sm-a047f/ds, Sm-a047f/dSn",,,662,60
8483040166178,Samsung Compatible,"Lente Camara Samsung M53 2022. Sm-m536b, Sm-m536b/ds, Sm-m536b/dsn",,,661,100
8483037544738,FixOEM :Repuestos Celular+ Micro Electrónica,Lente Camara Realme 7 4G 2020 Rmx2155,,,660,60
8483034399010,FixOEM :Repuestos Celular+ Micro Electrónica,Lente Camara Realme Xt 2019 Rmx1921,,,659,100
8483031089442,OPPO Compatible,Lente Camara Oppo A76 2022 Cph2375,,,658,100
8483029188898,Moto Compatible,Lente Camara Moto E13 2023 Xt2345-2,,,657,50
8483026764066,Moto Compatible,Lente Camara Moto E22 / E22I XT2239 Xt2239-18,,,656,50
8483023782178,Moto Compatible,"Lente Camara Moto G50 2021 Xt2137-1, Xt2137-2",,,655,30
8483021357346,Moto Compatible,Lente Camara Moto G32 2022  Xt2235-1,,,654,30
8483018473762,Moto Compatible,Lente Camara Moto G42 2022 Xt2233-2,,,652,50
8483014803746,Huawei Compatible,"Lente Camara Huawei Nova Y90 2022 Ctr-Lx2, Ctr-Lx1",,,651,50
8483012411682,Huawei Compatible,Lente Camara Huawei Nova Y70 2022 Mga-Lx3,,,650,50
8483010281762,FixOEM :Repuestos Celular+ Micro Electrónica,"Lente Camara Honor 70 2022 FNE-AN00, FNE-NX9",,,649,50
8483006578978,FixOEM :Repuestos Celular+ Micro Electrónica,"Lente Camara Honor X6 2022 / Honor X6S 2021 Vne-Lx1, Vne-Lx2, Vne-Lx3",,,648,50
8483002548514,FixOEM :Repuestos Celular+ Micro Electrónica,"Lente Camara Honor x7 2022. Cmma-Lx2, Cma-Lx1, Cma-Lx3",,,647,50
8469796356386,OPPO Compatible,Bisel Oppo a32 2020. Pdvm00,,,632,50
8468553761058,Huawei Compatible,Centro Carga Huawei Nova 10 SE 2023  BNE-LX3,,,646,110
8460798656802,Xiaomi Compatible,Display Xiaomi Mi 11 5G 2021 M2011k2g / Mi 11 Ultra 5G 2021 M2102k1c / Mi 11 Pro 2021 5G M2102k1ac Oled,,,631,3930
8460798394658,FixOEM :Repuestos Celular+ Micro Electrónica,Display Xiaomi Poco M4 5G / M5 5G / Redmi 10 5G / Redmi Note 11E IPS,,,630,175
8460798132514,FixOEM :Repuestos Celular+ Micro Electrónica,Display Xiaomi Poco F4 5G / Redmi k40s / Xiaomi Mi 11I / Mi 11x Pro 5G / Poco F3 / F3 Pro / F4 22021211RG-I Ips,,,629,640
8460797575458,Xiaomi Compatible,Display Xiaomi 12 Lite Oled,,,627,665
8460797018402,Xiaomi Compatible,Display Xiaomi Redmi Note 12 Pro 5G / Note 12 + / Poco X5 Pro 5G,,,625,640
8453710086434,Moto Compatible,Centro Carga Moto G60/ G40 Fusion,,,645,60
8453710020898,TCL Compatible,Centro Carga TCL 10 5G T790,,,644,100
8453709988130,TCL Compatible,Centro Carga TCL 30SE 6165h,,,643,110
8453709955362,TCL Compatible,Centro Carga TCL 10 PRO T799,,,642,100
8453709889826,TCL Compatible,Centro Carga TCL 10L / 10 Lite T770,,,641,100
8453709857058,FixOEM :Repuestos Celular+ Micro Electrónica,Centro Carga Vivo Y53S / Y72 5G v2119 v2058,,,640,140
8453709791522,FixOEM :Repuestos Celular+ Micro Electrónica,Centro Carga Vivo Y33s V2109,,,638,140
8453709660450,FixOEM :Repuestos Celular+ Micro Electrónica,Centro Carga Vivo Y22S V2206 / Y22 / Y35,,,637,70
8453709627682,FixOEM :Repuestos Celular+ Micro Electrónica,Centro Carga Vivo V20 V2025 V2024 V2040,,,636,50
8449542422818,Samsung Compatible,Tapa Trasera Samsung S8 Plus G955 Negro,,,523,90
8449542291746,Huawei Compatible,Tapa Trasera Huawei Mate 40 Pro Negro,,,517,110
8449542062370,Moto Compatible,Pin Carga Moto E5 / G6 Play Xt1922 Xt1944,,,9469,5
8449455784226,Samsung Compatible,Tapa Trasera Samsung A13 4g A135,,,520,70
8447353880866,Xiaomi Compatible,Centro Carga Xiaomi Redmi Note 12S / Note 12,,,624,70
8447353815330,Xiaomi Compatible,Centro Carga Xiaomi Redmi Note 12 4G,,,623,70
8447347228962,Xiaomi Compatible,Centro Carga Xiaomi Redmi Note 11 4G / Redmi Note 11S 4G / Poco M4 Pro 4G,,,620,70
8447345361186,Xiaomi Compatible,Centro Carga Xiaomi Mi 11 Lite 5G,,,618,60
8447344279842,Xiaomi Compatible,Centro Carga Xiaomi Mi 11 M2011k2c,,,617,100
8447343460642,Xiaomi Compatible,Centro Carga Xiaomi 12T / 12T Pro,,,616,330
8447341822242,Samsung Compatible,Centro Carga Samsung A34 5G A346,,,615,70
8447340937506,Samsung Compatible,Centro Carga Samsung A24 4G A245,,,614,50
8447339561250,FixOEM :Repuestos Celular+ Micro Electrónica,Centro Carga Xiaomi Redmi Note 12 5G / Poco X5,,,613,80
8447338119458,FixOEM :Repuestos Celular+ Micro Electrónica,Centro Carga Xiaomi Poco M5,,,612,80
8447336677666,FixOEM :Repuestos Celular+ Micro Electrónica,Centro Carga Xiaomi Poco F4 / K40S 22021211rg,,,610,50
8447334646050,Iphone Compatible,Centro Carga Iphone 14 (Todos Modelos),,,607,190
8447330648354,Iphone Compatible,Centro Carga Iphone 13 Pro,,,605,180
8447329599778,FixOEM :Repuestos Celular+ Micro Electrónica,Centro Carga Alcatel 3 (2019) 5053A,,,604,100
8447176016162,Samsung Compatible,Tapa Trasera Samsung S22 Ultra S908e,,,521,120
8446676762914,Samsung Compatible,Tapa Trasera Samsung A01 Core Sm-a013,,,519,60
8443051540770,Moto Compatible,Display Moto G Power 5G 2022 / 2023,,,542,180
8404082426146,FixOEM Herramientas,Desarmador  Destornillador Electrico Regulable,,,539,2090
8392972468514,Huawei Compatible,Sensor Luz Huawei P20 lite Ane-Lx3,,,409,30
8383545868578,Xiaomi Compatible,Display Xiaomi Redmi Note 12 4g 5g / Poco X5 22111317I -G,,,537,210
8366846247202,ZTE Compatible,"Tapa Trasera Zte Axon 20 2020 4G / 5G A2121, A2121E, A2121G",,,533,120
8366844182818,ZTE Compatible,Tapa Trasera Zte Blade A52 2022,,,531,120
8365532807458,ZTE Compatible,Tapa Trasera Zte A51,,,529,130
8358359761186,FixOEM :Repuestos Celular+ Micro Electrónica,"Centro Carga Honor X7A 2023 Rky - Lx1, Rky - Lx2",,,528,60
8358357664034,FixOEM :Repuestos Celular+ Micro Electrónica,Centro Carga Honor X9A 2023 Rmo - Nx1 / Magic 5 Lite Rmo Nx3,,,527,120
8358357205282,Xiaomi Compatible,Display Xiaomi Mi 12X 2201123G Oled,,,526,930
8358348390690,Samsung Compatible,"Flex Interconexion Samsung A72 2021 Sm-A725f, Sm-A725f/ds, Sm-a725m, Sm-A725m/ds",,,514,50
8358346883362,OPPO Compatible,Flex Interconexion Oppo Reno 5 Lite 2021 CPH2205,,,513,60
8358344098082,Moto Compatible,Flex Interconexion Moto Edge 20 2021. XT2143-1,,,512,70
8358340362530,Xiaomi Compatible,Centro Carga Xiaomi Redmi Note 10S / Note 10 / Poco M5s,,,509,60
8358339576098,Samsung Compatible,Centro Carga Samsung A03 Core SM-A032,,,508,50
8358338986274,Xiaomi Compatible,Bateria Xiaomi Redmi Note 10 / Redmi Note 10S / Poco M5s BN59,,,507,170
8355045638434,Samsung Compatible,Bisel Samsung A20s Sm-a207f Sm-a207m,,,506,80
8355042459938,Xiaomi Compatible,Bisel Xiaomi Redmi 9A / 9C M2006c3lg  M2006c3li  M2006c3lc,,,505,70
8355035709730,FixOEM :Repuestos Celular+ Micro Electrónica,Display Hisense E60 Hlte236e IPS,,,503,350
8355032236322,Huawei Compatible,Camara Frontal Huawei Y9 Prime 2019 Stk-l21 Stk-l22 Stk-Lx3 / Y9S 2019 Stk-l21 Stk-lx3 Stk-l22,,,502,150
8355029025058,Huawei Compatible,Camara Trasera Huawei P30 Lite Mar-lx3a,,,501,160
8355024601378,Iphone Compatible,Auricular Iphone 12/12 Pro A2403 A2172 A2402 A2404,,,500,80
8355021291810,Xiaomi Compatible,Altavoz Buzzer Xiaomi Redmi 9 M2004j19g M2004j19c,,,499,50
8351841616162,FixOEM :Repuestos Celular+ Micro Electrónica,Pistola De Calor Quick 885W Industrial Regulable,,,497,2950
8351826280738,2UUL,Soldadura 2Uul Nano Pasta Para Fpc 183°C SC99,,,496,70
8351823364386,FixOEM :Repuestos Celular+ Micro Electrónica,Pasta Termica Mtg5,,,494,250
8351822217506,FixOEM Herramientas,Maquina Cortadora De Hidrogel Tuoli Pi Codigos Ilimitados,,,492,7999
8345869517090,Moto Compatible,Bisel Moto G22 Xt2231-2,,,491,70
8345788186914,Huawei Compatible,Bisel Huawei P20 Lite Ane-lx3  Ane-lx1  Ane-lx2,,,296,200
8345787400482,Huawei Compatible,Bisel Huawei Y9A Frl-l22 Frl-l23,,,300,190
8345785794850,Moto Compatible,Display Moto G Stylus 5G 2022 Xt2215,,,486,255
8345785139490,FixOEM :Repuestos Celular+ Micro Electrónica,Display Nokia G10 / G20 TA-1334 1336 1351 1346,,TA-1334 1336 1351 1346 | Calidad: IPS | RECOMENDACIONES,482,160
8345701548322,Samsung Compatible,Display Samsung A54 5G Sm-a546,,,11160,2130
8332685967650,Samsung Compatible,Bateria Samsung A73 5G Sm-a736b Eb-bm526abs,,,475,260
8332685541666,FixOEM :Repuestos Celular+ Micro Electrónica,Bateria Nokia C30 TA-1357 TA-1377 TA-1369 TA-1360 TA-1359 Se681,,,471,170
8332685115682,Moto Compatible,Bateria Moto G62/ G71 5G NG50,,,302,170
8332592218402,Moto Compatible,Bateria Moto G 5G Xt2113-3 MK50,,,487,180
8326978896162,Samsung Compatible,Display Samsung A73 4G / 5G Sm-a736 Ips,,,485,530
8326978797858,Samsung Compatible,Display Samsung A04S / A04 Core IPS Sm-a047,,,484,165
8326978601250,FixOEM :Repuestos Celular+ Micro Electrónica,Display Nokia C30 Ips Ta-1357 Ta-1377 Ta-1369 Ta-1360 Ta-1359,,,483,250
8326978404642,Moto Compatible,Display Moto G32 / G62 5G Xt2223-1 / G73 Ips,,,481,190
8326978306338,Moto Compatible,Display Moto G13 / G23 / G34 5G / G45 / G53 5G XT2335 XT2363,,,480,175
8326978142498,Iphone Compatible,Display Iphone Se 2022 2a / 3a generacion A2595 A2782 A2783 A2784 A2785,,,477,220
8326978044194,Iphone Compatible,Display Iphone 14 Plus IPS A2632 A2885 A2886 A2887 A2896,,,476,510
8326977945890,Iphone Compatible,Display Iphone 12 Mini IPS A2176 A2398 A2399 A2400,,,474,285
8326977847586,FixOEM :Repuestos Celular+ Micro Electrónica,Display Honor Magic 5 Lite Rmo-Nx3 / X9A / X40 Oled RMO-NX1,,,473,630
8326977749282,FixOEM :Repuestos Celular+ Micro Electrónica,Display Honor X7A / Play 40 Plus IPS Rky-lx1 Rky-lx2,,,472,170
8326977552674,Samsung Compatible,Centro Carga Samsung A73 Sm-a736b,,,470,200
8326977519906,Samsung Compatible,Centro Carga Samsung A04S Sm-a047f,,,469,50
8326977454370,FixOEM :Repuestos Celular+ Micro Electrónica,Centro Carga Nokia C30 Ta-1357,,,468,90
8326977388834,Moto Compatible,Centro Carga Moto G73 Xt2237-1,,,467,130
8326977356066,Moto Compatible,Centro Carga Moto G71 Xt2169-1,,,466,80
8326968901922,Moto Compatible,Centro Carga Moto G32  Xt2235-1 Xt2235-2,,,465,70
8326967886114,Moto Compatible,Centro Carga Moto G53 Xt2335-1,,,464,80
8326967460130,Moto Compatible,Centro Carga Moto G13 Xt2331-1,,,463,80
8326966903074,Moto Compatible,Centro Carga Moto G Power,,,462,130
8326966116642,Moto Compatible,Centro Carga Moto E13 Xt2345-2,,,461,70
8320056164642,FixOEM :Repuestos Celular+ Micro Electrónica,Tapa Trasera Honor X7 Cma-lx2 Cma-lx1 Cma-lx3,,,436,90
8312504680738,FixOEM :Repuestos Celular+ Micro Electrónica,Display Vivo Y56 IPS V2225,,,459,300
8312504418594,FixOEM :Repuestos Celular+ Micro Electrónica,Display Vivo Y17s V2310 / Y22s V2206 / Y22 V2207 / Y28 5G Ips,,,458,175
8312504090914,FixOEM :Repuestos Celular+ Micro Electrónica,Display Vivo Y11 2023 IPS V2206,,,457,270
8312502452514,Samsung Compatible,Display Samsung Z Flip Original Desamblado Sm-f707b Sm-f700f,,,453,5040
8312499470626,Iphone Compatible,Display Iphone 14 / 16e IPS A2882 A2649 A2881,,,452,270
8312497930530,Huawei Compatible,Display Huawei Nova Y61 IPS Eve-lx9 Eve-lx9n Eve-lx3,,,451,175
8312496816418,FixOEM :Repuestos Celular+ Micro Electrónica,Display Honor X8A 4g / Honor 90 Lite / X50i IPS Crt-lx1 -2 -3 Crt-nx3,,,450,190
8310171566370,FixOEM :Repuestos Celular+ Micro Electrónica,Tapa Trasera Realme Xt / 730G Rmx1921,,,448,100
8310169501986,FixOEM :Repuestos Celular+ Micro Electrónica,Tapa Trasera Realme 7 4G Global Rmx2155,,,446,70
8310164619554,OPPO Compatible,Tapa Trasera Oppo A76 Cph2375,,,444,70
8310157836578,Moto Compatible,Tapa Trasera Moto G42 Xt2233-2,,,441,70
8310154297634,Huawei Compatible,Tapa Trasera Huawei Nova Y70 Mga-lx3,,,435,80
8303710765346,FixOEM :Repuestos Celular+ Micro Electrónica,Display Vivo Y35  V2205 Ips,,,427,190
8302374256930,Moto Compatible,Display Moto G42 Xt2233-2 Oled,,,426,530
8302373503266,Moto Compatible,Display Moto E13 IPS Xt2345-2 mc407,,,425,165
8302363541794,Samsung Compatible,Display Samsung A14 IPS,,,423,165
8293834228002,Xiaomi Compatible,Charola Sim Xiaomi Redmi Poco X3 / X3 Pro Mbz07z0in Mzb07z1in Mzb07z2in M2102j20sg M2102j20si,,,420,30
8293345984802,Xiaomi Compatible,Tapa Trasera Xiaomi Redmi Note 11 Pro 4G / 5G,,,347,120
8293311971618,FixOEM :Repuestos Celular+ Micro Electrónica,Cable Tipo C A Lighting 1Hr,,,10410,70
8278211133730,FixOEM :Repuestos Celular+ Micro Electrónica,Tapa Trasera Vivo V25 V2202,,,406,110
8278210347298,FixOEM :Repuestos Celular+ Micro Electrónica,Tapa Trasera Vivo V21 / V21 5G V2066 V2108 V2050,,,402,120
8278209659170,TCL Compatible,Tapa Trasera Tcl 10 5G T790y T790h,,,404,140
8278209233186,Samsung Compatible,Tapa Trasera Samsung M53 Sm-m536b,,,408,60
8278208676130,Samsung Compatible,Tapa Trasera Samsung A04S Sm-a047f,,,405,70
8278207955234,OPPO Compatible,Tapa Trasera Oppo A17 Cph2477,,,400,90
8278207627554,Moto Compatible,Tapa Trasera Moto G50 5G Xt2149-1,,,414,80
8278206513442,Moto Compatible,Tapa Trasera Moto E13 XT2345-2,,,413,70
8278205333794,Huawei Compatible,Tapa Trasera Huawei Y90 Ctr-lx2 Ctr-lx1,,,403,130
8278204907810,FixOEM :Repuestos Celular+ Micro Electrónica,Tapa Trasera Honor X6 / X6s Vne-lx1 Vne-lx2 Vne-lx3,,,412,100
8278161785122,Samsung Compatible,Tapa Trasera Samsung S22 5G (Puede variar con lente incluido) s906,,,397,130
8278160343330,FixOEM :Repuestos Celular+ Micro Electrónica,Tapa Trasera Honor 70 Fne-an00 Fne-nx9,,,395,130
8278158049570,Samsung Compatible,Tapa Trasera Samsung S21 Plus Sm-g996,,,392,120
8273969643810,Moto Compatible,Bisel Moto One Fusion Xt2073,,,388,70
8273969381666,Huawei Compatible,Bisel Huawei Y9 2019 JKM-LX1 JKM-LX2 JKM-LX3 JKM-AL00 JKM-TL00 JKM-AL00a JKM-AL00b,,,387,150
8273968595234,Moto Compatible,Bisel Moto E6 Play Xt2029-2 Xt2029-1,,,386,80
8273968333090,Moto Compatible,Bisel Moto G9 Power Xt2091-3 Xt2091-4,,,384,70
8273968169250,Samsung Compatible,Marco Samsung J7 Sm-J700m,,,383,110
8273967972642,Moto Compatible,Bisel Moto G8 Power Lite Xt2055-1 Xt2055-2,,,382,70
8273967415586,Moto Compatible,Bisel Moto One Xt1941-1 Xt1941-5,,,380,140
8273966301474,Iphone Compatible,Carcasa + Tapa Iphone 8 Plus A1864 A1897 A1898 A1899,,,378,450
8273965908258,Iphone Compatible,Carcasa Marco Iphone Xr + Charola Sim + Botones A2105 A1984 A2107 A2108 A2106,,,377,320
8271823110434,ZTE Compatible,Bateria Zte A52/ V30 Vita / V20/ V20 Ultra / V20 Smart Li3949T44P8h906450,,,376,190
8271821766946,FixOEM :Repuestos Celular+ Micro Electrónica,Bateria Realme Xt Rmx1921 / X2 Blp741,,,374,160
8271821308194,FixOEM :Repuestos Celular+ Micro Electrónica,Bateria Realme 7 5G Blp807 Rmx2111,,,373,180
8271820980514,OPPO Compatible,Bateria Oppo A77 2017 Blp631 Cph1715,,,372,140
8271820390690,OPPO Compatible,Bateria Oppo A17 Cph2477 / A57 5g Cph2387 Blp915,,,371,155
8271820063010,FixOEM :Repuestos Celular+ Micro Electrónica,Bateria Honor X8 / X30I / X8B Hb416492efw Tfy-lx1 Tfy-lx2 Tfy-lx3,,,370,140
8271819669794,FixOEM :Repuestos Celular+ Micro Electrónica,Bateria Honor X6 Vne-lx3 / Honor X7 Vne-lx2 / Honor X8 5G Rbn-lx3 / Honor X5 hb496590efw-f,,,369,155
8270126678306,Iphone Compatible,Glass Iphone X / Xs A1865 A1901 A1902 A2097 A1920 A2100 A2098 Oca,,,11152,60
8268450103586,ZTE Compatible,Display Zte Axon 20 4G / 5G Oled A2121,,,365,1400
8268449448226,FixOEM :Repuestos Celular+ Micro Electrónica,Display Realme Xt Ips Rmx1921,,,363,190
8268448530722,FixOEM :Repuestos Celular+ Micro Electrónica,Display Honor X8 4G Tfy-lx1 Tfy-lx2 Tfy-lx3 IPS,,,362,170
8265808642338,Iphone Compatible,Carcasa + Tapa Iphone X A1901,,,359,220
8265807757602,OPPO Compatible,Marco Oppo A53 4G / A53 2020 / A53S / A32 4G / A33 2020,,,358,90
8265807331618,Samsung Compatible,Bisel Samsung A50 / A30 Sm-a505f Sm-a505g Sm-a305f Sm-a305g,,,357,80
8265762734370,TCL Compatible,Tapa Trasera Tcl 30 Se 6165H 6156H1 6165A 6165A1,,,334,110
8265762603298,Samsung Compatible,Tapa Trasera Samsung S20 Fe Sm-g780f -g -b -u Sm-g781nk -nk2,,,346,90
8265762504994,Samsung Compatible,Tapa Trasera Samsung M23 Sm-m236b,,,348,70
8265762406690,Samsung Compatible,Tapa Trasera Samsung M21s Sm-f415f,,,339,50
8265762341154,Samsung Compatible,Tapa Trasera Samsung A33 Sm-a336,,,338,70
8265762111778,Moto Compatible,Tapa Trasera Moto G50 4G Xt2137-1 Xt2137-2,,,343,70
8265762046242,Moto Compatible,Tapa Trasera Moto G200 Xt2175-1,,,341,80
8265761980706,Moto Compatible,Tapa Trasera Moto Edge 20 Lite Xt2139-1,,,350,70
8265761947938,Huawei Compatible,Tapa Trasera Huawei Nova 9 Se Jln-lx1 Jln-lx3,,,342,110
8265761882402,FixOEM :Repuestos Celular+ Micro Electrónica,"Tapa Trasera Honor X9 / Magic 4 Lite 4G, 5G",,,335,120
8265761816866,FixOEM :Repuestos Celular+ Micro Electrónica,Tapa Trasera Honor x8 Tfy-lx1 Tfy-lx2 Tfy-lx3,,,332,100
8265761751330,FixOEM :Repuestos Celular+ Micro Electrónica,Tapa Trasera Honor 9X Lite JSN-L21/ L22/ L23,,,355,100
8264069939490,FixOEM :Repuestos Celular+ Micro Electrónica,Centro Carga Honor 50 Nth-an00 Nth-nx9,,,330,100
8264069841186,FixOEM :Repuestos Celular+ Micro Electrónica,Centro Carga Honor X6 /X6s Vne-lx-1 Vne-lx2 Vne-lx3,,,329,90
8264069742882,FixOEM :Repuestos Celular+ Micro Electrónica,Centro Carga Honor X8 4G Tfy-lx1 Tfy-lx2 Tfy-lx3,,,328,60
8264069677346,Moto Compatible,Centro Carga Moto G42 Xt2233-2,,,327,80
8264069611810,OPPO Compatible,Centro Carga Oppo A17 Cph2477,,,326,50
8264069513506,OPPO Compatible,Centro Carga Oppo A57 / A77 Cph2339,,,325,60
8264069447970,FixOEM :Repuestos Celular+ Micro Electrónica,Centro Carga Realme 7 5G RMX2111,,,324,80
8264069382434,FixOEM :Repuestos Celular+ Micro Electrónica,Centro Carga Realme Xt Rmx1921,,,323,50
8264069316898,ZTE Compatible,Centro Carga Zte Blade A51 2021,,,322,80
8264069185826,ZTE Compatible,Centro Carga Zte Blade A52,,,321,100
8261717524770,FixOEM :Repuestos Celular+ Micro Electrónica,Display Huawei MatePad T8 Kobe2-l03 W09 L09 IPS,,,318,275
8261707071778,FixOEM :Repuestos Celular+ Micro Electrónica,Display Honor X6 / X6S / X8A 5G / Honor X8 5G vne-n41 vne-lx1 -3 rbn-nx3 IPS,,,360,175
8257716125986,FixOEM :Repuestos Celular+ Micro Electrónica,Display Honor 50 Nth-an00 Nth-nx9 OLED,,,317,990
8235199660322,FixOEM :Repuestos Celular+ Micro Electrónica,Bateria Lenovo A656 A658 S820 BL210,,,308,60
8222468931874,Huawei Compatible,Flex Interconexion Huawei Honor 9 Stf-al00 Stf-al10  Stf-l09,,,218,30
8215905960226,FixOEM :Repuestos Celular+ Micro Electrónica,Audifono 1Hora Inalambrico / Alambrico,,,304,360
8214266446114,Moto Compatible,Display Moto Z2 Force IPS Xt1789-01 Xt1789-04,,,301,930
8200357970210,ZTE Compatible,Tapa Trasera Zte Axon 30 A2322 A2322g,,,299,90
8200353906978,FixOEM :Repuestos Celular+ Micro Electrónica,Tapa Trasera Vivo Y01 V2166,,,298,100
8200318910754,Samsung Compatible,Tapa Trasera Samsung A22 5G Sm-a225f,,,291,60
8200287420706,Moto Compatible,Tapa Trasera Moto G52 / G82 Xt2221-1,,,285,80
8200285946146,Moto Compatible,Tapa Trasera Moto G32 Xt2235-2 Xt2235-1,,,282,60
8200282800418,Moto Compatible,Tapa Trasera Moto G10 / G20 / G30 Xt2127 Xt2128 Xt2129,,,281,130
8200236106018,Moto Compatible,Tapa Trasera Moto E22 / E22I XT2239 Xt2239-18,,,278,70
8198312001826,FixOEM Herramientas,Soporte Cabezal Navaja Universal Hidrogel (No incluye Navaja),,,273,540
8193871610146,FixOEM :Repuestos Celular+ Micro Electrónica,Bateria Alcatel A30 Fierce 5049 Tlp029c1,,,271,150
8193777107234,ZTE Compatible,Display Zte Blade A52 / A72 Ips,,,270,160
8187301429538,FixOEM:Refacción Celular+Gaming,Display Vivo Y3 / y11 / y12 / y15 / y17 IPS,,,268,230
8165344575778,Moto Compatible,Display Moto E22 / E22i IPS Xt2239-9 Xt2239-17,,,266,155
8165335433506,Samsung Compatible,Display Samsung A04 IPS Sm-a045f a045m,,,265,165
8163633856802,FixOEM:Refacción Celular+Gaming,Glass Hisense E60 Lite HLTE235E Oca,,,264,60
8158922080546,FixOEM:Refacción Celular+Gaming,Display Realme 8 Pro Ips Rmx3081,,,246,145
8158780621090,Moto Compatible,Lente Camara Moto G7 Power Xt1955 Xt1955-4,,,249,50
8158777344290,Huawei Compatible,Lente Camara Huawei Y7p Art-L28 Art-l29,,,248,50
8158771314978,ZTE Compatible,Charola Sim Zte Blade Lte A5 2020,,,247,50
8158747001122,Moto Compatible,Centro Carga Moto E7i Power Xt2097-13,,,245,60
8158728159522,Xiaomi Compatible,Centro Carga Xiaomi Poco F3 M2012k11ag,,,244,50
8158722654498,Huawei Compatible,Flex Huella Huawei Y7a Ppa-lx3,,,243,150
8154955940130,Samsung Compatible,Centro Carga Samsung A21 Sm-a215u1,,,262,50
8154949878050,Samsung Compatible,Centro Carga Samsung S21 FE 5G (VERSION B) SM-G990B,,,260,300
8154947846434,Samsung Compatible,Centro Carga Samsung A52s Sm-a528b Version K2,,,259,520
8154945749282,Moto Compatible,Centro Carga Moto Edge 20 Lite / Edge 20 Fusion Xt2139-1,,,257,90
8154945061154,Moto Compatible,Centro Carga Moto Edge 20 Xt2143-1,,,256,80
8154944143650,Huawei Compatible,Centro Carga Huawei Honor 50 Nth-an00 Nth-nx9,,,255,110
8153779110178,Samsung Compatible,Glass Samsung A33 5g Sm-a336e Sm-a336m Oca,,,253,60
8137785245986,ZTE Compatible,Tapa Trasera ZTE A5 2020 Negro,,,242,120
8137778921762,Huawei Compatible,Lente Camara Huawei P30 Lite Mar-Lx1m,,,241,50
8137751986466,TCL Compatible,Glass Tcl 30 Se 6165H 6165A1 Oca,,,240,60
8137749692706,TCL Compatible,Glass Tcl 20e / 20y 6125H 6125D Oca,,,239,60
8137744056610,Samsung Compatible,Glass Samsung S22 Sm-s901b Sm-s901e Oca,,,237,60
8137736388898,Samsung Compatible,Glass Samsung A52s Sm-a528b Oca,,,236,60
8137721512226,Moto Compatible,Glass Moto G60 / G60S / G51 5g / G40 Fusion Ips Xt2135-1 Xt2171-1 Xt2171-2 Xt2133-2.,,,234,60
8137720070434,Moto Compatible,Glass Moto Moto G10 / G20 / G30 Xt2127 Xt2128 Xt2129 Oca,,,233,60
8137699655970,Iphone Compatible,Glass Iphone 14 / 14 Pro / 14 Pro Max Oca,,,230,60
8136187052322,Xiaomi Compatible,Flex Interconexion Xiaomi Redmi Note 10s / Poco M5s / Redmi Note 10 M2101k7bg M2101k7bi,,,229,40
8136182792482,TCL Compatible,Display Tcl 30 Se Ips 6165A  6165A1,,,228,180
8136163721506,OPPO Compatible,Display Oppo A17 / A18 / A38 / A57 / a57s / A77 / Oneplus Nord N20 Se/ N300 IPS,,,225,165
8136162345250,FixOEM:Refacción Celular+Gaming,Display Nokia C20 Ta-1339 Ta-1348 IPS,,,222,200
8136148549922,Moto Compatible,Centro Carga Moto E22 / E22i Xt2239 Xt2239-18,,,221,60
8136147894562,FixOEM:Refacción Celular+Gaming,Display Apple Watch Serie 4 44 mm Oled Retina A1978,,,220,2510
8136144519458,FixOEM:Refacción Celular+Gaming,Display Apple Watch Serie 3 Lte 42 mm Oled Retina A1859,,,219,1240
8136007221538,Samsung Compatible,Display Samsung A04e a042 Ips,,,217,150
8135998341410,Samsung Compatible,Centro Carga Samsung A04 Sm-a045f,,,216,50
8135989952802,FixOEM:Refacción Celular+Gaming,Display Alcatel 3v 5032A 5032W 5032J IPS,,,215,370
8135917371682,Xiaomi Compatible,Centro Carga Xiaomi Redmi Note 11 Pro plus + 5G 21091116I 2201116SG,,,214,220
8135911932194,Moto Compatible,Centro Carga Moto G51 5G Xt2171-1 Xt2171-2 Xt2171-3,,,213,80
8135659880738,Moto Compatible,Centro Carga Moto G41 Xt2167-2,,,212,80
8135637303586,Moto Compatible,Boton Fisico Moto E5 Plus Xt1924-5,,,211,50
8135624491298,FixOEM:Refacción Celular+Gaming,Bateria LG K42 Lm-K420 Lmk420 Bl-t51,,,210,150
8135614988578,Samsung Compatible,Bateria Samsung S21 Ultra Sm-g998b Sm-g998u1 Eb-bg998aby,,,209,170
8135250116898,Samsung Compatible,Bateria Samsung S20 Ultra Eb-bg988aby SM-g988b -u,,,208,170
8135248412962,Samsung Compatible,Bateria Samsung S20 Plus / S20 Plus 5G Sm-g985f Sm-g986b Eb-bg985aby,,,207,155
8135244120354,OPPO Compatible,Bateria Oppo Reno 5 Lite / A94 4g / F19 Pro / Reno 6 4g Cph2205 Cph2203 Cph2285 Cph2235 BLP835,,,205,155
8135234650402,OPPO Compatible,Bateria Oppo A74 4g / Reno 6 Lite Chp2219/ Chp2365/ Blp851,,,203,180
8134234374434,Iphone Compatible,Bateria Iphone 14 Pro Max A2651 A2893 A2894 A2895 A2896,,,202,285
8134228082978,Iphone Compatible,Bateria Iphone 14 Pro A2866 A2650 A2889 A2890,,,201,255
8134223823138,Iphone Compatible,Bateria Iphone 14 Plus A2850,,,200,175
8134218907938,Iphone Compatible,Bateria Iphone 14 A2863 A2649 A2881 A2882,,,199,190
8134211895586,Iphone Compatible,Bateria Iphone 13 Pro Max A2653 A2643 A2484 A2641,,,197,285
8134206259490,Iphone Compatible,Bateria Iphone 13 Pro A2656 A2638 A2483 A2636,,,196,235
8134202589474,Iphone Compatible,Bateria Iphone 13 Mini A2660 A2628 A2481 A2626,,,195,165
8134195740962,Iphone Compatible,Bateria Iphone 13 A2655 A2633 A2482 A2631,,,194,175
8133930123554,Samsung Compatible,Bisel Samsung A30 / A50 Sm-a305g Sm-a305f Sm-a505f Sm-a505g,,,11398,80
8133927305506,Moto Compatible,Bisel Moto G7 Play Xt1952-3,,,11397,150
8133924520226,Moto Compatible,Bisel Moto G8 Power / G Stylus / G PRO Xt2041-1,,,11396,140
8133922357538,Moto Compatible,Bisel Moto G6 Play Xt1922-4,,,11395,160
8133919736098,Huawei Compatible,Bisel Huawei P30 Lite Mar-lX1m 48 megapixeles,,,11394,150
8133917770018,Moto Compatible,Bisel Moto E5 Xt1944-3,,,11393,140
8133914460450,FixOEM:Refacción Celular+Gaming,Holder Base Mechanic AirFix Soporte Reparacion Airpods 1 / 2 / Pro,,,11391,1060
8121445024034,ZTE Compatible,Bateria ZTE Blade L210 / Blade A3 2020 / Nubia N11 Li3826t43p4h695950,,,11387,110
8121443483938,Samsung Compatible,Bateria Samsung A02 Sm-A022m / A04S Sm-A047f / A12 Sm-A127m / A13 4G Sm-A135f / A21S Sm-A217f / M12 Eb-BA217ABY,,,11386,140
8121440076066,Xiaomi Compatible,Bateria Xiaomi Poco F3 M2012k11ag / Mi 11i / Redmi K40 Bm4y,,,11385,170
8114428903714,Moto Compatible,Centro Carga Moto G 5g Xt2113-3 / One Ace 5g,,,10891,130
8113266393378,Samsung Compatible,Display Samsung J7 / J727 SM-J727P J727V J727A Perx IPS,,,11384,300
8113148789026,FixOEM:Refacción Celular+Gaming,Display Lanix Ilium M7 IPS,,,11383,310
8111250145570,Samsung Compatible,Display Samsung A13 5G IPS Sm-a136,,,11382,150
8111221211426,FixOEM:Refacción Celular+Gaming,Display LG V30 IPS H930 H931 H932 H933,,,11381,1570
8111220130082,FixOEM:Refacción Celular+Gaming,Display LG Velvet IPS Lmg910emw Lm-g910emw,,,11380,1800
8099796451618,OPPO Compatible,Glass Oppo A34 / A74 / A54 CPH2239 Oca,,,11375,60
8099795632418,OPPO Compatible,Glass Oppo A72/A52/A72/A92,,,11374,60
8099794518306,TCL Compatible,Glass Tcl 20 SE T671h T671f T671o T671e Oca,,,11372,60
8099793633570,FixOEM:Refacción Celular+Gaming,Glass Hisense E50 / Infinity H50 Lite Oca,,,11371,60
8099792716066,FixOEM:Refacción Celular+Gaming,Glass Vivo Y33 / Y53S V2057 Oca,,,11370,40
8099791700258,FixOEM:Refacción Celular+Gaming,Glass Con Oca Vivo Vivo Y01 / Y02S / Y11S / Y12S / Y15S / Y20S / Y20 / Y20I / Y21A / Y21S / Y21G,,,11369,60
8099790881058,Moto Compatible,Glass Moto G62 Xt2223-1 Oca,,,11368,60
8099789537570,Moto Compatible,Glass Moto  G22 / E32 / E32s / E22s XT2231-2/ XT2227-1/ XT2229-2,,,11366,60
8099785605410,OPPO Compatible,Tapa Trasera Oppo Reno 5 Negro CPH2145,,,11361,70
8099756900642,FixOEM:Refacción Celular+Gaming,Display LG G8 ThinQ AMOLED LMG820QM7 -UMB -UM0,,,4999,2000
8099754836258,Xiaomi Compatible,Display Xiaomi Mi 11T / Mi 11T Pro IPS 21081111RG,,,11141,240
8099754148130,Iphone Compatible,Glass Iphone Xr / Iphone 11 A1984 A2105 A2106 A2111 A2221 A2223,,,10634,60
8098729263394,Moto Compatible,Bisel Moto E32S,,,11358,110
8098728214818,Samsung Compatible,Tapa Trasera Samsung A11 Sm-A115,,,11357,70
8098727592226,Iphone Compatible,Tapa Trasera Iphone Xs A2097 A1920 A2100 A2098 (Big Hole),,,11356,50
8088141168930,Moto Compatible,Tapa Trasera Moto G60 Xt2135-1,,,11351,100
8088140742946,Moto Compatible,Tapa Trasera Moto G31,,,960,100
8088139956514,OPPO Compatible,Tapa Trasera Oppo A72 4G / Oppo A74 4G / Oppo A74 5G / Oppo A52 4G / Oppo A92 4G,,,11349,120
8088139432226,Xiaomi Compatible,Tapa Trasera Xiaomi Redmi Note 11S 4g / Note 11 4g,,,11355,100
8071409631522,FixOEM:Refacción Celular+Gaming,Bateria Lg X Power 2 M320h bl-t30,,,11347,190
8070459687202,FixOEM:Refacción Celular+Gaming,Sujetador Holder Logica Fixture Base Pcb  Te-186,,,5658,570
8070454903074,Moto Compatible,Bateria Moto G Stylus 2021 / G Pro / G Stylus Xt2115-1 -2 -3 Xt2043-7 -4 KX50,,,11303,170
8050186420514,FixOEM:Refacción Celular+Gaming,Cargador Completo USB A Tipo C / Lighting,,,10129,100
8044092260642,ZTE Compatible,Display Zte Blade V40 Vita / V40 Smart / V41 Smart / A72 4g / a72s,,,11345,185
8044090753314,ZTE Compatible,Display Zte Blade A31 IPS,,,11342,350
8044089278754,FixOEM:Refacción Celular+Gaming,Display Wiko T50 Ips W-p861-01 W-p861-02,,,11339,280
8044088983842,FixOEM:Refacción Celular+Gaming,Display Wiko T3 Ips W-v770,,,11338,160
8044088656162,FixOEM:Refacción Celular+Gaming,Display Wiko T10 Ips W-v673-01 W-v673-02,,,11337,155
8043219419426,Samsung Compatible,Display Samsung M32 IPS Sm-m325fv,,,11335,1160
8043218370850,FixOEM:Refacción Celular+Gaming,Display Realme C21/ C20 / C11 2021 Ips Rmx3203 / RMX3231,,,11332,170
8043211653410,OPPO Compatible,Display Oppo Reno 7 4G / Reno 7 Se 4G / Reno 8 4g y 5g / Oppo A78 cph2565 / Realme 9 Pro Plus / Oneplus N20 5g,,,11329,190
8043210211618,Moto Compatible,Display Moto G72/ G82 5G / G71S / G52 / Edge 30 Oled Xt2225-1 Xt2221-1 Xt2203-1,,,11328,575
8043209556258,FixOEM:Refacción Celular+Gaming,Display Lg V60 Thinq 5g IPS Lm-v600 A001lg,,,11326,1960
8043208638754,Iphone Compatible,Display Iphone 12 / 12 Pro A2172 A2341 A2402 A2403 A2404 A2406 A2407 A2408 IPS,,,11318,460
8043208278306,Iphone Compatible,Display Iphone 11 Pro A2215 A2217 A2160,,,11313,365
8043207655714,Huawei Compatible,Display Huawei Nova Y90 / Nova 12i 2024 IPS Ctr-lx2,,,11312,185
8043207065890,ZTE Compatible,Centro Carga Zte Blade V40 Vita 8045 / v40,,,11323,110
8043206476066,ZTE Compatible,Centro Carga Zte Blade A31,,,11322,90
8043205525794,FixOEM:Refacción Celular+Gaming,Centro Carga Vivo y01 v2118 / y15s v2120,,,11321,60
8043204903202,Samsung Compatible,Centro Carga Samsung M32 4G / M22 Sm-m325fv Sm-m225fv,,,11320,60
8043204641058,Samsung Compatible,Centro Carga Samsung M11 Sm-m115F Sm-m115m,,,11319,60
8043174986018,FixOEM:Refacción Celular+Gaming,Centro Carga Realme C21  Rmx3203,,,11317,50
8043174592802,FixOEM:Refacción Celular+Gaming,Centro Carga Realme C11 / C12 / C15 / 5I / C21Y,,,11316,60
8043172823330,Moto Compatible,Centro Carga Moto G82 / G52 Xt2225-1 XT2221-1,,,11314,80
8043163943202,FixOEM:Refacción Celular+Gaming,Centro Carga Lg V60 Thinq 5g Lm-v600 A001lg,,,11311,260
8043163058466,FixOEM:Refacción Celular+Gaming,Centro Carga Lg Stylo 6 Lmq730tm Lm-q730tm,,,11310,130
8043160207650,FixOEM:Refacción Celular+Gaming,Centro Carga Lg G8 LMG820QM5  LM-G820QM5  LMG820UMB,,,11309,180
8043158798626,Huawei Compatible,Centro Carga Huawei Nova Y90 Ctr-lx2,,,11308,120
8043144937762,Xiaomi Compatible,Bateria Xiaomi Redmi Note 11s 4G / 5G BN5D BN5C 2201117Sg 2201117Si 2201117Sy 2201117Sl 22031116Bg,,,5592,170
8043143823650,FixOEM:Refacción Celular+Gaming,Bateria Vivo Y01 V2118 / Y15s V2120 / Y10 V2140a / Y15s V2139 B-s7,,,9387,160
8043142775074,Samsung Compatible,Bateria Samsung M32 Sm-m325f Eb-bm325abn,,,9566,100
8043138941218,Samsung Compatible,Bateria Samsung A03 / A02S / A03S / A04 / A04E / A03 Core HQ-50S Sm-a035f  Sm-a035m SM-A045F SM-A025 HQ-50S,,,204,160
8043138318626,FixOEM:Refacción Celular+Gaming,Bateria Realme C21 / C11 Rmx3201 BLP729,,,11153,130
8043137761570,FixOEM:Refacción Celular+Gaming,Bateria Realme C15 / C12 Rmx2180 RMX2189 Blp793,,,11099,200
8043137270050,OPPO Compatible,Bateria Oppo Reno 7 4G / A96 4G / Reno 7 Z 5G / Reno 7 Lite / Oneplus Nord N20 5G Blp907,,,11041,170
8043136745762,Moto Compatible,Bateria Moto G82 / G72 / G52 XT2225-1 XT2221-1 NE50,,,10877,190
8043135762722,Moto Compatible,Bateria Moto E13 / E32 / G22 / E32s / G13 / G53 / E13 2023 Xt2345-2 Xt2227-2 -1 Xt2331-1 NH50,,,10870,160
8043133108514,FixOEM:Refacción Celular+Gaming,Bateria Lg V60 Thinq 5g Lm-v600 A001lg Bl-t46,,,11304,160
8043132223778,FixOEM:Refacción Celular+Gaming,Bateria Lg V50 Lm-v500 Lm-v500n Bl-t42,,,10443,130
8043129569570,FixOEM:Refacción Celular+Gaming,Bateria LG g8 Thinq lmg820qm7 Bl-t41,,,10044,140
8040038367522,Moto Compatible,Charola Sim Moto G10 / G20 / G30 Xt2127 Xt2128 Xt2129,,,11253,50
8040036040994,TCL Compatible,Flex Encendido TCL 20 Se T671h  T671f  T671o  T671e,,,11273,90
8040025162018,Samsung Compatible,Flex Encendido Samsung A03s Sm-A037M  SM-A037F,,,11292,50
8040022835490,OPPO Compatible,Flex Encendido Oppo A93 4G Cph2121 Cph2123,,,11274,60
8030155079970,OPPO Compatible,Bateria Oppo A53 / A53s (Americano) BLP601,,,9995,120
7979585470754,Samsung Compatible,Tapa Trasera Samsung A03s SM-A037F -DS -M -G -W,,,11302,60
7976657387810,Moto Compatible,Bateria Moto E20 XT2155-1 / Moto G Pure Nt40,,,10800,160
7976656666914,FixOEM:Refacción Celular+Gaming,Bateria Hisense E50 Lite Hlte228e Lpn440450,,,11295,180
7975171457314,ZTE Compatible,Bisel Zte Blade A5 2020 A52020,,,11301,160
6781302472779,Moto Compatible,Display Moto Edge 20 Lite / Edge 20 Lite Fusion Oled XT2139-1 -2,,,11299,660
6781300310091,Moto Compatible,Bisel Moto E7 Power / E7i Power XT2097-12  XT2097-13  XT2097-14,,,11300,70
6780930457675,Samsung Compatible,Centro Carga Samsung A72 A725F,,,10196,200
6780817145931,Samsung Compatible,Bisel Samsung A10s A107F A107M,,,11297,80
6780816916555,Samsung Compatible,Bisel Samsung A03S A037M A037F,,,11296,60
6780816326731,Huawei Compatible,Bisel Huawei Y7 2019  Dub-lx3,,,11294,130
6780815376459,FixOEM:Refacción Celular+Gaming,Tapa Trasera Vivo Y11s / Y20 V2028  V2027,,,11290,90
6780814524491,Iphone Compatible,Tapa Trasera Iphone 14 Pro Max A2651  A2893  A2894  A2895  A2896,,,11287,90
6780814164043,Iphone Compatible,"Tapa Trasera Iphone 14 Pro A2650, A2889, A2890, A2891, A2892 (Big Hole)",,,11286,90
6780813934667,Iphone Compatible,Tapa Trasera Iphone 14 A2881  A2882  A2883  A2884 (Big Hole),,,11285,170
6780813803595,Samsung Compatible,Bisel Samsung J7 Pro Sm-j730g Sm-j730gm,,,11284,100
6780813639755,Samsung Compatible,Bisel Samsung A51 A515F,,,11283,80
6780813082699,Moto Compatible,Bisel Moto E6 Plus XT2025-2,,,11282,80
6780812623947,ZTE Compatible,Lente Camara Zte V30 Vita ZTE-8030,,,11281,50
6780812394571,Xiaomi Compatible,Lente Camara Xiaomi Redmi Note 11 5G 21091116AC,,,11280,50
6780812165195,OPPO Compatible,Flex Encendido Oppo A15 / A15S / A35 CPH2185,,,11279,50
6780812001355,Xiaomi Compatible,Display Xiaomi Redmi Note 10 Pro 4G / 11 Pro 4G 5G / 11 Pro Plus 4G 5G / 11E Pro 5g Ips,,,11278,205
6780811739211,FixOEM:Refacción Celular+Gaming,Display Honor X7 IPS CMA-LX3 IPS,,,11276,175
6780810559563,ZTE Compatible,Bateria Zte A7S A2020 / A71 A7020 / A7 2020 A7030/ A52 LITE Li3839T44P8H866445 / LI3839T43P8H826348,,,11272,190
6780810035275,FixOEM:Refacción Celular+Gaming,Bateria Nokia 6 TA 1000 / 1003 / 1021 / 1025 / 1033 / 1039 HE317 3000mAh,,,11271,140
6780809609291,Samsung Compatible,Bateria Samsung Note 20 Ultra Sm-N985F Eb-Bn985aby,,,11270,160
6780460236875,Moto Compatible,Bateria Moto G50 5G  XT2149-1 Ms50,,,11269,180
6778899726411,Xiaomi Compatible,Tapa Trasera Xiaomi Mi 11 Lite 4 / 5G M2101k9ag,,,1956,100
6778899497035,Samsung Compatible,Tapa Trasera Samsung M31 Sm-M315F,,,3836,60
6778899300427,Samsung Compatible,Tapa Trasera Samsung A03 SM-A035,,,9481,70
6778899234891,Moto Compatible,Tapa Trasera Moto E7i Power / E7 Power Xt2097-12  Xt2097-13  Xt2097-14,,,9600,100
6778899005515,Moto Compatible,Tapa Trasera Moto E7 XT2095-2,,,9737,100
6778898776139,FixOEM:Refacción Celular+Gaming,Tapa Trasera Honor 50 5G Nth-NX9,,,10005,120
6778898579531,TCL Compatible,Centro Carga Tcl 10 Se T766H  T766J  T766U,,,10010,100
6778898284619,Moto Compatible,Altavoz Moto G9 Power XT2091-3,,,11268,50
6778699120715,Samsung Compatible,Tapa Trasera Samsung A10s A107F,,,10026,80
6778697842763,Moto Compatible,Tapa Trasera Moto G100 Xt2125-4,,,10126,90
6778697318475,Huawei Compatible,Tapa Trasera Huawei Y7 2019 DUB-LX3,,,10361,130
6778696597579,FixOEM:Refacción Celular+Gaming,Display Lg Q10 IPS K430 k410g,,,11237,420
6776605638731,FixOEM:Refacción Celular+Gaming,Centro Carga Hisense H30 Lite / Hisense F19 HLT223E Hlt322340,,,9781,100
6776604524619,Samsung Compatible,Centro Carga Samsung A23 4G SM-A235F SM-A235M.,,,11251,130
6776603967563,FixOEM:Refacción Celular+Gaming,Display Alcatel 5V IPS 5060- 5060D- 5060A - 5060J,,,11264,240
6772501381195,FixOEM:Refacción Celular+Gaming,Display Ipad Air 2 A1566 A1567.,,,9711,1190
6772501348427,FixOEM:Refacción Celular+Gaming,Display Ipad Air 3 A2152 A2123 A2153 A2154.,,,11261,3590
6770903875659,Moto Compatible,Display Moto One 5G XT2075-2 IPS,,,10006,430
6770902892619,Moto Compatible,Display Moto G22 / E32 / E32s / E22s XT2231 XT2227 XT2229-2,,,10436,165
6770072027211,FixOEM Herramientas,Lamina Oca Pegamento 14.5x26 cm,,,11262,60
6770071044171,Huawei Compatible,Tapa Trasera Huawei Y7 Pro 2019 Dub-LX2,,,11259,70
6770069667915,Samsung Compatible,Tapa Trasera Samsung A51 Sm-A515F,,,11256,70
6769299882059,Samsung Compatible,Glass Samsung A72 A725F / A725M Oca,,,11254,60
6768667033675,FixOEM:Refacción Celular+Gaming,Display Honor 7x IPS Bnd-L24  Bnd-L21,,,11243,240
6768666607691,FixOEM:Refacción Celular+Gaming,Display Realme C12 RMX2189 RMX2193/ C11 RMX2185 / C15 RMX2180 Flex 51/93,,,11235,170
6768666116171,FixOEM:Refacción Celular+Gaming,Centro Carga Honor 7x  BND-L24  BND-L21,,,10726,50
6768665854027,Moto Compatible,Centro Carga Moto G31 XT2173-1 -2 -3,,,10084,60
6768665296971,Huawei Compatible,Charola Sim Huawei P10 Selfie Bac-L03 / VTR-L09,,,10083,50
6768664805451,Huawei Compatible,Charola Sim Huawei Y9a FRL-L23 / FRL-L22,,,10082,50
6768664510539,Moto Compatible,Charola Sim Moto E20 XT2155-3 XT2155-1 Negro,,,10078,50
6768664150091,Samsung Compatible,Charola Sim Samsung A10s A107F  A107M,,,10003,50
6768663855179,Samsung Compatible,Charola Sim Samsung A12 2021 / A22 2021 A225F A225M Negro,,,10002,50
6768663593035,Samsung Compatible,Charola Sim Samsung A53 A536E,,,10001,50
6768663330891,ZTE Compatible,Charola Sim Zte A7s  A7020,,,9932,40
6768662904907,ZTE Compatible,Charola Sim Zte V30 Vita 8030,,,9592,50
6768662806603,Huawei Compatible,Flex Encendido Huawei Mate 10 Lite RNE-L21,,,9493,60
6768662478923,Moto Compatible,Flex Huella Moto G10 / G20 / G30 / G60 / G60S / E7 XT2095-2 XT2095-1,,,9417,200
6768661168203,Xiaomi Compatible,Lente Camara Xiaomi Mi A3 M1906F9SH  M1906F9SI,,,5078,60
6763924684875,KAISI,Desarmador  Destornillador Wylie Wl-1408 14en1,,,11244,120
6763297013835,Samsung Compatible,Tapa Trasera Samsung S9 Plus G965U G965F,,,11250,80
6763296686155,Samsung Compatible,Tapa Trasera Samsung S6 Edge G925A  G925F,,,11249,60
6763296325707,Samsung Compatible,Tapa Trasera Samsung S6 G920A  G920F,,,11248,70
6763294752843,FixOEM:Refacción Celular+Gaming,Tapa Trasera Lg Stylo 6 Lm-Q730TM  Lm-Q730AM   Lm-Q730QM,,,11246,160
6760551940171,Samsung Compatible,Bateria Samsung A53 / A33 Sm-A536E Sm-A336 Eb-Ba336Aby.,,,11236,160
6760551546955,Samsung Compatible,Bateria Samsung M23 m236b / M33 m336B / A23 4G A235F / M53 5G / M52 Eb-bm526,,,11234,160
6760550727755,Moto Compatible,Bateria Moto Edge S30 / G200 5G Xt2175-1 MB50,,,11231,170
6760550563915,Iphone Compatible,Bateria Apple Watch Serie 5 40mm A227,,,11230,110
6759712882763,Samsung Compatible,Charola Sim Samsung Note 8 Negro N950F N950U1,,,11229,50
6759066959947,Iphone Compatible,Display Iphone 13 Pro Max A2641 A2643 A2644  A2645 A2484.,,,11228,2880
6759065550923,Moto Compatible,Centro Carga Moto G Stylus 2021 Xt2115.,,,11227,110
6759065092171,FixOEM:Refacción Celular+Gaming,Centro Carga Nokia 5.1 Ta-1075 2018,,,11226,100
6758907838539,OPPO Compatible,Display Realme 6 Pro / Oppo A92S / Reno 4Z 5G CPH2065 X2061 Pdkm00 Ips,,,11223,215
6758564233291,Samsung Compatible,Display Samsung S21 Plus Sm-G996B / Sm-G996U Super Amoled Orginal,,,11222,3000
6758564036683,Samsung Compatible,Display Samsung S20 Fe 4G / 5G SM-g780 oled,,,11221,590
6758563840075,Xiaomi Compatible,Display Xiaomi Mi 10 Lite Ips  M2007J17G,,,11220,370
6758563676235,FixOEM:Refacción Celular+Gaming,Display Realme Narzo 30A / C11 Ips Rmx3171,,,11219,240
6758551814219,Iphone Compatible,Molde Refurbish Alineacion Para Iphone,,,11209,220
6757124538443,Moto Compatible,Display Moto Edge 30 Pro Oled  Xt2201-1.,,,11208,880
6757122441291,Huawei Compatible,Display Huawei Nova Y70 IPS Mga-lx3.,,,11207,170
6757118148683,Iphone Compatible,Ic Audio Iphone 8 Plus  / X / Xs/ Xs-Max / Xr 338S00248,,,11205,130
6757118050379,Iphone Compatible,Ic Audio Iphone 7 / 7 Plus A1778   A1661 A1784 338S00105,,,11204,100
6757117919307,Iphone Compatible,Ic Gestion Energia Iphone 8 Plus A1863 / A1905 Qualcom Pmic Pmd9655,,,11203,130
6757117853771,Iphone Compatible,Ic Gestion Energia Iphone 7 / 7 Plus A1660 A1778 A1661 A1784 Qualcom Pmic Pmd9645,,,11202,110
6757117689931,Samsung Compatible,Lente Camara Samsung A21 Sm-A215U,,,11201,50
6756887134283,Moto Compatible,Lente Camara Moto One Fusion Plus  Xt2067-1,,,11200,50
6756886970443,Moto Compatible,Lente Camara Moto E7I Power Xt2097-12  Xt2097-13  Xt2097-14,,,11199,50
6756886609995,Huawei Compatible,Lente Camara Huawei Mate 20 Lite Sne-L03 Sne-Lx3  Sne-Lx2,,,11198,50
6756886413387,FixOEM:Refacción Celular+Gaming,Centro Carga Hisense H40 Hlte229E,,,11197,50
6756886151243,Xiaomi Compatible,Centro Carga Xiaomi Redmi 9 M2004J19G,,,11196,60
6756885987403,Samsung Compatible,Centro Carga Samsung A53 Sm-A536E,,,11195,110
6756885856331,Samsung Compatible,Centro Carga Samsung A33 Sm-A336,,,11194,60
6756885594187,Samsung Compatible,Centro Carga Samsung A13 Sm-A135M Sm-A135U Sm-A135F,,,11193,50
6756885200971,Moto Compatible,Centro Carga Moto G200 5G Xt2175-1,,,11192,100
6756884840523,Moto Compatible,Centro Carga Moto E32 Xt2227-1.,,,11191,70
6756884643915,FixOEM:Refacción Celular+Gaming,Centro Carga Lg K42 / K52 Lmk420Ymw Lmk420Hm.,,,11190,110
6756884283467,Moto Compatible,Flex Huella Moto G9 Plus Xt2087-2,,,11189,180
6756883923019,Samsung Compatible,Flex Interconexion Samsung A22 Sm-A225F  Sm-A225M,,,11378,50
6756883300427,Huawei Compatible,Flex Interconexion Huawei Mate 20 Lite Sne-L03  Sne-Lx3   Sne-Lx2,,,11187,50
6536995340363,-,Cable Repuesto para Cajas liberación NCK / Z3X,,,9665,80
6677811265611,FixOEM: Refaccion Celular / Gaming,"Smartwatch, Reloj Inteligente Con Bluetooth, Watch Fit Pro GPS",,,10734,240
6755632611403,Moto Compatible,Display Moto G200 5G /  Edge S30 IPS Xt2175-1.,,,11185,240
6755632513099,Huawei Compatible,Charola Sim Huawei P10 Lite Azul Was-Lx3,,,11186,50
6755629072459,FixOEM:Refacción Celular+Gaming,Centro Carga Hisense E30 Lite / E30,,,9378,100
6754474360907,FixOEM:Refacción Celular+Gaming,Centro Carga Hisense E50 Lite.,,,11184,100
6754473214027,OPPO Compatible,Centro Carga Oppo Reno 6 5G  Cph2251.,,,11183,280
6754472656971,Huawei Compatible,Centro Carga Huawei P40 Lite E ART-L29.,,,11182,50
6754472296523,Samsung Compatible,Tapa Trasera Samsung A9 2018  Sm-A920,,,11181,80
6754471116875,FixOEM:Refacción Celular+Gaming,Centro Carga Hisense E50 hlte232e / H50 Lite hlte233e,,,11175,90
6752379568203,ZTE Compatible,Display Zte Libero 5G Ips A003Zt,,,11173,490
6752376815691,FixOEM:Refacción Celular+Gaming,Prensa Giratoria Refurbish Desmontaje Display Relife Rl-601S-Plus.,,,11174,1200
6752375930955,Samsung Compatible,Display Samsung A23 4G A235 / A13 4G A135 / M13 M135 / M33 5G M336 / A236U/b / M23 5G / F13 4G Ips,,,11176,185
6752375603275,Samsung Compatible,Display Samsung A33 5G Con Huella Oled Sm-A336M.,,,11177,580
6752375242827,Samsung Compatible,Display Samsung A53 5G Con Huella Oled Sm-A536E.,,,6529,650
6751269552203,FixOEM Herramientas,Repuesto Raspador Navaja Espatula Vitro Plastico.,,,11172,60
6751268831307,Samsung Compatible,Flex Interconexion Samsung A30 Sm-A305F,,,11169,50
6751268175947,Huawei Compatible,Flex Interconexion Huawei Y9 / Honor 9X Lite,,,11168,50
6749852663883,FixOEM Herramientas,Dispensador Aplicador Gotero Alcohol Punta Aguja,,,9535,50
6747013447755,Samsung Compatible,Tapa Trasera Samsung A02S Sm-A025F  Sm-A025M,,,11165,70
6747013218379,Samsung Compatible,Tapa Trasera Samsung A02 / M02 A022F -M M022F,,,11166,70
6745566543947,Samsung Compatible,Glass Samsung S20 Plus Sm-G985F Oca,,,11161,60
6745566249035,Samsung Compatible,Glass Samsung A71 / Note 10 Lite Sm-N770F Sm-A715F Oca,,,11159,60
6745565954123,Samsung Compatible,Glass Samsung A52 Sm-a525f Sm-a525m Oca,,,11158,60
6745565724747,Iphone Compatible,Glass Iphone 8 Plus A1863 A1905 Oca,,,11157,60
6745565528139,Iphone Compatible,Glass Iphone 7 Plus A1661 A1784 Oca,,,11156,60
6745565462603,Samsung Compatible,Centro Carga Samsung S20 Ultra 4G Sm-G988B.,,,11155,190
6745565134923,ZTE Compatible,Centro Carga Zte V30 Vita 8030,,,11154,90
6745563103307,FixOEM:Refacción Celular+Gaming,Display Vivo Y01 / Y02S / Y10 / Y11S / Y12S / Y15S / Y15S / Y20S / Y20 / Y20I / Y21A / Y21S / Y21G ips V2028,,,11148,155
6745562939467,FixOEM:Refacción Celular+Gaming,Display Vivo y33 v2057 / y53s v2058 / y51 v2035 / y52s v2057a / y33s v2109 / Y72 5G IPS,,,11147,190
6744783749195,Moto Compatible,Charola Sim Moto E6 Plus Negro Xt2025-2,,,11144,50
6744783355979,Samsung Compatible,Lente Camara Samsung A22 5G Sm-A226B,,,11145,50
6744462786635,TCL Compatible,Display Tcl 10 Se T766A / Alcatel 3X 2019 5048 Ips,,,11143,195
6742489989195,FixOEM:Refacción Celular+Gaming,Display OnePlus Nord 5G IPS Ac2001.,,,11139,185
6740351909963,Huawei Compatible,Tapa Trasera Huawei Y7 2018 Ldn-Lx3,,,11137,100
6740351254603,FixOEM:Refacción Celular+Gaming,Tapa Trasera Lg G3 Stylus D693N D690N,,,11136,60
6740350206027,Moto Compatible,Tapa Trasera Moto G9 Power Xt2091-3,,,11134,80
6740349550667,FixOEM:Refacción Celular+Gaming,Tapa Trasera Htc U11 U-3U,,,11133,50
6740348960843,FixOEM:Refacción Celular+Gaming,Tapa Trasera Alcatel Pixi 4 5098,,,11132,40
6740347420747,Huawei Compatible,Tapa Trasera Huawei P30 Pro Vog-L04,,,11131,110
6740346896459,FixOEM:Refacción Celular+Gaming,Tapa Trasera Alcatel Lte Shine 5080A,,,11130,80
6740346470475,Huawei Compatible,Tapa Trasera Huawei P10 Lite Was-Lx3,,,11129,50
6740344963147,Moto Compatible,Tapa Trasera Moto G8 Power Xt2041-1,,,11127,60
6740342767691,Huawei Compatible,Tapa Trasera Huawei Mate 30 Tas-L09  Tas-L29,,,11126,110
6740341391435,Moto Compatible,Tapa Trasera Moto Edge Xt2063-3,,,11124,90
6740340244555,Huawei Compatible,Tapa Trasera Huawei P smart 2019 Fig-Lx3  Fig-L23,,,11123,120
6740338147403,FixOEM:Refacción Celular+Gaming,Tapa Trasera Htc Desire 626S D626X,,,11122,20
6740333068363,Huawei Compatible,Tapa Trasera Huawei Y6P Med-Lx9,,,11121,140
6740332019787,Moto Compatible,Tapa Trasera Moto E6 Plus Xt2025-2,,,11120,90
6740331331659,Huawei Compatible,Tapa Trasera Huawei P40 Lite Jny-Lx1,,,11119,80
6740330119243,OPPO Compatible,Tapa Trasera Oppo A31 2020 Cph2015,,,11118,90
6740329234507,OPPO Compatible,Tapa Trasera Oppo A12 Cph2083,,,11138,80
6739980353611,Samsung Compatible,Glass Samsung S21 Ultra Sm-G998 Oca,,,10502,60
6739387842635,Samsung Compatible,Glass Samsung S21 / S21 Fe / S21 Plus Sm-g991b Sm-g990u Sm-g996b Oca,,,11108,60
6739387744331,Samsung Compatible,Glass Samsung Note 20 Sm-n980f Oca,,,11111,60
6739387711563,Samsung Compatible,Glass Samsung A10s Sm-A107M Sm-A107F Oca,,,11112,60
6739387678795,Samsung Compatible,Glass Samsung S20 Ultra Sm-G988B Oca,,,11113,60
6739387613259,Samsung Compatible,Glass Samsung S10 / S10 Plus Sm-g973f Sm-g975f Oca,,,11115,60
6739387580491,FixOEM: Refaccionaria Celular,Molde Refurbish Alineacion Iwatch 8 En 1,,,11116,560
6735138062411,Moto Compatible,Display Moto G Pure IPS Xt2163-4.,,,11104,175
6734487617611,FixOEM Herramientas,Stencil 18 Iphone 6-13 Promax,,,11101,120
6734487158859,2UUL,Cable Pulpo Alimentador 2UUL Iphone 6-13 Pro Max,,,11100,570
6734485749835,Xiaomi Compatible,Flex Encendido Xiaomi Redmi Note 9 Pro 4G M2003J6B2G /Note 9S M2003J6A1G,,,11098,50
6734485160011,Huawei Compatible,Display Hisense H50 Lite IPS,,,11096,770
6734485127243,Xiaomi Compatible,Display Xiaomi Redmi Note 11s 5g / Poco M4 Pro 5G IPS,,,11095,200
6734484832331,Moto Compatible,Display Moto G31 / G41 / G71 5G XT2167-1 XT2173-1  XT2173-2  XT2173-3  XT2169-1 Oled,,,11093,590
6734484471883,Xiaomi Compatible,Display Xiaomi Mi 11 Lite 2109119dg,,,11092,185
6734484308043,Xiaomi Compatible,Display Xiaomi Redmi Note 11S 4g / Note 11 4g / Note 12S 4g / Poco M4 Pro Ips 2201117tl IPS,,,11090,200
6734481588299,Xiaomi Compatible,Display Xiaomi Mi 10T / Mi 10T Pro IPS M2007J3Sg M2007j3sy,,,11089,270
6734481391691,Iphone Compatible,Charola Sim Iphone 13,,"Color: Negro | GARANTÍA | La garantía tiene vigencia de hasta 5 días después de recibir el producto. Es requisito indispensable que antes de instalar la pieza, realice una prueba con el equipo abierto, para determinar el correcto funcionamiento de ésta, sin levantar micas o sellos. | Te recomendamos que la prueba la realice un especialista.",11091,50
6732571639883,Samsung Compatible,Display Samsung A52 5G a527 / A52 4G a526 / A52S a528,,,11085,600
6732566757451,Iphone Compatible,Flex Sim Dual Iphone 12 A2172 - A2402 - A2403 - A2404,,,11086,350
6732566593611,Moto Compatible,Tapa Trasera Moto E5 Plus Xt1924,,,11087,80
6732566069323,FixOEM:Refacción Celular+Gaming,Display Honor 9 lite LLD-AL00 LLD-AL10,,,11088,200
6730407772235,Xiaomi Compatible,Bateria Xiaomi Mi 10 Lite M2007J17G Bm4R,,,11044,140
6729992110155,FixOEM:Refacción Celular+Gaming,Organizador Contenedor Madera Multifuncional Celulares,,,11079,280
6729992044619,Samsung Compatible,Flex Encendido Samsung A01 Sm-A015M,,,11078,60
6729992011851,Moto Compatible,Charola Sim Moto E6 Play Negro Xt2029,,,11077,50
6729991782475,FixOEM Herramientas,Pegamento Bisel Iphone Sello de Agua,,,11070,50
6729986834507,Moto Compatible,"Bateria Moto E7 / Moto E7 2020 / E 2020 Xt2095-2 Xt2052-1, Xt2052-2, Xt2052-5 Lc40",,,10781,170
6728930754635,Samsung Compatible,Display Samsung M22/F22 Sm-M225Fv Sm-E225F Ips,,,11065,930
6728929935435,Samsung Compatible,Bateria Samsung J4 Plus / J6 Plus / J7 Prime Sm-J610 Sm-j415 Sm-J410F Sm-g610f Eb-Bg610Abe,,,11064,130
6728437104715,FixOEM:Refacción Celular+Gaming,Tapa Trasera Honor 10X Lite  Dnn-Lx9,,,10904,90
6728376156235,Samsung Compatible,Lente Camara Samsung A11 Sm-A115M,,,11063,50
6728376090699,Moto Compatible,Lente Camara Moto G6 Xt1925-7,,,11061,60
6728376057931,Samsung Compatible,Lente Camara Samsung S10E Sm- G970F,,,11060,40
6728375992395,Huawei Compatible,Charola Sim Huawei Mate 20 Lite Sne-L03,,,11059,50
6728375959627,Moto Compatible,Charola Sim Moto G50 5G Xt2137-1 Xt2137-2,,,11058,50
6728375926859,Moto Compatible,Charola Sim Moto G7 Plus / Moto G7 Negro Azul Xt1965-3,,,11057,50
6728375894091,Samsung Compatible,Lente Camara Samsung Negro A22 4G / 5G Sm-A225F Sm-A225M,,,11056,50
6728375861323,Huawei Compatible,Charola Sim Huawei Y9 Prime Azul Stk-Lx3,,,11055,50
6728375828555,Samsung Compatible,Charola Sim Samsung A31 Azul Sm-A315F,,,11054,50
6728375795787,Xiaomi Compatible,Charola Sim Xiaomi Redmi Note 10 / note 10s / Poco M5s Plata M2101K7Ag Negro,,,11053,50
6728375763019,Moto Compatible,Charola Sim Moto G8 Power Lite Xt2055,,,11052,50
6728375730251,OPPO Compatible,Lente Camara Samsung Note 9 Sm-N960F,,,11051,50
6728375697483,Huawei Compatible,Charola Sim Huawei Mate 10 Lite Azul ‎51091Wqx,,,11050,50
6728375664715,Moto Compatible,Charola Sim Moto Edge Negro Xt2063-3,,,11049,50
6728375631947,FixOEM:Refacción Celular+Gaming,Centro Carga Ipad Mini 2 A1491 A1489,,,11048,60
6728375599179,Samsung Compatible,Charola Sim Samsung A32 4G Negro Sm-A325F Sm-A325M,,,11047,50
6728375566411,FixOEM:Refacción Celular+Gaming,Centro Carga Ipad Mini 4 / Mini 5 A1538  A1550,,,11046,80
6728375533643,Huawei Compatible,Centro Carga Huawei Y7A Ppa-Lx3 / Huawei P Smart 2021,,,11045,80
6725487263819,Huawei Compatible,Display Huawei Mate 40 Pro Con Huella OLED Noh-Nx9/Noh-An00.,,,11042,2670
6723881926731,Xiaomi Compatible,Tapa Trasera Xiaomi Mi 10 Pro,,,11082,70
6723881893963,Xiaomi Compatible,Lente Camara Xiaomi Redmi Note 10S / Redmi Note 10/ Poco M5S M2101K7Bl/M2101K7Ag,,,11036,50
6723881861195,Xiaomi Compatible,Lente Camara Xiaomi Redmi Note 10 Pro M2101K6G,,,11034,50
6723881828427,Samsung Compatible,Lente Camara Samsung A03S Sm-A037F/Ds (Dual-Sim)  Sm-A037G/Dsn  Sm-A037F/Ds (Dual-Sim)  Sm-A037M/Ds  Sm-A037M,,SM-A037F/DS (Dual-SIM) | SM-A037G/DSN | SM-A037F/DS (Dual-SIM) | SM-A037M/DS | SM-A037M,11033,50
6723881795659,Samsung Compatible,Lente Camara Samsung A02S A025,,"SM-A025F/Dual-SIM | SM-A025F/Dual-SIM | A02S SM-A025G/Dual-SIM NFC | SM-A025M Single-SIM | SM-A025M/Dual-SIM | GARANTÍA | La garantía tiene vigencia de hasta 5 días después de recibir el producto. Es requisito indispensable que antes de instalar la pieza, realice una prueba con el equipo abierto, para determinar el correcto funcionamiento de ésta, sin levantar micas o sellos. | Te recomendamos que la prueba la realice un especialista.",11032,50
6723881762891,Samsung Compatible,Lente Camara Samsung A02 (Sm-A022F/Dual-Sim  Sm-A022M Single-Sim  Sm-A022M/Dual-Sim),,,11031,40
6723881730123,OPPO Compatible,Lente Camara Oppo Reno 6 Lite Cph2365,,,11030,50
6723881697355,OPPO Compatible,Lente Camara Oppo Reno 5 Lite Cph2205,,,11029,50
6723881664587,Moto Compatible,Lente Camara Moto G60 Xt2135-1/ G60s Xt2133-2,,,11028,50
6723881631819,Moto Compatible,Lente Camara Moto G100 5G Xt2125-4,,,11027,110
6723881533515,Moto Compatible,Lente Camara Moto E20 Xt2155,,,11025,50
6723881500747,Moto Compatible,Flex Huella Moto G8 Play  Xt2015,,,11019,150
6723881435211,Samsung Compatible,Charola Sim Samsung A03S Sm-A037F/Ds (Dual-Sim)  Sm-A037G/Dsn (Dual-Sim+Nfc)  Sm-A037M/Ds (Dual-Sim) Negro,,,11017,50
6723881402443,Samsung Compatible,Charola Sim Samsung A03 Core (Sm-A037F/Ds (Dual-Sim) /Sm-A037G/Dsn (Dual-Sim+Nfc) Negro,,,11016,50
6723496181835,FixOEM Herramientas,Repuestos Tapete  Separadora Glass Silicon Chico,,,11039,60
6721002143819,Iphone Compatible,Glass Iphone 13/ Iphone 13 Mini/Iphone 13 Pro/Iphone 13 Pro Max Oca,,,11020,60
6720970457163,Samsung Compatible,Charola Sim Samsung A02S Negro Sm-A025M Sm-A025F,,,11014,50
6720969211979,OPPO Compatible,Charola Sim Oppo Reno 5 Lite Cph2205,,,11013,50
6720959840331,OPPO Compatible,Charola Sim Oppo A93 Negro Cph2123,,,11012,50
6720956399691,OPPO Compatible,Charola Sim Oppo A53 Cph2127,,,11011,50
6720955842635,OPPO Compatible,Charola Sim Oppo A52 / Oppo A72 / Oppo A92 Negro Cph2069,,,11010,50
6720954597451,Huawei Compatible,"Charola Sim Huawei Y8P Negro Aqm-Lx1  Aqm-L21  Aqm-L21A,",,,11009,50
6720952139851,FixOEM:Refacción Celular+Gaming,Centro Carga Hisense h40 Lite hlte230e / e40 hlte229e10 / v40 hlte229e,,,11008,90
6720878149707,Xiaomi Compatible,Bateria Xiaomi Note 10 / Note 10 Lite / Note 10 Pro M2101K7Ag M2002F4Lg Mzb08Kveu Bm52,,,11004,175
6720176291915,Samsung Compatible,Centro Carga Samsung A03 Sm-A035F.,,,11003,50
6720176193611,OPPO Compatible,Centro Carga Oppo Reno 5 Lite Cph2205 / Oppo A93 4G Cph2121 / OPPO A94 4G Cph2203,,,11002,80
6720175964235,Moto Compatible,Centro Carga Moto E40 XT2169 / E20 XT2155-5 / Moto E30 XT2159-3,,,11001,60
6720175833163,Moto Compatible,Display Moto G Stylus 5G 2023 IPS XT2315,,,11000,385
6720175177803,Samsung Compatible,Flex Interconexion Main Samsung Note 10 Lite Sm-N770F,,,10999,50
6718796922955,Xiaomi Compatible,Centro Carga Xiaomi Redmi Note 10 5G M2103K19G,,,10997,60
6718795972683,Huawei Compatible,Lente Camara Huawei Honor 8X Jsn-L21  Jsn-L22  Jsn-L23  Jsn-L21  Jsn-L42  Jsn-Lx1  Jsn-Lx2  Jsn-Lx3,,JSN-L21 | JSN-L22 | JSN-L23 | JSN-L21 | JSN-L42 | JSN-LX1 | JSN-LX2 | JSN-LX3 | RECOMENDACIONES,10996,80
6718086217803,ZTE Compatible,Tapa Trasera Zte Blade V2020,,,10993,130
6718083006539,Samsung Compatible,Tapa Trasera Samsung A70 Sm-A705Mn,,,10992,60
6718077468747,OPPO Compatible,Tapa Trasera Oppo A9 2020 Cph1941 Global,,,10990,50
6718075830347,OPPO Compatible,Tapa Trasera Oppo A54 Cph2239,,,10976,70
6718073077835,OPPO Compatible,Tapa Trasera Oppo A15 / Realme C15 Cph2185 azul,,,10897,70
6718043488331,FixOEM:Refacción Celular+Gaming,Tapa Trasera Oneplus Nord N100  Be2011,,,10631,120
6718041849931,Moto Compatible,Tapa Trasera Moto One Vision Xt1970-2,,,10526,100
6718041096267,Moto Compatible,Tapa Trasera Moto One Hyper Xt2027-1,,,10525,80
6718037753931,Moto Compatible,Tapa Trasera Moto G8 Power Lite  Xt2055-2,,,10434,100
6718031921227,Moto Compatible,Tapa Trasera Moto G5 Plus Xt1863 -84 -86 -87,,,10049,60
6717951475787,OPPO Compatible,Flex Encendido Oppo A5 2020 / Oppo A9 2020 / Oppo A11 Pcht30 Cph1931 Cph1933 Cph1941 Cph1937 Cph1939,,,10982,60
6717951279179,Huawei Compatible,Flex Encendido Huawei Y8S Jkm-Lx1/Jkm-Lx2/Jkm-Lx3,,JKM-LX1 | JKM-LX2 | JKM-LX3 | RECOMENDACIONES,10985,60
6717950722123,Huawei Compatible,"Display Huawei Nova 9 Con Huella Oled Nam-Lx9, NAM-AL00",,,10987,825
6716047229003,Xiaomi Compatible,Cargador Sujetador Carro Xiaomi Inalambrico,,,5080,640
6715371749451,Samsung Compatible,Flex Sensor Huella Samsung A30S Negro Sm-A307G,,,10970,120
6715116060747,Iphone Compatible,Tapa Trasera Iphone 11 Pro Max A2218 A2220 A2161 (Big Hole),,,10977,90
6715107835979,Samsung Compatible,Tapa Trasera Samsung Note 10 Plus Sm-N975F,,,10974,100
6715102888011,Moto Compatible,Tapa Trasera Moto G5 Xt1671,,,10973,110
6714075349067,Samsung Compatible,Tapa Trasera Samsung S7 Edge Sm-G985F,,,10961,80
6714074529867,Samsung Compatible,Tapa Trasera Samsung S20 Ultra  Sm-G988B,,,10968,110
6714073022539,Samsung Compatible,Tapa Trasera Samsung A8 2018  Sm-A530F,,,10960,70
6714072662091,Samsung Compatible,Tapa Trasera Samsung S20 Plus Sm-G985F,,,10966,110
6714071744587,Moto Compatible,Tapa Trasera Moto Z3 Play Xt1929  Xt1929-1,,,10965,90
6714071089227,Huawei Compatible,Tapa Trasera Huawei Original Nova 5T Yal-L21,,,10958,100
6714068893771,OPPO Compatible,Lente Camara Oppo A53 Cph2127 / a53s / a32,,,10948,50
6714067877963,Xiaomi Compatible,Lente Camara Xiaomi Redmi 9A / 9C M2006C3Li  M2006C3Lg,,,10946,50
6714067255371,Xiaomi Compatible,Lente Camara Xiaomi Mi Poco X3 Poco X3 Pro M2007J20Cg  M2102J20Sg,,,10947,50
6714066927691,Samsung Compatible,Lente Camara Samsung S21 Ultra Sm-G998B  Sm-G998U1,,,10944,80
6714066501707,Samsung Compatible,Lente Camara Samsung S20 Fe Plata Sm-G780F  Sm-G780G,,,10943,50
6714066206795,Moto Compatible,Lente Camara Moto One Fusion Azul Xt2073-2,,,10949,50
6714065944651,Moto Compatible,Lente Camara Moto E7 Plus Xt2081-1 Xt2081-2,,,10942,50
6714065715275,Moto Compatible,Lente Camara Moto E6 Plus Xt2025-2 Xt2025-1,,,10954,60
6714065453131,Iphone Compatible,Lente Camara Iphone 12/ Iphone 12 Pro/ Iphone 12 Pro Max,,,10956,50
6714065322059,Huawei Compatible,Lente Camara Huawei Y9 Prime 2019 ‎Jkm-Lx3,,,10955,50
6714064732235,Samsung Compatible,Flex Encendido Samsung A10S Sm-A107M  Sm-A107F,,,10953,50
6714064633931,Samsung Compatible,Charola Sim Samsung A71 Negro Sm-A715F,,,10951,50
6714063650891,Samsung Compatible,Charola Sim Samsung A51 Negro Sm-A515F,,,10950,50
6714062897227,Samsung Compatible,Charola Sim Samsung A02 A022,,,10964,50
6714062209099,Iphone Compatible,Auricular Iphone X/ Xr/ Xs/ Xs Max + Face ID,,,10938,150
6713526812747,Samsung Compatible,Display Samsung A03 core Sm-A032 Ips,,,10937,155
6713094111307,Huawei Compatible,Lector Huella Huawei P30 Lite Negro Mar-Lx1M,,,10872,110
6713093685323,Huawei Compatible,Vibrador Huawei P Smart 2019 Pot-Lx3  Pot-Lx1,,,10934,40
6712728879179,Moto Compatible,Display Moto E 2020 Ips Xt2052 / 1 / 2 / 5,,,10270,180
6710622257227,Huawei Compatible,Display Huawei Nova 8I / Honor 50 Lite / X20 IPS Nen-Lx3 Ntn-Lx3,,,10597,200
6691684548683,Xiaomi Compatible,Touch Alcatel 3T 10’ 8094,,,9717,200
6708842594379,FixOEM: Refaccion Celular / Gaming,Tapa Trasera Samasung A7 2018 A750F,,,10912,100
6708842266699,Moto Compatible,Tapa Trasera Moto X4 Xt1900,,,10925,100
6708841578571,Moto Compatible,Tapa Trasera Moto G9 Plus  Xt2091-4,,,10917,110
6708841316427,Moto Compatible,Tapa Trasera Moto E7 Plus Xt2081-1 / G9 Play,,,10921,100
6708841054283,Moto Compatible,Tapa Trasera Moto E6 Play Xt2029-1,,,10920,70
6708840497227,FixOEM: Refaccion Celular / Gaming,Display Hisense Rocks 6 IPSHlte226E.,,,10932,185
6708836008011,Samsung Compatible,Charola Sim Samsung Galaxy A60 Azul Sm-A605,,,10928,40
6708815757387,Samsung Compatible,Tapa Trasera Samsung S10 Plus Sm-G975F,,,10911,100
6708812054603,Samsung Compatible,Tapa Trasera Samsung Note 8 Sm-N950F,,,10916,100
6708802158667,Samsung Compatible,Tapa Trasera Samsung A32 5G Sm-A326u,,,10913,70
6708792623179,Samsung Compatible,Tapa Trasera Samsung A32 4G Sm-A325M,,,10915,70
6708790853707,Samsung Compatible,Tapa Trasera Samsung A30S Sm-A307G Sm-A307Fn,,,10914,60
6708790263883,Samsung Compatible,Tapa Trasera Samsung A22 4G Sm-A225M Sm-A225F,,,10922,70
6708788822091,Samsung Compatible,Tapa Trasera Samsung A21S Sm-A217M Sm-A217F,,,10919,50
6707533676619,Samsung Compatible,Touch Para Samsung Galaxy Tab A 2019 Sm-T290,,,10909,140
6707533643851,Huawei Compatible,Tapa Trasera Huawei Y6 2019 Mrd-Lx3,,,10528,80
6707533381707,Samsung Compatible,Tapa Trasera Samsung A10 Sm-A105M,,,10529,50
6707533348939,OPPO Compatible,Tapa Trasera Oppo Reno 5 Lite Cph2205,,,10851,90
6707533316171,OPPO Compatible,Tapa Trasera Oppo A72 5G PDYM20 PDYT20,,,10852,50
6707533250635,OPPO Compatible,Tapa Trasera Oppo A53 Cph2127,,,10846,70
6707533217867,FixOEM: Refaccion Celular / Gaming,Tapa Trasera Nokia 7.1 Plus Ta-1096,,,10853,50
6707533185099,Moto Compatible,Tapa Trasera Moto G8 Plus Xt2019-2,,,10838,70
6707533152331,Moto Compatible,Tapa Trasera Moto G8 Play Xt2019-2,,,10850,60
6707533119563,Moto Compatible,Tapa Trasera Moto E5 Play 2018 Xt1920-19,,,10845,100
6707533021259,Iphone Compatible,"Tapa Trasera Iphone Xs Max A1921, A2101, A2102, A2104 (Big Hole)",,,10848,40
6707532955723,Huawei Compatible,Tapa Trasera Huawei Y5 2019  Amn-Lx3,,,10739,80
6707532922955,FixOEM Herramientas,Pinzeta Antiestatica Jack-Q ESD,,,10338,50
6707532791883,Xiaomi Compatible,Display Xiaomi Redmi Note 10S / Redmi Note 10 4G / Poco M5s M2101k7 / 2207117bpg,,,10905,180
6707532726347,Huawei Compatible,Display Huawei Nova Y60 IPS Wkg-Lx9.,,,10908,500
6707532693579,Moto Compatible,Display Moto G50 5G IPS Xt2149,,,10902,165
6707532660811,Huawei Compatible,Display Huawei P40 / P40 Leica C/Huella Ana-Lx4 Ana-NX9 Oled,,,10901,3240
6707532595275,FixOEM: Refaccion Celular / Gaming,Centro Carga Honor 50 Lite Ntn-Lx3 / honor 8i.,,,10910,100
6707532562507,Iphone Compatible,Auricular Iphone Xs Max A1921 A2101 A2102,,A1921 | A2101 | A2102 | RECOMENDACIONES,10900,50
6707515293771,Huawei Compatible,Tapa Trasera Huawei P20  Eml-L09,,,10521,60
6695729004619,Samsung Compatible,Tapa Trasera Samsung S21 Ultra Sm-G998B SM-G998U1,,,9583,120
6706351472715,Xiaomi Compatible,Tapa Trasera Xiaomi Redmi Note 9S / Note 9 Pro M2003J6A1G,,,2628,110
6706350981195,Huawei Compatible,Tapa Trasera Huawei Y9A Fri-L23,,,10455,120
6706349867083,Huawei Compatible,Tapa Trasera Huawei P40 Ana-Lx4,,,10116,130
6706349473867,Huawei Compatible,Tapa Trasera Huawei P20 Pro Clt-L04,,,10495,100
6706348982347,Huawei Compatible,Tapa Trasera Huawei Mate 20 Pro Lya-L09,,,10400,100
6706342625355,Huawei Compatible,Tapa Trasera Huawei Mate 20 Hma-L09,,,10311,100
6706341478475,FixOEM: Refaccion Celular / Gaming,Tapa Trasera Honor 8X Jsn-L23,,,10523,90
6706340495435,Samsung Compatible,Glass Samsung Note 9 Sm-N9600,,,10407,60
6706339971147,Samsung Compatible,Glass Samsung Note 8 Sm-n950fd Oca,,,10448,60
6706339512395,FixOEM: Refaccion Celular / Gaming,Tapa Trasera Honor 10 Lite  Hry-Lx2,,,10524,20
6706314084427,ZTE Compatible,Display Zte Blade V20 Smart 8010 / V30 Vita 8030 / Nubia N80 / V2020 Smart IPS,,,10320,190
6706313723979,Samsung Compatible,Centro Carga Samsung A22 4G Sm-A225M-N.,,,10267,50
6706313625675,Samsung Compatible,Centro Carga Samsung A03S Sm-A037M.,,,10268,50
6706313265227,Huawei Compatible,Centro Carga Huawei P40 Pro Els-N04.,,,10269,50
6704719757387,RELIFE,Palita Espatulas Uñas Metalicas 4Pz Rl-049 Relife,,,10895,50
6703413002315,SUNSHINE,Punta Cautin Serie T12 Curva Ot-Bjs,,,10884,130
6703412805707,MECHANIC,Caja Arranque Con Control Digital Iboot Box Qc008,,,10883,1200
6703412772939,Huawei Compatible,Bisel Huawei P Smart 2019 Pot-Lx3,,,10887,70
6703412707403,Huawei Compatible,Bisel Huawei P30 Pro Vog-L04,,,10886,100
6703412674635,FixOEM: Refaccion Celular / Gaming,Flex Oem General Mobile Gm8 Nt-29817,,,10836,50
6703412609099,MIJING,Dispensador Atomizador Rosin,,,5570,60
6703412543563,FixOEM: Refaccion Celular / Gaming,Bateria Hisense H40 Lite Hlte230E / E40 Hlte229E / v40 / v40i / v40s LPN385400A,,,10889,210
6697305178187,Xiaomi Compatible,Tapa Trasera Xiaomi Redmi Note 8 M1908C3Jh  M1908C3JG  M1908C3JI,,,10878,100
6697303670859,Xiaomi Compatible,Tapa Trasera Xiaomi Redmi Note 9 M2003J15Ss,,,10874,100
6697297805387,FixOEM: Refaccion Celular / Gaming,Display Hisense E50 Lite IPS Hlte228E.*,,,10906,500
6696405991499,Moto Compatible,Display Moto Edge 20 Xt2143 / Edge 20 Pro Xt2153 / edge X30 OLED,,,10869,2460
6696300052555,FixOEM Herramientas,Mango Maneral Bisturi Para Navaja A4,,,10857,110
6696004091979,OPPO Compatible,Flex Interconexion Oppo A93 4G Cph2123,,,10868,50
6696003993675,ZTE Compatible,Flex Encendido Zte Blade A51 P963F60 / A31 2021,,,10867,50
6696003829835,OPPO Compatible,Display Oppo Reno 6 5G Ips  Cph2251.,,,10866,190
6696003698763,OPPO Compatible,Display Oppo A16 Cph2271 / A16s / A54s / A56 / A56 5G Cph2269 IPS,,,10865,155
6696003174475,Iphone Compatible,Charola Sim Iphone 13 Pro / 13 Pro Max Negro A2342,,,10863,50
6691684941899,FixOEM: Refaccionaria Celular,"Touch Alcatel 1t 10"" 8092",,,10662,200
6691684909131,FixOEM: Refaccionaria Celular,Touch Alcatel Pixi 4 4.0 4034,,,10645,100
6691684876363,Samsung Compatible,Tapa Trasera Samsung A71 Sm-A715F,,,885,60
6691684843595,Huawei Compatible,Tapa Trasera Huawei Mate 10 Alp-L09,,,10835,110
6691684810827,Iphone Compatible,Lente Camara Iphone 13 Pro Max / 13 Pro A2636 A2641,,,10822,50
6691684778059,Huawei Compatible,Flex Interconexion Huawei Y8S Jkm-Lx3S,,,10819,40
6691684745291,Moto Compatible,Flex Huella Moto G7 Power Xt1955-2,,,10821,140
6691684712523,Huawei Compatible,Flex Huella Huawei Y9A Frl-L23,,,10820,120
6691684679755,ZTE Compatible,Flex Encendido Zte Blade A7 2019 P963F02,,,5198,30
6691684646987,ZTE Compatible,Flex Encendido Zte A3 2020 P932F50,,,9762,30
6691684417611,FixOEM: Refaccionaria Celular,Charola Sim Sony Xa1 Ultra G3223,,,10817,50
6691684319307,Moto Compatible,Pin Carga Moto G5 Plus Xt1681.,,,10664,5
6691684286539,Iphone Compatible,Camara Frontal Iphone Xs Max A1921,,,10815,530
6690241380427,ZTE Compatible,Bateria Zte V30 Vita / V20 Smart / V2020 Smart/ V20 / A52 / V20 Ultra Li3949T44P8H906450.,,,10842,180
6690241019979,Iphone Compatible,Bateria Apple Watch Serie 3 42mm A1875.,,,10841,110
6690240659531,FixOEM: Refaccion Celular / Gaming,Bateria Alcatel 1B 2020 / Ot5002 / TLi028C7 / TLi028C1,,,10840,140
6689887092811,Samsung Compatible,Display Samsung A22 4G Con Marco Ips Sm-A225F  Sm-A225M.,,,10238,205
6684307193931,Huawei Compatible,Bateria Huawei P40 Lite Jny-Lx2 /Mate 30 / Huawei Nova 6 Se Tas-Al00 Hb486586Ecw.,,,10827,170
6685718511691,Samsung Compatible,Charola Sim Samsung A01 Core Negro Sm-A013M,,,10806,50
6685703667787,Huawei Compatible,Charola Sim Huawei Nova 3 Negro Par-Lx9,,,10801,50
6685696819275,Moto Compatible,Charola Sim Moto E6 Plus Azul Xt2025-1,,,10802,50
6685678272587,Huawei Compatible,Lente Camara Huawei Y7A Ppa-Lx3,,,10814,50
6685677518923,Moto Compatible,Flex Sim Moto G6 Play Xt1922-4,,,10813,20
6685677256779,Moto Compatible,Flex Interconexion Moto G8 Play Xt2015-2,,,10812,60
6685677125707,Huawei Compatible,Flex Interconexion Huawei Mate 20 Pro,,,10811,30
6685676666955,Iphone Compatible,"Flex Home + Boton Iphone 6/6 Plus A1549, A1586, A1522",,,10810,50
6685676273739,FixOEM: Refaccion Celular / Gaming,Flex Encendido Sony Xa2 Ultra,,,10809,50
6685675946059,Samsung Compatible,Flex Encendido Samsung S20 / S20 Plus,,,10808,50
6685675552843,FixOEM: Refaccion Celular / Gaming,Flex Encendido Alcatel 5025,,,10807,50
6685674995787,QIANLI,Espatula Uña Metalica Ultradelgada.,,,9536,80
6685674831947,Moto Compatible,Charola Sim Moto One Vision Negro,,,10805,50
6685674438731,Moto Compatible,Camara Frontal Moto E5,,,10799,100
6685673947211,Samsung Compatible,Altavoz Buzzer Samsung J4 J400F /J4 Plus J415G / J6 J600F /J8 J810F,,,10798,50
6685673783371,Moto Compatible,Altavoz Buzzer Moto G8 Xt2045,,,10797,50
6685673521227,Moto Compatible,Altavoz Buzzer Moto G7 Plus Xt1965,,,10796,50
6685673226315,Huawei Compatible,Altavoz Huawei P Smart Fig-Lx3  Fig-L23  Huawei Figo,,,10795,60
6684312502347,FixOEM: Refaccion Celular / Gaming,Bateria Lg K22 / K22 Plus LM-K200QM0 LMK200HMW LMK200HAW Bl-Mo3.,,,10834,160
6684312305739,Xiaomi Compatible,Bateria Xiaomi Poco X3 / Poco X3 Pro M2007J20Cg M2102J20Sg Bn57,,,10833,170
6684311814219,Xiaomi Compatible,Bateria Xiaomi Redmi 9T / Poco M3 M2010J19Cg M2010J19Sg M2010J19Ci Bn62.,,,10832,185
6684310601803,Moto Compatible,Bateria Moto One Fusion Plus Xt2067-1 Lg50.,,,10831,180
6684308144203,Moto Compatible,Bateria Moto Edge Xt2063-3 Lr50.,,,10830,200
6684307849291,ZTE Compatible,Bateria Zte A51 / A5 2020 / V10 / V9/ V9 Vita / V10 Vita Li3931T44P8H806139,,,10829,160
6684307554379,FixOEM: Refaccion Celular / Gaming,Bateria Hisense H30 Lite Hlt223E / F19 Hlte223E-40 Lpw38300H.,,,10828,130
6684306866251,Samsung Compatible,Bateria Samsung A01 Sm-A015M / A02 Core Sm-A022M Ql1695,,,10826,140
6684306702411,Samsung Compatible,Bateria Samsung Note Edge Sm-N915F  Sm-N915A  Eb-Bn915Bbu.,,,10825,130
6684066447435,FixOEM: Refaccion Celular / Gaming,Charola Sim Alcatel 3C 5026 Negro,,,10824,50
6683297775691,FixOEM Herramientas,Repuesto Raspador Navaja Espatula Vitro 5Pz.,,,10794,40
6683297742923,FixOEM Herramientas,Pegamento Uv Loca 50G Tp-2500F,,,10793,190
6683297611851,Samsung Compatible,Tapa Trasera Samsung A80 Sm-A805F,,,10785,80
6683297513547,Xiaomi Compatible,Charola Sim Xiaomi Redmi Note 8 Azul,,,10779,30
6683297480779,OPPO Compatible,Charola Sim Oppo A72/A92 Violeta,,,10778,50
6683297448011,OPPO Compatible,Charola Sim Oppo A15,,,10776,50
6683297415243,OPPO Compatible,Charola Sim Oppo A12,,,10774,50
6683297382475,Xiaomi Compatible,Boton Fisico Xiaomi Redmi Note 10,,,10772,60
6683297349707,Xiaomi Compatible,Boton Fisico Xiaomi Redmi Note 8 Pro Plata,,,10771,50
6683297316939,Xiaomi Compatible,Boton Fisico Xiaomi Redmi Note 8 Plata,,,10770,50
6683297284171,Xiaomi Compatible,Boton Fisico Xiaomi Redmi Note 9A,,,10769,60
6683297251403,Xiaomi Compatible,Boton Fisico Xiaomi Redmi Note 9C Negro,,,10767,30
6683297218635,Moto Compatible,Boton Fisico Moto G8 Plus Negro,,,10766,50
6682875854923,Iphone Compatible,Tapa Trasera Iphone 8 Plus A1864  A1897 (Big Hole),,,10765,50
6681120440395,FixOEM: Refaccion Celular / Gaming,Pin Carga Tableta Generica,,,10762,5
6681120112715,FixOEM Herramientas,Bisturi Raspador Espatula Relife Navaja,,,10761,50
6681119981643,Xiaomi Compatible,Centro Carga Xiaomi Redmi 9A / Redmi 9C / redmi 10a,,,10760,50
6681119785035,Huawei Compatible,Altavoz Huawei Nova 3Par-Al00  Par-Lx1  Par-Lx9,,,10759,60
6681119424587,Moto Compatible,Flex Encendido Moto Edge XT2063,,,10758,60
6681119260747,Moto Compatible,Flex Encendido Moto E7 Xt2095,,,10757,40
6681118113867,Moto Compatible,Flex Encendido Moto E6S 2020 / E6i,,,10756,40
6681116180555,Xiaomi Compatible,Centro Carga Moto G100 Xt2125,,,10755,110
6681115263051,Xiaomi Compatible,Centro Carga Xiaomi Redmi Note 10 Pro,,,10754,60
6681115230283,ZTE Compatible,Centro Carga Zte A71,,,10753,90
6681114705995,Xiaomi Compatible,Centro Carga Xiaomi Poco M3 / Xiaomi Redmi 9T M2010J19Cg M2010J19Sg M2010J19Ci,,,10752,50
6681114607691,Samsung Compatible,Centro Carga Samsung Note 10 Lite N770,,,10751,120
6681114476619,Samsung Compatible,Centro Carga Samsung A32 4G A325,,,10750,50
6681114280011,Xiaomi Compatible,Centro Carga Xiaomi M11.,,,10749,50
6681021415499,FixOEM: Refaccion Celular / Gaming,Caja Almacenar Organizador Tornillos,,,9823,50
6680632295499,YIHUA,Fuente Regulable Yaogong 305D 30V 5A,,,10747,1700
6678886940747,FixOEM: Refaccion Celular / Gaming,Brocha ESD Cepillo Antiestatico PCB Para Limpieza Electronicos,,,7938,110
6678886875211,FixOEM: Refaccion Celular / Gaming,Cable Usb a tipo V8 1Hora Cab236 1M,,,9340,40
6678886776907,FixOEM: Refaccion Celular / Gaming,Cable Usb a Tipo Lighting 2.1A 1M 1Hora Cab238,,,9341,30
6678886744139,FixOEM: Refaccion Celular / Gaming,Bateria Lg Stylo 6 Lm-Q730Mm Bl-T48.,,,9258,130
6677811494987,FixOEM: Refaccion Celular / Gaming,Gaming Mouse Optical Rgb,,,10746,150
6677811331147,FixOEM: Refaccion Celular / Gaming,Hub Multipuerto Tipo C 3 Puertos + Lan Adaptador,,,10738,230
6677811232843,FixOEM: Refaccion Celular / Gaming,Neon Flex Led Manguera 5 Metros Con Fuente Alimentación,,,10732,160
6677811134539,FixOEM: Refaccion Celular / Gaming,Mini Organizador Divisor Acrilico 9 Espacios,,,10728,60
6677810970699,FixOEM: Refaccion Celular / Gaming,Audifonos Orejas De Gato Bluetooth Led Diadema,,,10721,160
6677810872395,Samsung Compatible,Touch Samsung A01F A01M Con Oca,,,10718,60
6677810839627,Moto Compatible,Touch Moto E6 Plus Con Oca,,,10717,110
6677810774091,Huawei Compatible,Touch Huawei Y7 2019 Con Oca,,,10716,100
6677810741323,Huawei Compatible,Touch Huawei Y6 2019/ Huawei Honor 8A Con Oca,,,10715,140
6677810708555,Huawei Compatible,Touch Huawei Y5 2017 Con Oca,,,10714,110
6677810675787,Huawei Compatible,Touch Huawei P8 Lite 2017 Con Oca,,,10713,110
6677810643019,Huawei Compatible,Touch Huawei Mate 10 Lite Con Oca,,,10712,100
6677810610251,Xiaomi Compatible,Glass Xiaomi Redmi Note 9 M2003J15SC M2003J15SG Oca,,,10711,60
6677810577483,Xiaomi Compatible,Glass  Xiaomi Redmi 9T / Poco M3 M2010J19Cg M2010J19Sg M2010J19Ci + OCA,,,10710,60
6677810544715,Xiaomi Compatible,Glass Xiaomi Redmi Note 9 Pro / Note 9S,,,10709,60
6677810511947,Samsung Compatible,Glass Samsung A31 Sm-a315f Sm-a315g,,,10708,60
6677810479179,Samsung Compatible,Glass Samsung A80 Sm-a805f Oca,,,10707,60
6677810446411,Samsung Compatible,Glass Samsung M20 Sm-m205f Oca,,,10706,60
6677810413643,Samsung Compatible,Glass Samsung A20S,,,10705,60
6677810380875,Samsung Compatible,Glass Samsung A30 / A50 / A50S Sm-a305f Sm-a305g Sm-a505f Sm-a505g Sm-a507fn,,,10704,60
6677810315339,Moto Compatible,Glass Moto One Macro Xt2016-1 Xt2016-2 Oca,,,10703,60
6677810282571,Moto Compatible,Glass Moto E7 Plus Xt2081-1 Xt2081-2 / G9 Play Xt2083-1 Xt2083-3,,,10702,60
6677810249803,Huawei Compatible,Glass Huawei Y9s / Y9 Prime 2019 / Honor 9X,,,10701,60
6677810217035,Huawei Compatible,Glass Huawei Y6P 2020 Honor 9A Med-lx9 Med-lx9n Moa-lx9n Oca,,,10700,60
6677810184267,Huawei Compatible,Glass Huawei P40 Lite Oca,,,10699,60
6677810085963,Xiaomi Compatible,Tapa Trasera Xiaomi Redmi 9C M2006C3MG M2006C3MT,,,10696,90
6677810053195,Xiaomi Compatible,Tapa Trasera Xiaomi Redmi 9A M2006C3LG M2006C3LI M2006C3LC M2004C3L,,,10693,80
6677810020427,Xiaomi Compatible,Tapa Trasera Xiaomi Redmi Note 8 Pro M1906G7G,,,10691,110
6677809954891,Xiaomi Compatible,Tapa Trasera Xiaomi Redmi Note 7 M1901F7G M1901F7H M1901F7I,,,10690,90
6677809922123,Xiaomi Compatible,Tapa Trasera Xiaomi Mi 9T M1903F10G,,,10688,100
6677809856587,Xiaomi Compatible,Tapa Trasera Xiaomi Mi A3 M1906F9SH  M1906F9SI,,,10686,80
6677809823819,FixOEM: Refaccion Celular / Gaming,Tapa Trasera Lg G6 H871,,,10683,100
6677809791051,Moto Compatible,Tapa Trasera Moto One Zoom XT2010-1,,,10682,140
6677809758283,Moto Compatible,Tapa Trasera Moto One Fusion Plus XT2067,,,10681,100
6677809692747,Moto Compatible,Tapa Trasera Moto One Macro  XT2016,,,10679,90
6677809659979,FixOEM Herramientas,Repuesto Navaja Cuchilla Maquina Cortadora Hidrogel Universal,,,10678,140
6677809594443,Iphone Compatible,Tapa Trasera Iphone 13 Pro Max A2641 A2643 A2644  A2645 A2484 (Big Hole),,,10673,90
6677809561675,Iphone Compatible,Tapa Trasera Iphone 13 A2631  A2633  A2634  A2635  A2482 (Big Hole),,,10670,50
6677809528907,Iphone Compatible,Tapa Trasera Iphone 12 Mini A2176 A2398 A2399 A2400,,,10668,50
6677809365067,MECHANIC,Refrescador De Punta Cautin Mechanic S6,,,10661,240
6677809332299,MECHANIC,Multimetro Inteligente V90E Mechanic,,,10660,1120
6677809299531,QIANLI,Holder Plataforma Reballing Qianli 6 En 1 Iphone X Xs Xs Max 11 11 Pro Max 11 Pro,,,10659,880
6677117960267,OPPO Compatible,Display Oppo A54 Cph2239 / A72 version 00 / A55 4G / A53 2020 4g Cph2127 / Oneplus nord N100 / Realme 7I (Rmx2101/Rmx2103) / C17 Ips,,,10663,155
6676211499083,FixOEM: Refaccionaria Celular,Hub Multipuerto Usb 3.0/3.1 3 Puertos + Lector Sd,,,10654,270
6674383470667,FixOEM Herramientas,Frasco Alcohol C/Tapa,,,9694,30
6674972934219,FixOEM Herramientas,Soldadura Estaño Pasta Mechanic Xg60,,,10656,1160
6674968870987,FixOEM: Refaccionaria Celular,Antena Wifi Receptor Usb,,,10655,100
6674968772683,FixOEM: Refaccionaria Celular,Tv Box Convertidor Smart Tv,,,10652,630
6674968739915,Samsung Compatible,Glass Samsung J8 Plus Sm-j805g Oca,,,10650,60
6674968707147,Samsung Compatible,Glass Samsung A8 2018 A530F,,,10649,60
6674968641611,Samsung Compatible,Glass Samsung A70 Sm-a705f Sm-a705mn Oca,,,10648,60
6674968608843,Samsung Compatible,Glass Samsung A32 4G Sm-a325f Sm-a325m Oca,,,10647,60
6674968576075,Samsung Compatible,Glass Samsung A20 Sm-a205f Sm-a205g,,,10646,50
6674968543307,Samsung Compatible,Glass Samsung A11 Sm-a115f Sm-a115m Oca,,,10651,60
6674968510539,Samsung Compatible,Glass Samsung A10 / M10 Sm-a105f Sm-a105m Sm-m105g Sm-m105m,,,10644,60
6674968445003,Samsung Compatible,Glass Samsung A02 / A02s / A12 / A32 5G a022 a025 a125a127 a326,,,10643,60
6674968412235,Moto Compatible,Glass Moto One Xt1941-3 Xt1941-5,,,10642,60
6674968379467,Moto Compatible,Glass Moto G8 Plus XT2019-1 XT2019-2,,,10641,60
6674968346699,Moto Compatible,Glass Moto G8 Play Xt2015-2,,,10640,60
6674968313931,Moto Compatible,Glass Moto E6I / E6S Xt2053-5 Xt2053-1 Xt2053-2 Oca,,,10639,60
6674968248395,FixOEM: Refaccionaria Celular,Glass Lg Q6 Prime Lg-m700f Lg-m700h Oca,,,10638,60
6674968182859,Iphone Compatible,Glass Iphone 12 Pro A2341 A2406 A2407 A2408 Oca,,,10636,60
6674968117323,Iphone Compatible,Glass Iphone 12 A2172 A2402 A2403 A2404 Oca,,,10635,60
6674967953483,Huawei Compatible,Glass Huawei P10 Lite Was-lx1 Was-lx2 Was-lx3 Was-lx1a Was-lX2j Was-l03t Was-al00 Was-tl10,,,10632,60
6674263801931,Huawei Compatible,Charola Sim Huawei Y9 2018 Negro,,,10507,50
6674273861707,Huawei Compatible,Tapa Trasera Huawei Y6S Jat-LX3  Jat-L29  Jat-LX1  Jat-L41,,,10612,120
6674272550987,FixOEM: Refaccionaria Celular,Hub Multipuerto adaptador Tipo C A Usb A Hdmi,,,10549,200
6674270355531,Samsung Compatible,Display Samsung S20 Ultra Original Super Amoled SM-G988B,,,10491,4350
6674270224459,Samsung Compatible,Display Samsung Note 20 Ultra Super Amoled  SM-N770,,,10487,5450
6674268323915,Samsung Compatible,Display Samsung Note 10 Lite SM-N770,,,10490,820
6674266685515,Moto Compatible,Display Moto G Play 2021 / E7 Plus Americano IPS Xt2093-3 Xt2093-6 Xt2093-7 Xt2093Dl.,,,10489,170
6672368631883,Samsung Compatible,Charola Sim Samsung A30S,,,10572,50
6672359751755,Huawei Compatible,Lente Camara Huawei Nova 5T YAL L21,,,10593,50
6672357064779,Samsung Compatible,Touch Samsung Tab T113,,,10629,100
6672351690827,FixOEM: Refaccionaria Celular,Touch Alcatel 1 2019 5033,,,10627,110
6672351658059,Samsung Compatible,Tapa Trasera Samsung Note 9 Sm-n9600,,,10626,100
6672351625291,Samsung Compatible,Tapa Trasera Samsung Note 20 Sm-N980F,,,10625,80
6672351592523,Samsung Compatible,Tapa Trasera Samsung Note 10 Sm-N970F,,,10624,100
6672351559755,Samsung Compatible,Tapa Trasera Samsung Note 10 Lite Sm-N770F,,,10623,90
6672351526987,Samsung Compatible,Tapa Trasera Samsung J4 Plus Sm-J415F,,,10622,70
6672351461451,Samsung Compatible,Tapa Trasera Samsung A20S Sm-A207F,,,10620,70
6672351395915,Samsung Compatible,Tapa Trasera Samsung A20 Sm-A205G,,,10619,70
6672351199307,Moto Compatible,Tapa Trasera Moto E5 XT1944,,,10615,90
6672351166539,Huawei Compatible,Tapa Trasera Huawei Y8S Jkm-LX1  Jkm-LX2  Jkm-LX3,,,10614,70
6672351133771,Huawei Compatible,Tapa Trasera Huawei Original P smart 2021 PPA-LX3 / Y7A-PPA-LX2 Negro,,,10613,90
6672350904395,Samsung Compatible,Lente Camara Samsung Note 10 Negro,,,10604,60
6672350871627,Samsung Compatible,Lente Camara Samsung A21S Negro,,,10603,50
6672350806091,Moto Compatible,Lente Camara Moto G7 Xt1962,,,10601,60
6672350675019,Moto Compatible,Lente Camara Moto G5 Plus,,,10599,90
6672350642251,Moto Compatible,Lente Camara Moto G5,,,10598,80
6672350478411,Huawei Compatible,Lente Camara Huawei Y6P 2020,,,10596,60
6672350445643,Huawei Compatible,Lente Camara Huawei P30,,,10595,60
6672350314571,Huawei Compatible,Lente Camara Huawei Mate 20,,,10592,60
6672350281803,Xiaomi Compatible,Charola Sim Xiaomi Redmi Note 5A Negro,,,10591,50
6672350249035,Xiaomi Compatible,Charola Sim Xiaomi Redmi 9A 9C,,,10590,50
6672350216267,Samsung Compatible,Charola Sim Samsung S9 Plus Negro,,,10589,40
6672350183499,Samsung Compatible,Charola Sim Samsung S9 Negro,,,10588,50
6672350150731,Samsung Compatible,Charola Sim Samsung S8 / S8 Plus Negro,,,10587,50
6672350117963,Samsung Compatible,Charola Sim Samsung S7 Edge,,,10586,30
6672350085195,Samsung Compatible,Charola Sim Samsung S10 / S10 Plus / S10E Azul,,,10585,50
6672350052427,Samsung Compatible,Charola Sim Samsung Note 9 Negro,,,10584,40
6672350019659,Samsung Compatible,Charola Sim Samsung J8 Negro,,,10583,50
6672349986891,Samsung Compatible,Charola Sim Samsung J6 Negro j610,,,10582,50
6672349954123,Samsung Compatible,Charola Sim Samsung A8 Plus Negro,,,10581,50
6672349921355,Samsung Compatible,Charola Sim Samsung A8 2018 Negro,,,10580,50
6672349855819,Samsung Compatible,Charola Sim Samsung A6 Plus Negro,,,10579,50
6672349790283,Samsung Compatible,Charola Sim Samsung A50S Negro,,,10578,50
6672349397067,Samsung Compatible,Charola Sim Samsung A20S Negro,,,10571,50
6672349298763,Samsung Compatible,Charola Sim Samsung A10 Negro,,,10569,50
6672349233227,Samsung Compatible,Charola Sim Samsung A01,,,10568,50
6672349167691,Moto Compatible,Charola Sim Moto One Negro Xt1941-4,,,10567,50
6672349102155,Moto Compatible,Charola Sim Moto G8 Plus Negro,,,10566,50
6672349036619,Moto Compatible,Charola Sim Moto G8 Play,,,10565,50
6672348971083,Iphone Compatible,Charola Sim Iphone X Plata,,,10564,50
6672348905547,Iphone Compatible,Charola Sim Iphone 7G Plus Negro,,,10563,20
6672348840011,Iphone Compatible,Charola Sim Iphone 7G Negro,,,10562,40
6672348807243,Iphone Compatible,Charola Sim Iphone 6G Gris,,,10561,50
6672348774475,Iphone Compatible,Charola Sim Iphone 11 Pro / 11 Pro Max Negro,,,10560,50
6672348708939,Iphone Compatible,Charola Sim Iphone 11 Negro,,,10559,50
6672348676171,Huawei Compatible,Charola Sim Huawei P30 Lite Negro,,,10558,50
6672348610635,Huawei Compatible,Charola Sim Huawei P Smart Negro,,,10557,50
6672348577867,Moto Compatible,Camara Frontal Moto G7 Plus,,,10556,230
6672345497675,Huawei Compatible,Tapa Trasera Huawei P30  Ele-L04,,,10609,100
6671986884683,FixOEM Herramientas,Mototool Dremel Rectificadora Pulidor.,,,10356,310
6671378874443,FixOEM: Refaccionaria Celular,Touch Apple Watch Serie 4 A1975 A1976,,,10554,170
6671376482379,FixOEM: Refaccionaria Celular,Touch Apple Watch Serie 2 / Serie 3 A1757 A1860,,,10553,360
6669850673227,Moto Compatible,Tapa Trasera Moto One XT1941,,,10546,70
6669831471179,Iphone Compatible,Display Iphone X A1865 A1901 A1902,,,3397,325
6669756497995,Samsung Compatible,Tapa Trasera Samsung S8 Sm-G950F,,,10536,90
6669748305995,Huawei Compatible,Tapa Trasera Huawei Nova 5 Version China SEA-AL00  SEA-TL00,,,10538,30
6669760921675,Huawei Compatible,Tapa Trasera Huawei Nova 3 Par-LX9,,,10545,100
6669759578187,Moto Compatible,Tapa Trasera Moto G7 Power  XT1955,,,10544,60
6669758726219,Moto Compatible,Tapa Trasera Moto G6 Play XT1922,,,10547,70
6669755318347,Huawei Compatible,Tapa Trasera Huawei Y9 2019 Jkm-LX1  Jkm-LX2  Jkm-LX3,,,10541,70
6669741555787,Samsung Compatible,Tapa Trasera Samsung S9 Sm-G960F,,,10535,80
6669405716555,FixOEM: Refaccionaria Celular,Lapiz Borrado con Cepillo,,,10530,50
6668380962891,Moto Compatible,Display Moto E40 2021 Xt-2159-1 / E30 2021 Xt2158-6 / E41 IPS,,,10520,160
6668380766283,Moto Compatible,Display Moto E20 IPS Xt2155-1.,,,10519,160
6667708301387,Samsung Compatible,Tapa Trasera Samsung Grand Prime Plus G532,,,10787,50
6667707875403,Samsung Compatible,Tapa Trasera Samsung Grand Prime G530 / G531,,,10790,50
6666799579211,Huawei Compatible,Altavoz Huawei Mate 20 Lite Sne-Lx3  Sne-Lx2,,SNE-LX3 | SNE-LX2 | RECOMENDACIONES,10517,50
6666799513675,Iphone Compatible,Altavoz Iphone 8 Plus A1863 A1903,,,10516,60
6666799415371,Huawei Compatible,Altavoz Huawei P20 Lite Ane-Lx3  Ane-L23,,,10515,50
6666799317067,Iphone Compatible,Altavoz Buzzer  Iphone 6S A1633  A1688,,,10514,60
6666799218763,Iphone Compatible,Altavoz Buzzer Iphone 7 Plus A1661  A1784,,,10513,50
6666799120459,Samsung Compatible,Charola Sim Samsung A10 A20 A30 A50 A70,,,10512,50
6666799087691,Huawei Compatible,Charola Sim Huawei Y5 2018 Negro,,,10511,50
6666798989387,Moto Compatible,Charola Sim Moto G5 Plus Negro,,,10510,50
6666798923851,Moto Compatible,Charola Sim Moto G7 Power Azul,,,10509,50
6666798792779,Moto Compatible,Charola Sim Moto One Zoom Negro,,,10508,50
6666707140683,FixOEM: Refaccionaria Celular,Organizadores Caja Transportador De Tornillos Logicas,,,10319,80
6666465509451,Iphone Compatible,Tapa Trasera Iphone 12 Pro Max A2342  A2410  A2411  A2412 (Big Hole),,,10503,90
6666464657483,Iphone Compatible,Tapa Trasera Iphone 12 Pro  A2341  A2406  A2407  A2408 (Big Hole),,,10500,90
6666462363723,Iphone Compatible,Tapa Trasera Iphone 12  A2172  A2402  A2403  A2404 (Big Hole),,,10498,50
6666407641163,Xiaomi Compatible,Display Xiaomi Redmi Note 10 5G / Poco M3 Pro 5G Ips M2103K19G -C,,,10486,180
6665795207243,Huawei Compatible,Display Huawei Y8P IPS Aqm-LX1 Aqm-L21 Aqm-L21A Aqm-L01A,,,10497,170
6665341239371,FixOEM: Refaccionaria Celular,Pin Carga Lg K7 X210 X210Ds Ms330 Ls675 K4 K7 K120E K130E K121 5Pz,,,10496,5
6664289255499,FixOEM: Refaccionaria Celular,Touch Ipad Mini 3,,,10398,200
6664109981771,FixOEM: Refaccionaria Celular,Bateria Lg Stylo 4 / v40  LG-L713DL Bl-T37,,,10494,140
6663682850891,FixOEM Herramientas,Removedor Quita Goma Resistol Adhesivos,,,10493,90
6663454457931,Samsung Compatible,Centro Carga Samsung A52 A525,,,10397,360
6663021002827,Xiaomi Compatible,Flex Interconexion Xiaomi Mi Mix 3 M1810e5a,,,10483,100
6661194645579,FixOEM: Refaccionaria Celular,Bateria Sony Xa1 G3123 Lip1623Erpcs,,,10326,100
6661109088331,Moto Compatible,Tapa Trasera Moto G6 Plus  Xt1926-7,,,10389,100
6660782358603,FixOEM: Refaccionaria Celular,"Touch Lenovo Yoga 3  7"" Negra",,,10480,460
6660782129227,FixOEM: Refaccionaria Celular,Touch Lenovo X505F Tab-10 Negro,,,10479,550
6660780425291,FixOEM: Refaccionaria Celular,Touch Polaroid 5526 Negro,,,10474,130
6660320034891,Huawei Compatible,Tapa Trasera Huawei Original Mate 20 Lite Hma-LX9  Hma-L29,,,10463,100
6660319412299,SUNSHINE,Multimetro Digital Sunshine Inteligente Pluma Relife Dt-01,,,10473,440
6660317020235,Samsung Compatible,Bateria Samsung S10 Plus Sm-G975F Eb-Bg975Abu.,,,10408,150
6660316528715,Samsung Compatible,Bateria Samsung A52 Sm-A525 / S20 Fe 5G / S20 Fe EB-BG781ABY,,,10406,160
6660289691723,FixOEM Herramientas,Cinta Aluminio,,,11293,110
6660280352843,FixOEM: Refaccionaria Celular,Pizarra Magica Infantil Kids Borrable,,,10430,100
6660279664715,FixOEM: Refaccionaria Celular,Hub Multipuerto Tipo C  2 puertos USB / Tipo C,,,10427,130
6660279042123,FixOEM: Refaccionaria Celular,Cable Usb a Tipo V8 Super Carga Rapida 11038 5A,,,10423,40
6659723460683,Huawei Compatible,Tapa Trasera Huawei P30 Lite Mar-LX1M 48MP,,,10459,100
6659342205003,FixOEM: Refaccionaria Celular,Cable Usb a Tipo C Super Carga Rapida 5A 11037,,,10422,40
6659340304459,FixOEM: Refaccionaria Celular,Adaptador Otg Usb A Tipo C,,,10420,10
6659324313675,FixOEM: Refaccionaria Celular,Mirascreen Anycast 4K Screen Tv Hdmi Wifi,,,10419,310
6659295019083,FixOEM: Refaccionaria Celular,Divisor De Audio Estereo 3.5Mm Celular Microfono Audifono,,,10447,20
6659292528715,FixOEM: Refaccionaria Celular,Tarjeta De Captura De Audio Y Video Hdmi A Usb ,,,10421,150
6659291152459,FixOEM: Refaccionaria Celular,Microfono Cardioide Profesional De Condensador,,,10428,390
6659283091531,FixOEM Herramientas,Tapete Alfombrilla Mousepad  Rgb Gaming,,,10432,100
6659231481931,1HR,Cable Usb Tipo V8 +Tipo C a Usb-Conector 1Hora Cab218,,,10411,50
6658826829899,Samsung Compatible,Tapa Trasera Samsung A30 Sm-A305F,,,10396,70
6658826698827,Huawei Compatible,Tapa Trasera Huawei P20 Lite Ane-LX3,,,10456,70
6658825977931,Moto Compatible,Tapa Trasera Moto G7 Plus  XT1965-3,,,10393,80
6658825125963,Moto Compatible,Tapa Trasera Moto G6 Xt1925,,,10466,80
6658823684171,Moto Compatible,Tapa Trasera Moto C XT1757,,,10394,60
6658822799435,Huawei Compatible,Tapa Trasera Huawei P Smart Fig-LX3,,,10395,100
6658822078539,Iphone Compatible,Tapa Trasera Iphone XR A1984  A2105  A2106  A2107  A2108 (Big Hole),,,10399,40
6658819719243,Huawei Compatible,Tapa Trasera Huawei Y9 Prime Stk-L21 Stk-L22 Stk-LX3,,,10465,90
6658818900043,Huawei Compatible,Tapa Trasera Huawei Y9S Stk-L21 Stk-LX3 Stk-L22,,,10391,100
6658496200779,Samsung Compatible,Display Samsung A22 5G IPS Sm-A226B.,,,10404,185
6658383970379,Xiaomi Compatible,Auricular Xiaomi Mi 8 Lite,,,10374,30
6657102970955,Samsung Compatible,Auricular Samsung  A32 5G / A10 / A90 5G,,,10376,50
6657099661387,Iphone Compatible,Tapa Trasera Iphone 11 Pro A2215  A2217  A2160 (Big Hole),,,10368,90
6657104674891,Samsung Compatible,Display Samsung J3 Pro IPS Sm-J330.,,,10387,260
6657104576587,QIANLI,Repuestos Cables Ipower Pro Qianli,,,10386,150
6657104379979,Huawei Compatible,Flex Interconexion Huawei Y9 Prime 2019 /Y9S /Honor 10 Lite,,,10385,40
6657104314443,OPPO Compatible,Centro Carga Oppo A15 Cph2185.,,,10384,50
6657104052299,Huawei Compatible,Centro Carga Huawei Y6P 2020 Med-Lx9.,,,10383,50
6657103921227,Samsung Compatible,Altavoz Buzzer Samsung J6 J600,,,10382,50
6657103757387,Moto Compatible,Altavoz Buzzer Moto G8 PlayXt2015 / Moto One Macro Xt2016,,,10381,60
6657103691851,Samsung Compatible,Altavoz Buzzer Samsung A21 Sm-a215,,,10380,60
6657103429707,Huawei Compatible,Altavoz Huawei Y9 Prime 2019 Stk-L21 / HONOR 9X STK-L23,,,10379,50
6657103298635,Moto Compatible,Altavoz Buzzer Moto Edge Xt2063-3,,,10378,50
6657103167563,Samsung Compatible,Auricular Samsung A6 Plus J4 J4 Plus J6 J7 Pro J8,,,10377,60
6657102839883,Samsung Compatible,Auricular Samsung M20,,,10375,40
6657100415051,Iphone Compatible,Auricular Iphone 11 Sin Face ID,,,10371,50
6657100021835,1HR,Cable Usb Tipo C A Tipo C 1Hora 1M 3A Cab252,,,10370,50
6657099366475,Iphone Compatible,Tapa Trasera Iphone 11 A2111  A2221  A2223 (Big Hole),,,10366,50
6657038450763,Iphone Compatible,Tapa Trasera Iphone X 1865  A1901  A1902 (Big Hole),,,10364,40
6657035927627,Iphone Compatible,Tapa Trasera Iphone 8 A1863 A1905 (Big Hole),,,10362,40
6656627212363,FixOEM: Refaccionaria Celular,Cargador Cubo Usb Tipo C 20W,,,9580,140
6656625934411,ICOPY,Tablillas Icopy Programador Repuesto Expansion,,"Iphone 5 / 5s / 5c | iPhone 6S / 6SP / 6P / SE | iPhone 7 / 7P | iPhone 8 / 8P | iPhone X / XR / XS / XS MAX | iPhone 11 / 11 Pro / 11 Pro Max | iPhone 12 / 12 Pro / 12 Pro Max | iPhone 13 / 13 Pro / 13 Pro Max | NOTA: Puede variar la compatibilidad de los modelos de iphone y las tablillas, una sola tablilla no es para todos los modelos, por favor revisar con las imagenes de la publicacion o preguntar a un asesor.",10348,320
6656625737803,MIJING,Plataforma Fixture Sujetador Mijing Iphone 13 En 1 A21+,,,10344,630
6656624984139,AMAOE,Stencil Amaoe Iphone 11 - 11 Pro Max A13,,,10346,140
6656624656459,MECHANIC,Plancha Separadora Glass Lcd Doble Bomba Mechanic Mcn-1920,,,10342,2310
6656623050827,MECHANIC,Removedor Quita Goma Pegamento Tapas Traseras Mechanic T5111 20Ml,,,10345,190
6656622690379,FixOEM Herramientas,Pinzeta Curva Jack-Q,,,10359,60
6656622461003,FixOEM: Refaccionaria Celular,Pin Carga Usb V8 Chino Generico Universal,,,10315,5
6656621019211,FixOEM Herramientas,Lentes Lupa Googles Luz Led 5 Aumentos Amplificador,,,10341,260
6656619708491,FixOEM: Refaccionaria Celular,Gancho Sujetador Perchero 2Pz,,,10336,30
6656619216971,QIANLI,Espatula Raspador Curva Flexible Qianli T 0.1Mm Removedor Pantalla,,,10349,110
6656618922059,FixOEM: Refaccionaria Celular,Escobilla Brocha Limpieza Cepillo,,,10351,30
6656618528843,FixOEM: Refaccionaria Celular,Display Hisense T5 Plus IPS T5+,,,10302,260
6656617906251,QIANLI,"Qianli Idfu Go 2,0 Modo De Recuperación Rápida",,,10343,430
6656617283659,Jakemi,Bisturi Raspador Espatula Relife Navaja Rl-101E + 10 Repuestos.,,,10360,180
6656562856011,FixOEM Herramientas,Punta Ceramica Mototool,,,10355,110
6656156598347,SUNSHINE,Organizador Logica Sunshine Ss-001A,,,10333,60
6655810502731,FixOEM: Refaccionaria Celular,Display Alcatel 1 Se 2020 IPS 5030 5030A,,,10329,175
6655808864331,ZTE Compatible,Touch Zte A460,,,10327,100
6654275059787,OPPO Compatible,Bateria Oppo A15 / A15s BLP817,,,10318,140
6654274699339,Samsung Compatible,Bateria Samsung S9 Plus Sm-G965F Eb-Bg965Abe.,,,10317,130
6654008328267,FixOEM: Refaccionaria Celular,Display Hisense E50 / H50 Lite / V50 Hlte232e IPS,,,10305,200
6654006853707,FixOEM: Refaccionaria Celular,Centro Carga Ipad Air 2  A1567 A1566,,,10314,80
6654006722635,Moto Compatible,Centro Carga Moto G9 Power Xt2091-3 Xt2091-4,,,10313,60
6654006100043,Huawei Compatible,Display Huawei P40 Lite IPS Jny-Lx1 Jny-L21A Jny-L01A Jny-L21B,,,10312,190
6653999185995,OPPO Compatible,Display Oppo A93 CPH2123,,,10273,740
6650621853771,Xiaomi Compatible,Display Xiaomi Poco M3 M2010J19CG / Redmi 9T M2010j19sg / Redmi 9 Power m2010j19si IPS,,,10296,165
6650621263947,ZTE Compatible,Display Zte Blade V580 IPS,,,10295,280
6644746485835,FixOEM: Refaccionaria Celular,Pin Carga  Alcatel  U5 5044D,,,9539,5
6641820237899,ZTE Compatible,Centro Carga Zte A6 Max,,,9541,50
6627621175371,Moto Compatible,Display Moto G Stylus 2021 4G IPS Xt2115-1 Xt2115-2 Xt2115-3.,,,10278,210
6639124709451,MECHANIC,Stencil Mechanic Plantilla Reballing Ithin Bga 0.12Mm Cpu Iphone 13-13 Pro Max,,,10156,140
6639115599947,MECHANIC,Plataforma Reballing Iphone Mechanic Icpu 7 En 1 Cpu Bga A8-A18,,,10124,1190
6633437233227,Xiaomi Compatible,Flex Interconexion Main Xiaomi Mi 10T / Mi 10T ProM2007J3SY,,,10113,50
6633437069387,Xiaomi Compatible,Centro Carga Xiaomi Mi 10T M2007J3SY,,,10096,110
6632712339531,Samsung Compatible,Touch Samsung Tab A 8 T350,,,9731,190
6632711454795,Samsung Compatible,Touch Samsung Tab 4 T230,,,9896,110
6632710406219,Samsung Compatible,Touch Samsung Tab 3 T210,,,9744,110
6631485800523,Xiaomi Compatible,Lente Camara Xiaomi 9C Redmi M2006C3M,,,10291,110
6631485014091,Samsung Compatible,Lente Camara Samsung Note 20 SM-N980,,,10290,60
6631484391499,Samsung Compatible,Lente Camara Samsung M12 / A12 Sm-m127f Sm-a125f Sm-a125m,,,10289,60
6631482851403,Samsung Compatible,Lente Camara Samsung A31 A315,,,10287,50
6631482097739,OPPO Compatible,Lente Camara Oppo A93 5G,,,10286,40
6631481606219,OPPO Compatible,Lente Camara Oppo A73 Cph2099,,,10285,30
6631481049163,OPPO Compatible,Lente Camara Oppo A15 Cph2185,,,10284,50
6631480524875,Moto Compatible,Lente Camara Moto G9 Plus XT2087-1  XT2087-2,,,10283,50
6631479935051,Moto Compatible,Lente Camara Moto G9 XT2083 / G9 Play,,,10282,50
6631479279691,Moto Compatible,Lente Camara Moto G7 Plus XT1965,,,10281,60
6631478624331,Moto Compatible,Lente Camara Moto G 5G XT2113-3,,,10280,50
6631478001739,ZTE Compatible,Flex Interconexion Zte V10 Vita,,,10018,40
6631477182539,Iphone Compatible,Camara Trasera Iphone 8 Plus A1897,,,10279,1540
6628885069899,FixOEM: Refaccionaria Celular,Cables Sujetador Organizador,,,10271,100
6628466655307,Samsung Compatible,Bateria Samsung A71 4G Sm-A715f / EB-BA715ABY,,,10261,150
6628466294859,Samsung Compatible,Bateria Samsung S8 Plus Sm-G955F Eb-Bg955Aba.,,,9268,120
6628466229323,Samsung Compatible,Bateria Samsung A31/ A32 4G/ A22 4G/ A42/ A72 / A31S EB-ba315aby,,,9129,155
6627620487243,Moto Compatible,Display Moto G Power 2021 / G10 Play IPS XT2117-1  XT2127-2,,,10277,155
6627619635275,Moto Compatible,Display Moto G Play IPS Xt2093-1.,,,10276,540
6627619536971,Samsung Compatible,Display Samsung S21 Ultra Sm-G998 Ips,,,2095,640
6627618848843,Xiaomi Compatible,Flex Interconexion Main Xiaomi Redmi K20 Pro / K20 / Mi 9T / Mi 9T Pro,,,10274,80
6627616161867,OPPO Compatible,Display Oppo A15 / Realme 7I (Global) Ips Rmx2193 / Cph2185 / Rmx2180,,,10272,165
6618771914827,Huawei Compatible,Camara Frontal Huawei Mate 20 / Mate 20 Lite / Mate 20 Pro 00F1200 Hma-l29 Hma-l09 Sne-al00 Sne-lx1 Lya-l09 Lya-l29,,,10252,90
6618770702411,Huawei Compatible,Camara Frontal Huawei Nova 3 / P20 / P20 Pro 7Bfx01pa1d Par-al00 Par-lx1m Eml-l29c Clt-l29,,,10251,110
6618769784907,Moto Compatible,Bateria Moto G8 Power Xt2041-1 Xt2041-3 Kz50.,,,10259,190
6618550435915,Moto Compatible,Bateria Moto E6 Xt2005 Ke40.,,,10263,120
6618550206539,Moto Compatible,Bateria Moto E3 Power Xt1706 Gk50 3500mAh,,,10264,30
6615343071307,OPPO Compatible,Display Oppo Reno 5 CPH2145,,,10307,1980
6615342710859,OPPO Compatible,Display Oppo Reno 5 lite / 4 Se 5G / Reno 6 Lite / Reno 7 lite / Reno 8 Lite 5G / Oneplus Nord 20 5G / Oppo A74 5G / A94 5G / A95 4G / A96 5G / Realme 8 4G / Realme 8 Pro / F19 / Reno 5Z / F19 pro,,,10256,170
6615339466827,Huawei Compatible,Centro Carga Huawei P40 Lite  Jny-Lx1 Jny-L21A.,,,10255,60
6615110484043,FixOEM: Refaccionaria Celular,Aguja Llave Extractor Bandeja Sim 3Pz,,,10254,10
6614060761163,SUNSHINE,Maquina Cortadora Micas Hidrogel Sunshine Ss-890C Mini + 50 Micas de Regalo,,,10233,8000
6606415102027,Samsung Compatible,Pluma S Pen Stylus Samsung Galaxy Note 10 / Note 10 plus,,,9834,110
6604593922123,Huawei Compatible,Lente Camara Huawei Y9A FRL-L23,,,10237,50
6604501909579,Huawei Compatible,Lente Camara Huawei P40 Lite /Nova 7i Jny Lx2 / Jny-L22B,,,10236,50
6604429492299,OPPO Compatible,Bateria Oppo A12 Cph2083 / cph2077 Blp673 4100mAh,,,10243,140
6604429459531,OPPO Compatible,Bateria Oppo A5 2020 Cph1931 Cph1959 / A9 2020 Cph1937  Blp727 4880mAh,,,10242,90
6604429262923,OPPO Compatible,Bateria Oppo A53 4G / Oppo A16 / Oppo A54 / Oppo A32 / Oppo A93 BLP805 5000mAh,,,10241,160
6604429230155,OPPO Compatible,Bateria Oppo A72 5G PDYM20 / A73 5G CPH2161 BLP797 4040mAh,,,10240,130
6604429099083,OPPO Compatible,Bateria Oppo A52 Cph2061  / A92 Cph2059 / A72 Cph2067 2020 Blp781 5000mAh,,,10239,160
6603947966539,Samsung Compatible,Display Lg K22 / K22 Plus IPS LMK200BAW LMK200E LMK200Z,,,10234,180
6603812274251,FixOEM: Refaccionaria Celular,Touch Ipad 7 2019 A2197 / Ipad 8 2020 A2270 / Ipad 9 2021 A2602,,,9838,230
6603811192907,Huawei Compatible,Lente Camara Huawei Y9 2018 Fla Lx3,,,9826,80
6603810996299,Moto Compatible,Flex Huella Moto G7 / G7 Plus XT1965-2  XT1965-3 XT-1965-4  XT-1965-5 Negro,,,9862,150
6603810340939,Huawei Compatible,Camara Trasera Huawei P10 Was-Lx3 Lite Ogp0228,,,10031,110
6603809980491,Huawei Compatible,"Camara Frontal Huawei Y9 2018-2019 Fla-Lx1,Lx2,Lx3 Jkm-Lx3",,,9858,110
6603809816651,Xiaomi Compatible,Bateria Xiaomi Redmi 6 M1804C3DG M1804C3DH Bn37,,,9132,150
6603583946827,SUNSHINE,Espatula Raspador Rasero Sunshine Ss064 Colocacion Micas Hidrogel viniles,,,10260,80
6603535253579,Huawei Compatible,Pin Carga Huawei P30 Leica Ele L04 -L09 -L29,,,10106,5
6603519098955,RELIFE,Espatula Raspador Apertura Relife Rl-050.,,,9877,60
6602026549323,FixOEM Herramientas,Hisopos Limpiadores Puntas Microelectronica,,,9821,40
6601595060299,FixOEM Herramientas,Guantes Nitrilo Importados USA.,,,9860,30
6596250665035,Huawei Compatible,Bocina Buzzer Huawei Y5 2019 Amn Lx3,,,9853,50
4165643239499,Xiaomi Compatible,Charola Sim Xiaomi Redmi 6 Pro / Mi A2 Lite,,,4847,50
6594808021067,OPPO Compatible,Flex Interconexion Oppo A9,,,10184,50
6594807988299,OPPO Compatible,Flex Interconexion Oppo A72,,,10183,50
6594807824459,OPPO Compatible,Flex Interconexion Oppo A52 / A92,,,10166,50
6594807791691,OPPO Compatible,Flex Interconexion Oppo A5,,,9943,50
6594807726155,OPPO Compatible,Flex Interconexion Oppo A12,,,9940,30
6594807562315,OPPO Compatible,Flex Encendido Oppo F11 Cph1913 Cph1911,,,9871,30
6594807300171,OPPO Compatible,Flex Encendido Oppo A72 Cph2067,,,9870,50
6594807267403,OPPO Compatible,Flex Encendido Oppo A53 / A53s Cph2127,,,9869,50
6594807103563,OPPO Compatible,Flex Encendido Oppo A52 / A92,,,9855,60
6594806939723,OPPO Compatible,Flex Encendido Oppo A12 Cph2083,,,9854,50
6594806448203,Moto Compatible,Flex Encendido Moto G10 / G20 / G30 Xt2127 - Xt2128 - Xt2129,,,9845,50
6594414149707,FixOEM: Refaccionaria Celular,Creditos Cortadora Sunshine Hidrogel 22 / 55 Pz,,,9844,600
4718021705803,-,Pegamento Resistol B7000 Multiusos Celulares Pantallas Joyeria Zhanlida,,,345,40
6590542741579,FixOEM: Refaccionaria Celular,Touch Ipad Mini 4 A1538 A1550,,,9839,190
6590542151755,Xiaomi Compatible,Display Xiaomi Mi 10T Lite / Poco X3 / X3 Pro / X3 Nfc Ips M2007J20Cg M2007J20Ct,,,9832,195
6590062690379,FixOEM Herramientas,Trapo Fibra Paño Limpieza 10X10Cm,,,9830,40
6586334576715,Samsung Compatible,Centro Carga Samsung A02S Sm-a025f,,,10149,50
6586334871627,Samsung Compatible,Centro Carga Samsung A12 Sm-a125m,,,9937,50
6586335920203,Samsung Compatible,Flex Encendido Samsung A02 Sm-A02F A022,,,9892,50
6586336215115,Samsung Compatible,Flex Encendido Samsung A02S Sm-A025M,,,9893,50
6586336346187,Samsung Compatible,Flex Encendido Y Huella Samsung M12 M127 / M12S M127F/DS / A12 A125 / A13 4G-5G A135 A137 /A14 5G A145M/DS / A04S A047,,,9894,140
6586337296459,Samsung Compatible,Flex Interconexion Main Sub Octa Samsung A52 Sm-A526B / A52s A528B,,,10229,50
6586336510027,Samsung Compatible,Flex Encendido Samsung A32 4G Sm-A325 / A42 Sm-A426B,,,10223,50
6586336641099,Samsung Compatible,Flex Encendido Samsung  A52 SM-A525 / A72 SM-A725 / S20 FE SM-G781B,,,10224,50
6586336968779,Samsung Compatible,Flex Interconexion Main Sub Samsung A31 Sm-A315F,,,10226,50
6586337165387,Samsung Compatible,Flex Interconexion Samsung A22 SM-A225 / Samsung F22 / Samsung A32 4G SM-A325,,,10227,50
6586337427531,Samsung Compatible,Flex Interconexion Main Sub Samsung A41 Sm-A415F,,,10228,70
6583930060875,ZTE Compatible,Flex Encendido Zte L8,,,9770,30
6583930257483,ZTE Compatible,Bocina Altavoz Zte L8,,,9887,60
6585885360203,Huawei Compatible,Lente Camara Huawei Y9 2019,,,9889,60
6586211631179,Xiaomi Compatible,Centro Carga Xiaomi Poco X3 / Poco x3 pro / NFC M2102j20SG,,,10222,60
6582974283851,ZTE Compatible,Flex Encendido Zte V Smart 2020,,,10221,30
6582852681803,FixOEM Herramientas,Flux UV Mechanic,,,10533,340
6581873999947,Iphone Compatible,Lente Camara Con Marco Completo Iphone 11,,,10134,60
6581873967179,Moto Compatible,Display Moto G60 / G60S / G51 5g  / G40 Fusion IPS Xt2135 Xt2133 Xt2171,,,10219,195
6581873541195,Huawei Compatible,Camara Frontal Huawei Modelo M24N01A,,,10091,60
6581873311819,Huawei Compatible,Camara Huawei Frontal P30 / P30 Pro Otf1299 (1.5mm) Vog-L04,,,10115,130
6581684207691,Moto Compatible,Display Moto G100 XT2125-4 / Moto Edge S XT202 Ips,,,10218,220
6581684142155,Moto Compatible,Centro Carga Moto E7 Plus Xt2081.,,,10212,60
6581684109387,Moto Compatible,Centro Carga Moto E6 Play /Y5 2018/ Y5 Lite / Y5 Prime / honors 7s,,,10211,60
6581684011083,Moto Compatible,Flex Interconexion Moto G9 Power Xt2091 Version flex Zr-30863,,,10208,50
6581683978315,Huawei Compatible,Lector Huella Y9 Prime Skt Lx3,,,10207,180
6581683945547,FixOEM,Flex + Huella V10 Vita,,,10206,150
6581683880011,Huawei Compatible,Flex Encendido Huawei Y5 2019 Amn Lx9,,,10204,60
6581683847243,Iphone Compatible,Flex Encendido Iphone 11 A2111,,,10203,70
6581683781707,FixOEM,Display Lg X Style IPS K200mt,,,10201,390
6581683748939,FixOEM,Display Lg Stylo 6 / K71 / stylus 6 IPS Lm-q730tm Lmq730ha,,,10200,530
6581683716171,FixOEM,Display Lg K31 IPS LMK300Q,,,10199,350
6581683683403,FixOEM,Display Lg K30 2019 IPS Lm-x320zmw.,,,10198,220
6581683650635,FixOEM,Display Hisense H40 IPS HLTE321E,,,10197,360
6581683552331,FixOEM,Display Hisense E40 / H40 Lite / V40 IPS,,Hlte230E | Hlte229E | Calidad: IPS | RECOMENDACIONES,10194,210
6581683355723,Moto Compatible,Centro Carga Moto E5 Verizon Americano.,,,10190,50
6581683322955,Samsung Compatible,Centro Carga Samsung A02 A022.,,,10189,50
6581683257419,Samsung Compatible,Camara Samsung Grand Prime Plus Trasera Sm-G532F_V00,,,10188,60
6581683224651,Iphone Compatible,Camara Trasera Iphone Xs,,,10187,1270
6581683191883,Iphone Compatible,Camara Trasera Iphone Xr,,,10186,1460
6581682995275,Iphone Compatible,Camara Trasera Iphone 7,,,10182,570
6581682962507,Iphone Compatible,Camara Trasera Iphone 5 821-1662-A,,,10181,190
6581682896971,Iphone Compatible,Camara Trasera Iphone 6 821-2460-A,,,10180,90
6581682864203,Iphone Compatible,Camara Trasera Iphone 5C 821-1707-A,,,10179,80
6581682798667,Iphone Compatible,Camara Trasera Iphone 5  821-1662-A,,,10178,100
6581682765899,Iphone Compatible,Camara Trasera Iphone 12,,,10177,1160
6581682733131,Iphone Compatible,Camara Trasera Iphone 11 Pro Renovado,,,10176,1620
6581682667595,Huawei Compatible,Camara Trasera Huawei P30 Ele-L04 Orp1268A2,,,10175,260
6581682602059,Iphone Compatible,Camara Frontal Iphone Xs / 821-01774-01,,,10174,440
6581682503755,Iphone Compatible,Camara Frontal Iphone Xr / 821-01723-04,,,10173,120
6581682470987,Iphone Compatible,Camara Frontal Iphone X 821-01051-05,,,10172,80
6581682438219,Iphone Compatible,Camara Frontal Iphone 8 Plus 821-00519-03,,,10171,100
6581682372683,Iphone Compatible,Camara Frontal Iphone 8 / 821-01185-A,,,10170,100
6581682339915,Iphone Compatible,Camara Frontal Iphone 7 Plus / 821-00519-A,,,10169,100
6581682274379,Iphone Compatible,Camara Frontal Iphone 7 821-00514-A,,,10168,150
6581682241611,Iphone Compatible,Camara Frontal Iphone 6S Plus 821-00154-A,,,10167,90
6581682208843,Iphone Compatible,Camara Frontal Iphone 6 Plus 821-2200 A,,,10165,80
6581682143307,Iphone Compatible,Camara Frontal Iphone 6 821-1871-A,,,10164,90
6581682110539,Iphone Compatible,Camara Frontal Iphone 12 821-02640-05,,,10163,90
6581682045003,Iphone Compatible,Camara Frontal Iphone 11 Pro 821-02029-04,,,10162,240
6581682012235,Iphone Compatible,Camara Frontal Iphone 11 821-02626-A,,,10161,100
6581681979467,Huawei Compatible,Bocina Altavoz Huawei Y6S 2019 Jat Lx3,,,10160,60
6581681881163,FixOEM,Bateria Alcatel 5080 Tlp024C1.,,,10158,150
6581572108363,Samsung Compatible,Display Samsung A6 Plus Oled,,,10138,340
6581216313419,Huawei Compatible,Camara Frontal Huawei P30 Lite 2020 Nueva Edicion A32N01A+ (Narrow) Mar-lx2b,,,10216,120
6581215985739,Samsung Compatible,Display Samsung A21 IPS Sm-A215U.,,,10215,190
6581215789131,Moto Compatible,Bateria Moto G100 Xt2125-4 Lz50,,,10214,190
6581215690827,Moto Compatible,Display Moto G10 / G30 / G10 Power Xt2127 Xt2128 Xt2129,,,10213,155
6579545997387,Samsung Compatible,Jack Audio Samsung S8 Sm-G950 ,,,10137,50
6579545276491,Samsung Compatible,Display Samsung Note 3 oled Reacondicionado Gt-N900,,,10142,320
6579545112651,Samsung Compatible,Display Samsung Note 2 Oled Gt-N7100,,,10140,270
6579544981579,FixOEM,Display Nokia 3.1 Plus IPS Ta-1118 Ta-1125 Ta-1113 Ta-1117,,,10136,250
6579544916043,Moto Compatible,Display Moto E6I IPS Xt2053.,,,9919,165
6579544850507,FixOEM,Display Lg X Power 2 M320N M320F Ips,,,10132,340
6579544784971,FixOEM,Display Lg V20 IPS H990 H918 H910 LS997,,,10131,280
6579544719435,FixOEM,Display Lg K42 / K52 / K62 / Q52 IPS LMK420  LMK520  LMK525H  LM-Q520N,,,10130,185
6579544621131,FixOEM,Display Hisense V5 Hlte221E IPS,,,10128,200
6579544555595,ZTE Compatible,Bateria Zte Blade A6 Lite A0622 / A6 A6020 Li3849T44P8H906450.,,,10145,180
6579544522827,ZTE Compatible,Bateria Zte Blade A510  Li3822T43,,,10144,110
6579544424523,Xiaomi Compatible,Bateria Xiaomi Redmi 9A / Redmi 9C BN56,,,10143,160
6579544391755,Samsung Compatible,Bateria Samsung S10E Sm-G970 Eb-bg970abu,,,10141,125
6579544326219,FixOEM,Bateria Nokia 7.1 Ta-1096 He342,,,10154,170
6579544031307,FixOEM,"Bateria Nokia 6.1  Ta-1043, Ta-1045, Ta-1054, Ta-1050, Ta-1068 He345.",,,10155,120
6579543998539,Moto Compatible,Bateria Moto G9 Power / G60 / G40 /  Fusion Ips Xt2135-1 Xt2171-1 Xt2171-2 Xt2133-2. MC50,,,10148,200
6579543933003,Moto Compatible,Bateria Moto G9 Plus Xt2087 Mg50.,,,10147,180
6579543670859,Moto Compatible,Bateria Moto Edge / Edge Plus Xt2063 XT2061-3 Lw50,,,10150,180
6579543572555,Iphone Compatible,Bateria Iphone 12 Pro Max A2342 A2411 A2410 A2412  A2466,,,10153,245
6579542917195,Iphone Compatible,Bateria Iphone 12 / 12 Pro A2172 A2402 A2403 A2404 A2341 A2406 A2407 A2408 A2479,,,10151,170
6574219362379,Xiaomi Compatible,Display Xiaomi Redmi 9A / Redmi 9C / Redmi 10A / Redmi 9I 220233L2G IPS m2006c3lg -mg,,,10123,160
6574178205771,FixOEM,Film Protector Mica Pelicula Hidrogel (todos modelos),,,9778,40
6574178074699,FixOEM Herramientas,Tapete Aluminio Soldar Microscopio.,,,11242,1680
6571030085707,Samsung Compatible,Display Samsung A72 2021 4G Con Huella Oled Sm-a725,,,9816,1090
6571029889099,Samsung Compatible,Display Samsung A32 4G Marco Huella Oled A325,,,9918,505
6571029299275,OPPO Compatible,Display Oppo A52 / A72 Cph2067 / Oppo A92 / Realme 6S / Realme 6 RMX2001 / Realme 7 RMX2151 RMX2155 Ips,,,10112,170
6571028676683,OPPO Compatible,Display Oppo A12 / A12S Cph2083 Cph2077 IPS,,,10114,155
6571028316235,Moto Compatible,Display Moto G 5G / One 5G Ace Ips Xt-2113.,,,10047,200
6571028152395,FixOEM,Display Lg K10/ K20/ K20 Plus IPS Mp260 Tp260 Vs501.,,,5516,240
6571027824715,FixOEM,Display Hisense H30 Hlte315E IPS,,,5465,510
6571027628107,FixOEM,Display Google Pixel XL Ams546Kd09 OLED,,,1689,950
6571026776139,ZTE Compatible,Touch Zte A5 2019,,,4793,130
6571026088011,Samsung Compatible,Centro Carga Samsung S20 Plus Sm-G985 G986U,,,9801,110
6571025760331,Samsung Compatible,Centro Carga Samsung S20 FE Sm-G980F.,,,9802,120
6571025662027,Samsung Compatible,Centro Carga Samsung A32 5G Sm-A326,,,5165,50
6571024842827,FixOEM,Centro Carga Google Pixel XL G-2PW2100 G-2PW2200,,,5172,100
6571023630411,Iphone Compatible,Camara Trasera Iphone Pro 11 Max,,,10110,1670
6571023499339,Iphone Compatible,Camara Trasera Iphone 11 2062 A-1937,,,10109,1650
6571022811211,Samsung Compatible,Bateria Samsung Note 10 Plus Sm-N975 Eb-Bn972Abu.,,,10108,145
6571022483531,Samsung Compatible,Bateria Samsung Note 10 N970 Eb-Bn970Abu,,,10107,130
6571021893707,FixOEM,Bateria Lg k41S / k51S / k61  LM-K410 LM-K510 LM-Q630  Bl-T49.,,K41S: LM-K410 | K51S: LM-K510 | K61:LM-Q630 | Medidas: 6.5 x 7.8 x 0.4cm | RECOMENDACIONES,10105,150
6571021697099,Iphone Compatible,Bateria Iphone Xr A1984  A2105  A2106   A2107  A2108 616-00471,,,10104,155
6571021369419,Iphone Compatible,Auricular Iphone 7 Plus / 8  Plus,,,10102,50
6569741582411,FixOEM Herramientas,Plataforma Base Tapete Reballing Stencil Mijing Z20 Iphone X Xs Xs Max 11 11 Pro 11 Pro Max 12 12Pro 12 Pro Max,,,9728,1560
6569737224267,FixOEM,Display Alcatel  Idol 5s IPS 6060c 6060x 6060s,,,10092,410
6569731915851,Samsung Compatible,Centro Carga Samsung Note 20 Ultra N985.,,,10089,190
6569730146379,Samsung Compatible,Centro Carga Samsung Note 20 N980.,,,10090,190
6573189496907,Iphone Compatible,Bateria Iphone 11 A2111 A2221 A2223 616-00641,,,10119,170
6569222635595,ZTE Compatible,Display Zte A7S 2020 A7020 / ZTE V Smart / ZTE V20 Smart SKI649-B06 IPS,,,9761,185
6571029790795,Samsung Compatible,Bateria Alcatel 5058 Tlp029D1,,,9007,190
6569741090891,FixOEM,Pin Carga Lg Q7 / Q7 Plus Q710,,,10097,5
6569739616331,Huawei Compatible,Flex Huella Huawei Honor Note 8 Dorado,,,10101,50
6569737977931,FixOEM,Display Hisense F32 HS-F32 IPS,,,9819,250
6569733029963,Xiaomi Compatible,Centro Carga Xiaomi Mi A3 M1906F9Sh.,,,9167,80
6569727197259,Moto Compatible,Bocina Altavoz Moto G4 G4 Plus Xt1640 Xt1621,,,9989,60
6569232728139,Huawei Compatible,Flex Huella Huawei P40 Lite Jny-L21A / Nova 6Se / Nova 7Se / Honor 30 Lite,,,9122,120
6566241632331,Samsung Compatible,Display Samsung M31s M317 / A51 5G Sm-A516,,,9713,545
6561273315403,OPPO Compatible,Display Oppo A5 2020 / A9 2020 / A31 / A11 / A11X 2019 /  Cph1937 Cph1939 Cph1931 Cph1941,,,10093,145
6556603908171,Huawei Compatible,Flex Encendido Huawei Y9S Stk-Lx3S,,,10087,50
6554283245643,FixOEM,Touch Alcatel Pop 3 (5) 5015A,,,9740,110
6554267615307,Moto Compatible,Flex Interconexion Moto One Fusion,,,9652,50
6553906675787,Moto Compatible,Centro Carga Moto G10 / G20 P350ae,,,9765,60
6553906643019,FixOEM,Centro Carga Alcatel A3 Plus 5011,,,9766,50
6553906610251,FixOEM,Centro Carga Alcatel 1S 5024A,,,9767,100
6553906544715,FixOEM,Centro Carga Alcatel 5026 3C.,,,9768,100
6553906511947,FixOEM,Centro Carga Alcatel 3L 2020 5029,,,9769,110
6553906446411,Samsung Compatible,Display Samsung A02 / M12 / A12 / F12 A022F M127 A326 A125F A125 F127F IPS,,,9772,150
6553906380875,FixOEM,Centro Carga Alcatel 3X 2019 5058 V8,,,9773,110
6553906348107,FixOEM,Centro Carga Alcatel 1X 5059,,,9774,100
6553906315339,FixOEM,Centro Carga Alcatel A5 5085,,,9775,50
6553906282571,FixOEM,Centro Carga Alcatel 5 5086,,,9776,100
6553906249803,FixOEM,Centro Carga Alcatel  7 6062,,,9777,130
6553906184267,FixOEM,Centro Carga Alcatel A3 Xl 9008,,,9779,30
6553906085963,FixOEM,Centro Carga Hisense F20 Infinity.,,,9782,50
6553906053195,FixOEM,Centro Carga Hisense F24 / F26.,,,9783,50
6553905954891,FixOEM,Centro Carga Hisense L675.,,,9786,50
6553905922123,FixOEM,Centro Carga Hisense L675 Pro.,,,9787,50
6553905856587,Huawei Compatible,Centro Carga Huawei G Elite Plus Slal03.,,,9789,60
6553905758283,Huawei Compatible,Centro Carga Huawei Honor 6.,,,9792,80
6553905594443,Huawei Compatible,Centro Carga Huawei Mate 10 Pro Bla-L09.,,,9796,140
6553905561675,Huawei Compatible,Centro Carga Huawei Mate 20 Pro Lya109.,,,9797,200
6553905528907,Huawei Compatible,Centro Carga Huawei Mate 8 Nxt L29.,,,9798,80
6553905496139,Huawei Compatible,Centro Carga Huawei Mate 9 Mha L09.,,,9799,100
6553905463371,Huawei Compatible,Centro Carga Huawei P10 Plus Vky Al00.,,,9800,50
6553905365067,Huawei Compatible,Centro Carga Huawei Y5 2017 / Y5 Lite 2017,,,9803,90
6553905266763,Huawei Compatible,Centro Carga Huawei Y5P Dra Lx9.,,,9805,50
6553905201227,Huawei Compatible,Display Samsung A41 Con Huella Oled Sm-A415.,,,9807,730
6553905168459,Huawei Compatible,Centro Carga Huawei Y6S / Honor 8A Jat Lx3.,,,9099,60
6553905102923,Huawei Compatible,Centro Carga Huawei Y9A Frl-L23.,,,9810,70
6553905070155,Iphone Compatible,Centro Carga Iphone 11 A2111 A2221  A2223,,,9811,140
6553905037387,Iphone Compatible,Centro Carga Iphone 11 Pro Max.,,,9812,630
6553905004619,Iphone Compatible,Centro Carga Iphone 11 Pro.,,,9813,500
6553904971851,Iphone Compatible,Centro Carga Iphone 12 (todas las versiones)  A2172 A2402 A2403 A2404 A2341 A2406 A2407 A2408,,,9814,160
6553904939083,Iphone Compatible,Centro Carga Iphone 5S.,,,9815,50
6553904906315,Iphone Compatible,Centro Carga Iphone 6 A1549 A1586 A1589 A1522 A1524 A1593.,,,5737,110
6553904873547,Iphone Compatible,Centro Carga Iphone Xr.,,,9695,80
6553904808011,Iphone Compatible,Centro Carga Iphone Xs Max.,,,9697,130
6553904775243,Iphone Compatible,Centro Carga Iphone Xs.,,,9696,120
6553904709707,FixOEM,Centro Carga Lanix Alpha 950.,,,9822,50
6553904611403,OPPO Compatible,Centro Carga Oppo A12 Cph2083,,,9825,130
6553904480331,FixOEM,Centro Carga Lanix Ilium X710.,,,9829,50
6553904250955,OPPO Compatible,Centro Carga Oppo A524G / Oppo A724G / Oppo A92 4G.,,,9836,60
6553904087115,FixOEM,Centro Carga Lg G5 H840 H850 H840 H860,,,9841,50
6553904021579,FixOEM,Centro Carga Lg K20 Mp260,,,9843,120
6553903923275,OPPO Compatible,Centro Carga Oppo A32 / A33 / A53 / A11s 2020 4g.,,,9846,60
6553903857739,OPPO Compatible,Centro Carga Oppo A53 / A72 2020 5g,,,9847,90
6553903824971,FixOEM,Centro Carga Lg K41S Lmk410HmLMK410HM.,,,9848,100
6553903792203,Moto Compatible,"Lente Camara Moto G20, G30 Xt2821, XT2129-1, XT2129-2, PAML0000IN",,,9849,50
6553903759435,FixOEM,Centro Carga Lg K51 k500.,,,9850,110
6553903693899,FixOEM,Centro Carga Lg K61 Lm-q630,,,9852,230
6553903398987,FixOEM,Centro Carga Lg Q7 Alpha Lmq610Fs.,,,9861,90
6553903333451,FixOEM,Centro Carga Lg Q6 X220G Q7 Q7 Plus Q610Fs.,,,9863,100
6553903267915,Iphone Compatible,Centro Carga Iphone 5C.,,,9865,50
6553903235147,FixOEM,Centro Carga Lg Q8 K8 K350/K371/K373/Us375/K350N.,,,9866,50
6553903005771,Moto Compatible,Centro Carga Moto G9 / G9 Play Xt2083-1  Xt2083-3,,,9873,60
6553902940235,Moto Compatible,Centro Carga Moto G9 Plus Xt2087.,,,9874,60
6553902907467,Samsung Compatible,Centro Carga Samsung A10E A20E A102 Sm-A202,,,9875,60
6553902874699,Samsung Compatible,Centro Carga Samsung A11 Sm-A115.,,,9876,50
6553902710859,Samsung Compatible,Centro Carga Samsung A60 / M40 Sm-A606.,,,9880,40
6553902055499,FixOEM,Centro Carga Sony C5 Ultra.,,,9900,50
6553902022731,FixOEM,Centro Carga Sony E5.,,,9901,50
6553901989963,FixOEM,Centro Carga Sony L1.,,,9902,120
6553901924427,FixOEM,Centro Carga Sony Xa2.,,,9904,40
6553901891659,FixOEM,Centro Carga Sony Xz F8331.,,,9905,120
6553901858891,FixOEM,Centro Carga Sony Xz1 G8341 -42.,,,9906,120
6553901826123,FixOEM,Centro Carga Sony Xz2.,,,9907,290
6553901793355,Xiaomi Compatible,Centro Carga Xiaomi Mi 4.,,,9908,50
6553901727819,Xiaomi Compatible,Pin Carga Xiaomi Note 10 M1910F4G,,,9910,5
6553901662283,Xiaomi Compatible,Centro Carga Xiaomi Redmi Note 9,,,9912,60
6553901629515,Xiaomi Compatible,Centro Carga Xiaomi Redmi Note 9S / 9 Pro M2003J6A1G.,,,9913,60
6553901596747,Xiaomi Compatible,Centro Carga Xiaomi Redmi 5A-Te1363,,,9914,50
6553901531211,Xiaomi Compatible,Centro Carga Xiaomi Redmi 8 / Redmi 8A,,,9916,50
6553901498443,Xiaomi Compatible,Centro Carga Xiaomi Redmi K20 Pro K20 Mi 9T,,,9917,170
6553901367371,ZTE Compatible,Centro Carga Zte A3 2020,,,9921,80
6553901334603,ZTE Compatible,Centro Carga Zte A5 2019,,,9922,50
6553901301835,ZTE Compatible,Centro Carga Zte A511,,,9923,50
6553901269067,ZTE Compatible,Centro Carga Zte A520 / A521,,,9924,100
6553901236299,ZTE Compatible,Centro Carga Zte Blade A1 C880u,,,9925,50
6553901203531,ZTE Compatible,Centro Carga Zte A530,,,9926,110
6553901170763,ZTE Compatible,Centro Carga Zte A6,,,9927,50
6553901137995,ZTE Compatible,Centro Carga Zte Blade A610 V6 / V6 Max Ba610 Ba610T/C,,,9928,30
6553901105227,ZTE Compatible,Centro Carga Zte A602 Voyage 4 Plus,,,9929,50
6553901072459,ZTE Compatible,Centro Carga Zte A7 2019,,,9930,100
6553901039691,ZTE Compatible,Centro Carga Zte A7 2020,,,9931,110
6553900974155,ZTE Compatible,Centro Carga Zte V10,,,9933,100
6553900941387,ZTE Compatible,Centro Carga Zte V20 Smart 8010,,,9934,80
6553900908619,ZTE Compatible,Centro Carga Zte V2020 Vita / A7s,,,9935,110
6553900875851,ZTE Compatible,Centro Carga Zte V Smart 2050,,,9936,80
6553900810315,ZTE Compatible,Centro Carga Zte V6 Plus,,,9938,50
6553900777547,ZTE Compatible,Centro Carga Zte V9 Vita,,,9939,100
6553900712011,ZTE Compatible,Centro Carga Zte Z956 Grand X4,,,9941,100
6553900679243,ZTE Compatible,Centro Carga Zte Z959 Grand X3,,,9942,50
6553900613707,ZTE Compatible,Centro Carga Zte Z983 Blade X Max,,,9944,130
6553900580939,Moto Compatible,Flex Encendido Moto G4 Plus Xt1642,,,9945,50
6553900515403,Moto Compatible,Flex Encendido Moto G5S Xt 1793 94,,,9947,50
6553900482635,Moto Compatible,Flex Encendido Moto G8 Power Lite Xt2055,,,9948,50
6553900449867,Moto Compatible,Flex Encendido Moto G9 / G9 Play / E7 Plus,,,9949,50
6553900384331,Moto Compatible,Flex Encendido Moto G9 Plus Xt2087,,,9951,50
6553900351563,Moto Compatible,Flex Encendido Moto One Fusion Plus Xt2067,,,9952,60
6553900318795,Moto Compatible,Flex Encendido Moto One Fusion Xt2073,,,9953,50
6553900286027,Moto Compatible,Flex Encendido Moto One Hyper Xt2027,,,9954,50
6553900220491,Moto Compatible,Flex Encendido Moto One Power Xt1942,,,9956,50
6553900187723,Moto Compatible,Flex Encendido Moto One Xt1941,,,9957,50
6553900154955,Moto Compatible,Flex Encendido Moto One Zoom Xt2010,,,9958,50
6553900122187,Moto Compatible,Flex Encendido Moto X Play Xt1562,,,9959,50
6553900056651,Moto Compatible,Flex Encendido Moto Z Play Xt1635,,,9961,50
6553900023883,Moto Compatible,Flex Encendido Moto Z2 Play Xt1710,,,9962,50
6553899991115,Moto Compatible,Flex Encendido Moto Z3 Play Xt1929,,,9963,50
6553899958347,Moto Compatible,Flex Encendido Moto Z4 Xt1980-3,,,9964,50
6553899892811,FixOEM,Flex Encendido Nokia 5.3,,,9966,50
6553899860043,FixOEM,Flex Encendido Nokia 6,,,9967,50
6553899827275,FixOEM,Flex Encendido Nokia 6.1,,,9968,50
6553899794507,FixOEM,Flex Encendido Nokia 6.1 Plus,,,9969,50
6553899761739,FixOEM,Flex Encendido Nokia 7.1,,,9970,50
6553899728971,Xiaomi Compatible,Flex Encendido Xiaomi Mi A1,,,9971,50
6553899696203,Xiaomi Compatible,Flex Encendido Xiaomi Mi A3 M1906F9Sh,,,9972,100
6553899630667,Xiaomi Compatible,Flex Encendido Xiaomi Redmi Note 8,,,9974,50
6553899597899,Xiaomi Compatible,Flex Encendido Xiaomi Redmi Note 8 Pro,,,9975,60
6553899565131,ZTE Compatible,Flex Encendido Zte A5 2020,,,9976,50
6553899532363,ZTE Compatible,Flex Encendido Zte V10,,,9977,30
6553899499595,ZTE Compatible,Flex Encendido Zte V10 Vita,,,9978,50
6553899466827,Moto Compatible,Flex Interconexion Moto G9 Plus L2300_Main_Fcp Xt2087,,,9994,60
6553899401291,Moto Compatible,Flex Interconexion Moto One Hyper Xt2027 Sf78C54320_A,,,9997,50
6553899335755,FixOEM Herramientas,Palita Espatula Metalica Kasi 2 En 1 Curva Espada.,,,9998,80
6553899302987,Moto Compatible,Flex Interconexion Moto One Power Xt1942 Zr-26553,,,9999,50
6553899270219,Moto Compatible,Flex Interconexion Moto One Zoom Xt2010 Sp68C57434,,,10000,50
6553899139147,Moto Compatible,Flex Interconexion Moto Z2 Play Xt1710,,,10004,50
6553899008075,FixOEM,Flex Interconexion Nokia 6.1 Mepl214003A,,,10008,50
6553898975307,FixOEM,Flex Interconexion Sony Xa Gf-480,,,10009,30
6553898909771,FixOEM,Flex Interconexion Sony Xa1 Gf-540,,,10011,30
6553898877003,Xiaomi Compatible,Flex Interconexion Xiaomi Mi A1 D2_Linkfcp,,,10012,50
6553898844235,Xiaomi Compatible,Flex Interconexion Xiaomi Mi A3 M1906F9Sh,,,10013,80
6553898811467,Xiaomi Compatible,Flex Interconexion Xiaomi Redmi Note 8,,,10014,50
6553898778699,Xiaomi Compatible,Flex Interconexion Xiaomi Redmi Note 8 Pro,,,10015,50
6553898745931,ZTE Compatible,Flex Interconexion Zte A5 2020,,,10016,40
6553898713163,ZTE Compatible,Flex Interconexion Zte V10 Hl1905,,,10017,40
6553898614859,ZTE Compatible,Flex Interconexion Zte V20 Smart 1050,,,10019,40
6553898582091,ZTE Compatible,Flex Interconexion Zte V2020 Vita,,,10020,40
6553898549323,ZTE Compatible,Flex Interconexion Zte V Smart 2050,,,10021,40
6553898516555,ZTE Compatible,Flex Interconexion Zte V9,,,10022,40
6553898483787,ZTE Compatible,Flex Interconexion Zte V9 Vita 1815 Ueva1,,,10023,40
6553898451019,FixOEM Herramientas,Stencil Jabe Iphone Xs/Xs Max/Xr-A12 T:0.12Mm,,,10024,180
6553898418251,FixOEM Herramientas,Stencil Jabe Iphone Ip 12/Pro/Max/Mini-A14 T:0.12Mm,,,10025,60
6553898352715,Huawei Compatible,Auricular Huawei Y5 2018 Dra Lx3,,,10027,50
6553898287179,Samsung Compatible,Auricular Samsung A10 / M10 / A40 / A50 / A50S / A60 / A70 / A70S / A80 / A90,,,10028,50
6553898254411,Huawei Compatible,Auricular Huawei P9 Lite Vns-L23,,,10029,60
6553898221643,Huawei Compatible,Camara Frontal Huawei P10 Lite Waslx3 / Ohw8F06,,,10030,100
6553898156107,Moto Compatible,Camara Frontal Moto G6 Plus Xt1926 L4H7F10-Z,,,10032,110
6553898123339,Moto Compatible,Camara Trasera Moto G6 Plus Xt1926-6,,,10033,130
6553898090571,Samsung Compatible,Camara Frontal Samsung J7 Prime  A9-R02 Sm-G610M,,,10034,100
6553898057803,Samsung Compatible,Camara Trasera Samsung J7 Prime Sm-G610M On7_V03,,,10035,140
6553898025035,FixOEM,Camara Frontal Sony Xa2 Ultra Bh1710,,,10036,80
6553897992267,FixOEM,Camara Trasera Sony Xa2 Ultra F3213,,,10037,330
6553897959499,Samsung Compatible,Camara Frontal Samsung A50 / A50 Rev 1 Sm-A505,,,10038,60
6553897926731,FixOEM,Centro Carga Alcatel 3x 5048.,,,10039,100
6553897893963,FixOEM,Centro Carga Ipad 2 A1396 A1395.,,,10040,50
6553897861195,FixOEM,Centro Carga Ipad 4 A1459 A1460.,,,10041,90
6553897828427,FixOEM,Centro Carga Ipad Air 1 A1474 /Ipad 6 A1893 A1954.,,,10042,70
6553897631819,FixOEM,Display Alcatel  Idol 3 IPS 6045,,,10048,440
6553897467979,Moto Compatible,Display Moto Edge 2021 XT2063 / Edge Plus XT2061-3 Xt2063-3 Oled,,,10052,1475
6553897435211,Samsung Compatible,Display Samsung A7 2017 Oled Sm-A720F.,,,10053,700
6553897369675,Xiaomi Compatible,Display Xiaomi Redmi 9 / Poco M2 / Redmi 9 Prime Ips M2004J19G M2004J19C,,,10055,170
6553897304139,FixOEM,Display Lanix Lt525 IPS,,,10057,140
6553897271371,FixOEM,Flex Encendido Ipad 2 2012 Cdm A1397,,,10058,60
6553897238603,Samsung Compatible,Flex Encendido Samsung S5 Sm-G900M,,,10059,80
6553897205835,ZTE Compatible,Flex Encendido Samsung A8 2018 A530F,,,10060,110
6553897173067,Huawei Compatible,Lente Camara Huawei Y8S Jkm Lx3S,,,10061,50
6553897140299,Moto Compatible,Lente Camara Moto G6 Play / Moto E5 Xt1922-4,,,10062,60
6553897107531,Moto Compatible,Lente Camara Moto G6 Plus Xt-1926-6,,,10063,60
6553897074763,FixOEM,Touch Alcatel Pop C5 5036A,,,10064,90
6553897041995,FixOEM,Touch Alcatel Pop C9 7047,,,10065,90
6553897009227,ZTE Compatible,Touch L5 Zte,,,10066,90
6553896976459,FixOEM,Touch Lanix Lt520,,,10067,120
6553896943691,FixOEM,Touch Lanix M5,,,10068,120
6553896910923,FixOEM,Touch Lanix X200,,,10069,110
6553896878155,FixOEM,Touch Lanix X520,,,10070,110
6553896845387,FixOEM,Touch Lanix X530,,,10071,110
6553896812619,ZTE Compatible,Touch Zte L130,,,10072,110
6553896779851,ZTE Compatible,Flex Encendido Zte V20 Smart 1050,,,10074,30
6553896747083,ZTE Compatible,Flex Encendido Zte V2020 Vita,,,10075,30
6553896714315,ZTE Compatible,Flex Encendido Zte V Smart 2050,,,10076,60
6553896681547,ZTE Compatible,Flex Encendido Zte V9,,,10077,30
6553896616011,FixOEM,Flex Interconexion Lg K41S Lmk410Hm,,,10079,30
6553896583243,FixOEM,Flex Interconexion Lg K51 96769_3_13,,,10080,40
6553896550475,FixOEM,Flex Interconexion Lg K51S,,,10081,40
6553896419403,Moto Compatible,Flex Interconexion Moto G8 Power Xt-2055,,,10085,60
6553896386635,Moto Compatible,Flex Interconexion Moto G9 Play Zr-30215 Xt-2083,,,10086,50
6552086904907,FixOEM Herramientas,Holder Stencil Mijing K21 Iphone X Xs Xs Max,,,9760,750
6552086151243,Samsung Compatible,Bateria Samsung A51 Eb-Ba515Aby Sm-A515U Sm-A515F,,,9758,150
6549768208459,Samsung Compatible,Boton Fisico Home Samsung J4 J400 / J4 2018,,,9756,50
6549155938379,Moto Compatible,Auricular Moto E4 / One / Huawei Mate 8 / Y5 Pro / Y7 Prime 2018 XT1766  XT1941-5 NXT-AL10 NXT-CL00 MYA-L13 LDN-L21,,,9754,30
6549155643467,Xiaomi Compatible,Flex Huella Xiaomi Redmi Note 8 / Note 9 Negro,,,9753,140
6549155414091,Samsung Compatible,Centro Carga Samsung Note 10 Plus 5G N976B/N.,,,9752,130
6547204079691,ZTE Compatible,Bateria Zte Blade L8 / L9 Li3820T43P4H695945.,,,9746,110
6547203129419,Samsung Compatible,Bateria Samsung S5 Sm-G900M  Sm-G900A  Eb-Bg900Bbu,,,9749,150
6547202605131,Samsung Compatible,Bateria Samsung J2 Sm-J200M / Core Prime Sm-G360 Eb-Bg360Cbc,,,9750,100
6547201687627,Huawei Compatible,Bateria Huawei Nova 2 Pic-Al00 Hb366179Ecw.,,,9747,40
6547201065035,Huawei Compatible,Bateria Huawei P9 Plus Vie-L29 Hb376883.,,,9748,60
6541427408971,ZTE Compatible,Touch Zte L8 / A3 Lite /A3 2019,,,9743,100
6541427048523,FixOEM,Display Lg Leon IPS H340N,,,10073,470
6541426622539,Samsung Compatible,Lente Camara Samsung S9 Plus Sm-G965,,,9736,50
6541426360395,Moto Compatible,Lente Camara Moto G8 Power Lite Xt2055,,,9738,50
6541425705035,Moto Compatible,Lente Camara Moto G8 Plus Xt2019,,,10602,50
6541424984139,-,I Power Pro Max Qianli Iphone 6 Al 11 Pro Max.,,,9734,780
6541424787531,Moto Compatible,Flex Sim Moto G3 Xt1540 ,,,9729,50
6541424001099,Moto Compatible,Flex Flash Moto Moto Z Play Xt1635,,,9733,110
6541423771723,Iphone Compatible,Flex Encendido Iphone 11 Pro + Flash A2161 - A2218,,,9732,150
6541423607883,Huawei Compatible,Flex Encendido Huawei P9 Lite Vns-L23,,,9722,60
6541423444043,ZTE Compatible,Display Zte Blade L8 / Blade L9 / Blade A3 2019 IPS,,,9721,140
6541423345739,ZTE Compatible,Display Zte L7A IPS,,,9719,220
6541422461003,Samsung Compatible,Display Samsung Note 5 Oled  Sm-N920 azul,,,9712,1000
6541422198859,Samsung Compatible,Pin Carga Samsung A3 2017 A320 A5 2017 A520 A7 2017 A720,,,9714,5
6541422002251,Samsung Compatible,Camara Trasera Samsung S9 Plus Star2_Lsi_V06B  Sm- G965F,,,9708,170
6541421903947,Samsung Compatible,Camara Trasera Samsung S9 Stari_Lsi_V04/Sm-G960F/U,,,9707,240
6541421772875,Samsung Compatible,Camara Trasera Samsung J4 Plus/ J4 Core/ J6 Plus Ips Sm-J415F Sm-J410F Sm-J610G,,,9705,100
6541421674571,Samsung Compatible,Camara Trasera Samsung A20S Sm-A207M Rodj38-3,,,9710,310
6541421543499,Samsung Compatible,Camara Trasera Samsung A20S Sm-A207M Hhe1119-1,,,9709,60
6541421346891,-,Bateria Lg K40 / G7 Thinq  lmx420emw g710em Bl-T39.,,,9704,160
6540136185931,Iphone Compatible,Display Iphone 12 Pro Max A2342 A2410 A2411 A2412 Oled,,,9659,2870
4740510253131,Huawei Compatible,Camara Frontal Huawei P30 Lite / Nova 4E 32MPX Otf1466 Mar-lx1m Mar-lx3a Mar-tl00,,,9647,100
4740510089291,Huawei Compatible,Camara Frontal Huawei P20 Lite / P Smart 2019 A16s10c2 Ane-lx2 Ane-lx2J Pot-lx3,,,9648,170
4740510154827,Huawei Compatible,Camara Frontal Huawei P30 Lite Fgd1Saf Mar-l01a Mar-lx1m,,,9646,110
6543841984587,Sunshine,Dispensador Aplicador Gotero Alcohol,,,9723,40
6543842082891,FixOEM Herramientas,Bisturi Raspador Espatula Sunshine Ss-101A.,,,9725,150
6543841591371,Sunshine,Escobilla Brocha Cepillo Doble Cabeza Brocha Limpieza Sunshine Ss-022.,,,9720,110
6541422723147,Samsung Compatible,Display Samsung A01 Core LED Sm-A013F.,,,9702,200
4729312837707,SUGON,Estación Soldadura Cautin Sugon T26D 120w.,,,9630,4390
6540836012107,Moto Compatible,Flex Interconexion Moto G8 Plus Xt2019 Verison B1,,,9727,30
6540830048331,Moto Compatible,Camara Trasera Moto G7 Xt-1962 L12Aa30,,,9706,260
6540138414155,Huawei Compatible,Pin Carga Huawei P8 P8 Lite 5 Pz,,,9701,5
6540138217547,-,Pin Carga  Alcatel 4010 Blackberry 8520 5 Pzas,,,9700,5
6540137988171,-,Bateria Nokia 8 He328 Ta-1004  Ta-1012  Ta-1052 He328.,,,9699,170
6538024681547,SUGON,Fuente Regulable Poder Sugon 3005D 30V 5A,,,9698,2600
6537049538635,-,"Centro Carga Nokia 3.1 Plus Ta-1115, Ta-1118.",,,9690,50
6536945827915,Moto Compatible,Display Moto G9 Power Ips Xt-2091.,,,9664,195
6536125251659,-,Centro Carga Alcatel 1V 5001,,,9663,100
6536124923979,-,Display Alcatel 1V IPS 5001,,,9662,220
6535464616011,-,Bateria Alcatel 5010 5042 4047 Tli020F1.,,,9660,120
6535462748235,-,Bateria Hisense F24 / Infinity H11 / H10 Lpn385340.,,,9661,80
6535346552907,Moto Compatible,Display Moto E7 /  E7 Power / E7i Power IPS XT2097-6 XT2095-1 Xt2095-2,,,9656,160
4740510515275,Moto Compatible,Centro Carga Moto One Fusion Plus Xt2067.,,,9651,90
4740510416971,Samsung Compatible,Camara Frontal Samsung A10S 9M807B V0 Sm-A107F,,,9641,150
4740454187083,Xiaomi Compatible,Lente Camara Xiaomi Redmi Note 9 Pro Max / Note 9/ Note 9s,,,9654,50
4740448911435,Moto Compatible,Flex Interconexion Moto One Fusion Plus Xt2067,,,9653,50
4739905650763,Samsung Compatible,Touch Samsung Grand Neo Plus Negro I9060,,,9649,90
4738511994955,Xiaomi Compatible,Flex Interconexion Xiaomi Redmi Note 7,,,9644,30
4737346601035,Sunshine,Protector Microscopio Relife M-23.,,,9640,160
4737346568267,Samsung Compatible,Centro Carga Samsung S6 Edge G925 Version F.,,,9639,170
4737346535499,Samsung Compatible,Centro Carga Samsung S6 G920 VF.,,,9638,120
4737346502731,Sunshine,Adaptador Camara Microscopio Relife Szm Ctv 1/2.,,,9637,500
4737346404427,Moto Compatible,Flex Encendido Moto G5 Plus / G5S Plus Xt1803 Xt1680,,,9635,50
4736592937035,JCID,Dot Matriz Flex Face Id Cable Programador Jcid V1S Iphone,,,9633,650
4730967982155,Iphone Compatible,Bateria Iphone 5Se A1662 A1723 616-00107,,,9627,135
4730967523403,Samsung Compatible,Bateria Samsung S6 Edge EB-BG925ABE,,,9626,120
4730966802507,Samsung Compatible,Bateria Samsung Note 4 Sm-N910 Eb-Bn910Bbe,,,9625,120
4730387988555,Huawei Compatible,Auricular Huawei Y9 2019 Jkm-lx1 -2 -3,,,9313,50
4730387955787,Huawei Compatible,Display Huawei Y7A / P Smart 2021 / Honor 10x Lite Peppa-L23B Peppa-L22B  Peppa-L02B,,,9621,165
4730387890251,-,Irepair Adaptador Ipad.,,,9622,480
4730311376971,SUNSHINE,Desarmador  Destornillador Kit 58 En 1 Sunshine Ss-5117,,,9620,450
4729314672715,SUGON,Estación Soldadura Cautin Sugon T36 110v.,,,9631,6010
4728478433355,-,Holder Sosten Pantalla Reparación Base Brazo Soporte Fijo 1pz.,,,9619,60
4728110448715,Samsung Compatible,Auricular Samsung Grand Prime G531 G530 Jack Audio 3.5,,,9617,30
4728110415947,Samsung Compatible,Display Samsung A8 Plus Sm-A730F Ips,,,9618,205
4725604581451,-,Paño Trapo Microfibra Importado USA 40x40,,,9588,50
4725604515915,Samsung Compatible,Bateria Samsung M31 / M30S / M21 Sm-M215F  Sm-M315F  Sm-M307F Eb-Bm207Aby.,,,9453,200
4725604384843,-,Display Puro Lanix Led X540,,,9586,220
4725604221003,Huawei Compatible,Auricular Huawei P20 2018 Lite ALE LX1,,,9607,50
4725604155467,Moto Compatible,Camara Trasera Moto E5 / G6 Play Cmc958  Xt1952 Xt1922,,,9604,250
4725604089931,Iphone Compatible,Camara Trasera Iphone X 821-01059-A,,,9605,880
4725604024395,Huawei Compatible,Camara Trasera Huawei Y9 2019 M13N01B Jkm-Lx1 -2 -3,,,9603,290
4725603991627,Huawei Compatible,Camara Trasera Huawei P20 Lite Ane-Lx2 X06_F01,,,9601,140
4725603958859,Huawei Compatible,Camara Frontal Huawei P20 Lite / Honor 8x 7Bff01p1d Ane-lx1 Ane-l23 Jsn-l21 Jsn-l22,,,9602,60
4725603860555,-,Touch Lanix X540,,,9587,110
4725603827787,-,Touch Alcatel Pixi 4 6.0 8050,,,9590,100
4725603795019,Huawei Compatible,Flex Interconexion Huawei Y9 2019 Jkm-Lx1 -2 -3 Hl1Jsnfl,,,9615,50
4725603762251,ZTE Compatible,Flex Encendido Zte V Ultra,,,9595,30
4725603729483,Samsung Compatible,Centro Carga Samsung A7 2016 Sm-A710M.,,,9611,220
4725603696715,-,Centro Carga Alcatel 3 5052,,,9598,50
4725603631179,Xiaomi Compatible,Display Xiaomi Redmi 8 / 8A / 8 PRO IPS,,,9614,200
4725603598411,Samsung Compatible,Display Samsung J2 Core IPS SM-J260.,,,9599,280
4725603565643,Moto Compatible,Display Moto One Fusion IPS Xt2073-2.,,,9610,165
4725603401803,-,Repuesto Pistola De Calor R108A.,,,9589,440
4725603369035,KAISI,Repuesto Navajas Kaisi Bisturi Espatulas 10pz.,,,10185,60
4722500337739,-,Display Hisense E30 / E30 Lite Hlte220E IPS,,,9584,230
4722489983051,Moto Compatible,Auricular Moto G7 Power Xt1955,,,9581,50
4722489950283,Moto Compatible,Auricular Moto E4 Plus  XT1772,,,9582,40
4722489917515,Huawei Compatible,Flex Interconexion Huawei P30 Lite Mar-Lx3A Hl1Marf,,,9557,50
4722489884747,Huawei Compatible,Flex Conexion Huella Huawei Mate 20 Lite Sne-Lx1,,,8998,30
4722489851979,Moto Compatible,Touch Moto E5 Play Go Negro XT-1920,,,9573,110
4722489819211,Huawei Compatible,Flex Interconexion Huawei P Smart 2019 Pot-Lx3 Hl1Hryfl,,,9567,50
4722489786443,Samsung Compatible,Flex Encendido Samsung A21S sm-A217,,,9576,50
4722489753675,Moto Compatible,Flex Encendido Moto One Vision Xt1970,,,9569,60
4722489720907,Samsung Compatible,Flex Antena Wifi Samsung A50 SM-A505,,,9565,80
4722489688139,Samsung Compatible,Centro Carga Samsung A21S Sm-A217.,,,9575,50
4722489655371,Moto Compatible,Centro Carga Moto G8 Xt2045-1.,,,9574,60
4722489622603,-,Display Lg K61 / Q61 IPS LMQ630EAW LM-Q630N,,,9572,190
4722489589835,Iphone Compatible,Display Iphone 12 / 12 Pro Oled A2172 A2402 A2403 A2404 A2341 A2406 A2407 A2408,,,9570,740
4722489524299,-,Display Alcatel A5 IPS 5085.,,,9568,330
4721792581707,-,Alcohol Isopropilico En Aerosol,,,9579,180
4718533279819,Huawei Compatible,Bocina Altavoz Huawei Y9 2019 / Y8s Jkm-Lx1 -2 -3 Stk-l21-l22/ Ltk-lx3,,,9564,50
4718530723915,Huawei Compatible,Flex Huella Huawei Honor 20 Nova 5T Yal-L21,,,9990,130
4718022328395,BAKU,Espatula Raspador Plumilla Uña Baku Metalica 213.,,,5613,30
4718022000715,YIHUA,Resistencia Pistola Calor 22X68Mm 4 Cables Bomba Diafragma.,,,5505,110
4718021967947,YIHUA,Resistencia Pistola Calor 20X69Mm 4 Cables Ventilador.,,,5506,180
4718021869643,ZTE Compatible,Pin Carga V880 Chino Zte L2 5Pz,,,7682,5
4718021804107,Samsung Compatible,Pin Carga Samsung S6 Flat/S6 Edge,,,7675,5
4718021738571,Moto Compatible,Glass Moto G9 Plus Xt2087-2 Xt2087-1,,,7915,60
4718021574731,Sunshine,Lente Auxiliar Barlow Relife 0.5X Wd165 Binocular/Trinocular RELIFE,,,2395,570
4718021378123,Samsung Compatible,Flex Interconexion Main Sub Samsung M31 Sm-M315F,,,9449,50
4718021115979,Huawei Compatible,Flex Encendido Huawei P30 Lite Mar-Lx3,,,9386,50
4718021083211,Samsung Compatible,Flex Encendido Samsung A10E A10 A20E A40S M10 M20 M30 A102 A105 A202 A3050 A3051 A3058 M105 M205,,,9459,50
4718020919371,YIHUA,Estacion Calor Cautin Soldar Yihua 995D 2 en 1,,,5490,3330
4718020853835,ZTE Compatible,Display Zte Blade X Max IPS Z983,,,5428,380
4718020788299,ZTE Compatible,Display Zte Z Max Ips Z970,,,1465,400
4718020755531,ZTE Compatible,Display Zte Grand X Max IPS Z787,,,5425,290
4718020657227,ZTE Compatible,Display Zte V8 Lite / V8 Se Ips,,,9011,400
4718020558923,Xiaomi Compatible,Display Xiaomi Redmi Note 9s / note 9 Pro Ips M2003J6B2G M2003J6A1G,,,9519,165
4718019739723,-,Display Lg G7 Fit /  G7 ThinQ IPS Lm-G710 Lm-Q850 LmQ850EM LmQ850QM,,,5367,340
4718019608651,Iphone Compatible,Display Iphone 5 IPS A1428  A1429,,,7653,190
4718019575883,Huawei Compatible,Display Huawei Y9 Prime 2019 / Y9S / Honor 9X / 9X Pro Stk-L21 Stk-Lx3 Stk-L22 Stk-LX1 Hlk-L41  Hlk-L42 IPS,,,5280,180
4718019543115,Huawei Compatible,Display Huawei Y9 2019/ Y8S / Enjoy 9 Plus Jkm-LX1 Jkm-LX2 Jkm-LX3 IPS,,,5122,170
4718019477579,Huawei Compatible,Display Huawei Y7P  Art-L28 / P40 Lite E / Honor 9C / Honor Play 3 IPS ART-L28  ART-L29  ART-L29N  AKA-L29,,,9090,165
4718019444811,Huawei Compatible,Display Huawei Y7 2019 / Y7 Prime 2019 IPS DUB-LX1  DUB-LX3  DUB-L23  DUB-L21 IPS,,,5341,165
4718019412043,Huawei Compatible,Display Huawei Original Y6P / Honor 9A Med-Lx9  Med-Lx9n 2020 IPS,,,9091,170
4718019313739,Huawei Compatible,Display Huawei Y5 Neo IPS Dra-Lx3,,,9367,190
4718019280971,Huawei Compatible,Display Huawei Y5 2019 IPS Amn-Lx3.,,,5456,230
4718019248203,Huawei Compatible,Display Huawei P9 Lite 2017 / P8 LITE 2017  IPS Pra-LX1  Pra-LX2  Pra-LX3,,,5685,180
4718019215435,Huawei Compatible,Display Huawei P9 Lite 2016 IPS Vns L23 Vns-L31  Vns-L21,,,5687,200
4718019182667,Huawei Compatible,Display Huawei P20 Lite 2019 / Nova 5I IPS Glk-Lx1 Glk-Lx2 Glk-Lx3.,,,7625,460
4718019117131,Huawei Compatible,Display Huawei P30 Pro Vog-L04,,,8981,975
4718019084363,Huawei Compatible,Display Huawei P30 Lite 2019 Lx3a / Nova 4E 2019 Mar-lx1m Mar-al00 Mar-tl00 Mar-lx2,,,5261,175
4718019051595,Huawei Compatible,Display Huawei P30 / P30 Leica Ele-L09  Ele-L29  Ele-L04,,,7649,525
4718018986059,Huawei Compatible,Display Huawei P20 Lite NE-TL00 ANE-LX1 ANE-LX2 IPS,,,5455,160
4718018887755,Huawei Compatible,Display Huawei P10 Plus VKY-L29 -L09 -AL00 Ips,,,9252,530
4718018789451,Huawei Compatible,Display Huawei Nova 5T / Honor 20 YAL-L21  YAL-L61  YAL-L71  YAL-L61D  YAL-AL00  YAL-TL00 IPS,,,5201,165
4718018756683,Huawei Compatible,Display Huawei Mate 8 Nxt-L29 IPS,,,9281,400
4718018723915,Huawei Compatible,Display Huawei Mate 20 Pro Con huellla Oled Lya-L09.,,,9364,2610
4718018658379,Huawei Compatible,Display Huawei Mate 20 IPS Hma-L09/Hma-L29/Hma-Lx9.,,HMA-L09 | HMA-L29 | HMA-LX9 | Calidad: IPS | RECOMENDACIONES,9021,300
4718018592843,Huawei Compatible,Display Huawei Mate 10 Lite IPS Rne-L03,,,9020,200
4718018560075,Huawei Compatible,Display Huawei Mate 10 Alp-L09 IPS,,,7650,330
4718018461771,Huawei Compatible,Display Huawei Honor 9X Lite Jsn-L21/Jsn-L22/Jsn-L23 IPS,,,9089,160
4718018232395,-,Display Alcatel 5 IPS 5086/5086A/D/Y/OT/OT5086D,,,5618,450
4718018166859,FixOEM,Display Alcatel 3 3L 2020 5029 / 1V 2020 5007 / 1S 2020 5028A IPS,,,9062,175
4718018068555,-,Display Alcatel Pop 3 5.5 5025 5025G IPS,,,9293,300
4718018003019,-,Display Alcatel Pixi 4 (5) Con Marco 5010 5010G IPS,,,9291,220
4718017413195,SUNSHINE,Activador Bateria Celulares Compatible Iphone /Android  Sunshine Ss 909.,,,9003,620
4716711673931,SUNSHINE,Fuente Regulable Poder Sunshine P3005A,,,9547,3200
4716522340427,Xiaomi Compatible,Bateria Xiaomi Redmi Note 9 Pro / Redmi Note 10 Pro BN53,,,9544,165
4715558993995,SILIMEX,"Limpiador desengrasante en aerosol dielectrico, para tarjetas electrónicas y circuitos, bote 454 ml. COMPUKLIN",,,9864,220
4717449707595,-,Cable Hdmi 1m,,,9542,80
4717449478219,RKSE,R-sim givey libera tu Iphone,,,311,100
4717449412683,QUICK,Estacion Calor Quick Tr1100.,,,9550,5640
4717449379915,SUNSHINE,"Microscopio Digital Sunshine Ms8E-01-Hdmi 8""",,,9556,4000
4717449314379,SUNSHINE,Espatula Raspador Uña Antiestatica Sunshine Ss040.,,,9554,60
4717449281611,RELIFE,Desarmador Destornillador Relife Rl-721,,,9561,90
4715186847819,SILIMEX,Alcohol Isopropilico 80%,,,10896,170
4711326679115,-,Display Lg G4 IPS H815P.,,,9513,160
4711325990987,Iphone Compatible,Tornillos Iphone X 50Pz,,,9515,60
4711325925451,Moto Compatible,Boton Fisico Moto One Xt Xt1941,,,9517,50
4711325892683,Huawei Compatible,Flex Interconexion Huawei Y6 2019 Mrd-Lx3 Hl1Jatfl,,,9516,40
4711325827147,Samsung Compatible,Display Samsung A10E / A20E  Ips Sm-A102U Sm-A202F .,,,9510,160
4706219655243,MECHANIC,Soldadura Estaño Mechanic Sx862 60G varias medidas,,,9488,170
4706219589707,Samsung Compatible,Bocina Samsung Grand Prime G532,,,9490,50
4706219524171,Samsung Compatible,Bocina Samsung Grand Prime G531,,,9489,20
4706219425867,Moto Compatible,Flex Encendido Moto G4 Play Xt1601,,,9509,40
4706219360331,Moto Compatible,Flex Encendido Moto X Xt1053,,,9499,30
4706219130955,-,Centro Carga Sony Xa2 Ultra H3223.,,,9502,130
4706218901579,Samsung Compatible,Centro Carga Inalambrico Samsung Note 10 Plus Nfc  N975F  N975U,,,9498,90
4706218639435,ZTE Compatible,Display Zte Blade A3 2020 IPS,,,9503,180
4706218573899,Moto Compatible,Display Moto E6 IPS Xt2005.,,,9506,340
4706218344523,-,Display Nokia 3.1 2018 IPS Ta-1074.,,,9508,250
4706218213451,-,Bateria Nokia 5 Ta-1053 / Ta-1024 / Ta-1044 / Ta-1027  HE321 2900mAh,,,9500,120
4706218115147,Iphone Compatible,Bateria Iphone 11 Pro Max A2161 A2220  A2218 616-00651,,,9504,245
4706218082379,Iphone Compatible,Bateria Iphone 11 Pro A2160  A2215  A2217 616-00659,,,9505,225
4706218016843,-,Bateria Htc Desire 626 D626ph Bopkx100.,,,9501,80
4700210462795,ZTE Compatible,Touch Zte L7,,,9741,110
4700210397259,-,Touch Ipad 5 / Air 1,,,9412,140
4700210331723,Moto Compatible,Flex Huella Moto G6 Plus Negro Xt1926,,,9404,120
4697602064459,Samsung Compatible,Display Puro Samsung Grand Neo Plus IPS Sm-l9060,,,9383,210
4697602031691,Samsung Compatible,Bocina Samsung Grand Prime G530,,,9403,50
4697601998923,Samsung Compatible,Auricular Samsung A20 Sma-A205G,,,9432,50
4697601933387,Moto Compatible,Touch Moto C Negro Xt1750,,,9419,110
4697601900619,-,Touch Lanix X210,,,9434,100
4697601769547,-,Touch Ipad 6 2017 A1954  A1893 Blanco / Negro,,,9438,140
4697601736779,-,Touch Alcatel Pixi 4 5098,,,9429,120
4697601704011,-,Touch Alcatel Pop 3 5054S,,,9439,120
4697601671243,Iphone Compatible,Ic Iphone U2 5C / 5S / Ipad Air / Ipad Mini 2 / Ipad Mini 3 Modelo 1610A1,,,9424,80
4697601638475,Moto Compatible,Flex Sim Moto G2 Xt1063/4 Xt1068,,,9406,120
4697601605707,Samsung Compatible,Flex Interconexion Main Sub Samsung M50 Sm-M15F,,,9460,50
4697601572939,Samsung Compatible,Flex Interconexion Main Sub Samsung A40S Sm-M305/A407F,,,9447,50
4697601540171,Samsung Compatible,Flex Interconexion Main Octa Samsung M31 Sm-M215F,,,9454,50
4697601507403,Samsung Compatible,Flex Interconexion Main Octa Samsung A40S Sm-A407/M305 Octa,,,9448,50
4697601474635,Huawei Compatible,"Flex Interconexion Huawei Y9 2018 Fla-Lx1,Lx2,Lx3 Hl1Flafl",,,9415,30
4697601409099,Samsung Compatible,Flex Encendido Samsung M31 Sm-M315,,,9452,80
4697601376331,Samsung Compatible,Flex Encendido Samsung J4 Core / J4 Plus / J6 / J8 / A6 Sm-J410G Sm-J415F Sm-A600F,,,9381,50
4697601343563,-,Flex Encendido Nokia 5.1,,,9470,50
4697601310795,Moto Compatible,Flex Encendido Moto G8 Power Xt2041,,,9399,50
4697601278027,Moto Compatible,Flex Encendido Moto G8 Plus Xt2019,,,9398,40
4697601245259,Moto Compatible,Flex Encendido Moto G8 Play / Moto One Macro,,,9396,50
4697601212491,Moto Compatible,Flex Encendido Moto G8 Xt2045,,,9397,60
4697601179723,Moto Compatible,Flex Encendido Moto G7 Play Xt1952,,,9395,50
4697601081419,ZTE Compatible,Flex Encendido Zte Z982,,,9389,30
4697600983115,ZTE Compatible,Centro Carga Zte Blade A5 2020,,,9384,80
4697600950347,Xiaomi Compatible,Centro Carga Xiaomi Mi 9 Lite M1904F3Bg.,,,9416,90
4697600852043,Samsung Compatible,Centro Carga Samsung M31 / M30S / M21.,,,9420,60
4697600786507,Samsung Compatible,Centro Carga Samsung A40 Sm-A405Fn.,,,9441,50
4697600753739,Samsung Compatible,Centro Carga Samsung A31 Sm-A315G.,,,9461,50
4697600720971,-,Centro Carga Nokia 2 Ta-1029 / Ta-1035,,,9430,50
4697600655435,Moto Compatible,Lente Camara Huawei Y9S Stk-lx3s Stk-l21,,,9409,50
4697600622667,Moto Compatible,Centro Carga Moto E6S / E6i Xt2053-1 -5,,,9423,50
4697600491595,ZTE Compatible,Display ZTE Blade V6 Max IPS,,,9421,290
4697600426059,Xiaomi Compatible,Display Xiaomi Redmi Note 9 4G Ips M2003J15SC  M2003J15SG  M2003J15SS,,,9400,175
4697600327755,Samsung Compatible,Display Samsung J2 Sm-J200 Ips,,,9462,390
4697600262219,Samsung Compatible,Display Samsung A5 2016 Sm-A510 Ips,,,9471,420
4697600229451,Samsung Compatible,Display Samsung A40S Sm-A3050 IPS .,,,9445,480
4697600196683,Samsung Compatible,Display Samsung A40 Oled A405F.,,,9440,1300
4697600163915,Moto Compatible,Display Moto Z4 / Z4 Play Con Huella IPS Xt1980.,,,9379,680
4697600131147,Moto Compatible,Display Moto One Fusion Plus Ips Xt2067,,,9436,185
4697600098379,Moto Compatible,Display Moto G9 Plus IPS Xt-2087.,,,9475,205
4697600065611,Moto Compatible,Display Moto E7 Plus Xt2081 / Moto G9 Play Xt2083  IPS,,,9474,160
4697599967307,-,Display Lg Zero IPS H650E,,,9435,400
4697599803467,Huawei Compatible,Display Huawei Y9A / Honor X10 IPS Frl-22 Frl-23 Tel-AN00 Tel-TN00,,,9402,180
4697599770699,-,Display Alcatel A3 XL IPS 9008 9008X 9008D 9008A OT9008,,,9410,450
4697599737931,-,Display Alcatel 1X 5059 IPS,,,9413,250
4697599639627,-,Display Alcatel A3 Plus IPS 5011 5011A 501X 0T5011,,,9407,310
4697599606859,-,Display Alcatel 1C 5003G IPS,,,9414,250
4697599574091,FixOEM: Refaccionaria Celular,Display Alcatel 1B IPS 5002A-D-F-I-M-X-S-R-D_EEA-H_EEA-B,,,9428,240
4697599541323,Xiaomi Compatible,Bateria Xiaomi K20 Pro / Mi 9T Pro M1903f11i  M1903f11g Bp40,,,9392,150
4697599475787,Samsung Compatible,Bateria Samsung M40 / A60 Sm-M405F Sm-A606 Eb-A606Abu.,,,9451,30
4697599410251,Samsung Compatible,Bateria Samsung A40S Sm-A407F Eb-Ba415Aby.,,,9446,100
4697599377483,Samsung Compatible,Bateria Samsung A40 Sm-A405A Sm-A405F Eb-Ba405Abe,,,9442,110
4697599344715,Samsung Compatible,Bateria Samsung A11 Sm-A115 Hq70N,,,9443,140
4697599311947,Moto Compatible,Bateria Moto G8 Plus Xt2019 Kd40.,,,9390,150
4697599279179,Moto Compatible,Bateria Moto E6I / E6 Play / E6S Xt2053-5 KS40,,,9418,145
4697599213643,MASTECH,Tester Smd Mastech Ms8910.,,,9463,540
4697599180875,Sunshine,Tapete Silicon Soldar Trabajo Calor Microscopio B1 20.5X26Cm,,,9465,190
4697599115339,FixOEM Herramientas,Stencil Fixture Pcb Marco Medio Iphone X Xs Max 11 Pro Max B&R Ip-A06 6En1.,,,9467,1220
4697599082571,JCID,Precalentadora Plancha Logica Iheater J&C JcID Iphone X-11 Pro Max.,,,9468,3220
4697599017035,Kaisi,Bomba Removedor Extractor De Soldadura.,,,9394,60
4697598951499,KAISI,Desarmador Destornillador Triwing Y .06 Iphone Kaisi Pata Gallo,,,9401,60
4697598918731,MECHANIC,Bomba Removedora De Ic Mechanic Lt 201.,,,9466,190
4682734207051,-,Display Alcatel 7 IPS 6062 6062W 6062T,,,9983,870
4609297088587,FixOEM:Refacción Celular+Gaming,Display Alcatel 3X (2018) 5058 5058A IPS,,,7902,360
4583093993547,-,Display Alcatel Pop 4 Plus IPS 5056 5056D 5056A,,,7624,690
4532271546443,Huawei Compatible,Display Huawei Gr5 KII-L21 KII-L22  KII-L23  KII-L03  KII-L05 IPS,,,5630,50
4445689348171,Huawei Compatible,Display Huawei P10 Lite WAS-LX1 WAS-LX2 WAS-LX3 IPS,,,5248,320
4445689053259,Huawei Compatible,Display Huawei Honor Gx8 Rio-L03 IPS,,,5243,240
4445688561739,Huawei Compatible,Display Huawei P10 IPS VTR-L29 VTR-AL00 VTR-TL00 VTR-L09,,,5247,420
4445688004683,Huawei Compatible,Display Huawei G7 L03  L01 IPS,,,5242,240
4445687873611,Huawei Compatible,Display Huawei G Play Mini Chc-U03 IPS,,,5241,100
4445687808075,Huawei Compatible,Display Huawei G Elite / Huawei Y6 Pro 2017/ P9 Lite IPS Sla-L03 Sla-L02 Sla-L22,,,5250,190
4445687382091,-,Display Htc 10 Lifestyle 825 IPS,,,5236,250
4445687251019,-,Display Hisense F20 Infinity HS-F20 IPS,,,5233,400
4445687185483,-,Display Hisense Hi 3 IPS,,,5232,340
4445687021643,-,Display Hisense F23  Hs-F23 IPS,,,5230,240
4445686071371,Huawei Compatible,Display Huawei Nova 2 IPS PIC-AL00 -tl00 -lx9 *,,,5215,100
4445685448779,-,Display Hisense F19 / H30 Lite Hlte223E Hlt223E IPS,,,5202,510
4445680828491,Huawei Compatible,Display Huawei P Smart 2019 IPS Pot-Lx3.,,,5121,180
4682733682763,-,Repuesto Base Cautin,,,9240,80
4455768129611,YIHUA,Repuesto Cautin Yihua 907K 939D+,,,5495,350
4308957855819,-,Lupa Doble Sujetadora De Logica 5 Led Base,,,364,200
4015039316043,SUNSHINE,Fibra Limpiadora Punta Cautin Sunshine Ss599B.,,,511,80
4106713497675,YIHUA,Estación Soldadura Cautin Yihua 950.,,,4829,2640
3985001185355,JABEUD,Punta Cautin Jabe Ud 1200 2245.,,,3838,430
4455470170187,YIHUA,Punta Cautin Yihua 5Pz.,,,5509,280
4682733715531,-,Repuesto Base Pistola Calor.,,,9241,90
4637624762443,YIHUA,Repuesto Pistola Calor Yihua Q108C.,,,8077,180
4610802876491,YIHUA,Repuesto Pistola De Calor Yihua 995D S108B.,,,5497,410
4583087439947,-,Base Pistola Aire Caliente Reballing Kaisi F-204.,,,5684,660
4538606616651,QUICK,Repuesto Cautin Quick 969A / 936A / 706W / 705 / 700,,,5588,610
4455780581451,QUICK,Repuesto Resistencia Pistola Calor Lick / Quick A1147 857/857D.,,,5504,230
4455769309259,YIHUA,Repuesto Pistola De Calor Yihua S108A 995D.,,,5498,560
4106726670411,YIHUA,Estacion Calor Yihua 858D.,,,5194,1320
4688368074827,Tristar,Tester Tristar Flex Centro Carga Android / Iphone / Tipo C.,,,9371,90
4688367878219,Huawei Compatible,Lector Huella Huawei Y7 2019 Negro Dub-Lx3,,,8037,80
4688367845451,Huawei Compatible,Flex Huella Huawei Y6 2018 Y6 Prime  Atu-Lx3 Atu-L11 Negro,,,8036,30
4688367812683,Huawei Compatible,Flex Huella Huawei P9 Eva-L09,,,8034,30
4688367779915,Huawei Compatible,Lector Huella Huawei P10 Lite Negro Was-Lx3,,,8032,50
4688367747147,Huawei Compatible,Flex Huella Huawei Mate 8 Plateado Nxt L29,,,8026,30
4688367714379,Huawei Compatible,Lector Huella Huawei Mate 10 Lite Negro Rne-L01,,,8024,30
4688367648843,Samsung Compatible,Display Samsung M30 / M30s / M21 / M21s / M31 Ips Sm-M305f/ M315f,,,9372,215
4688367616075,Samsung Compatible,Display Samsung A11 IPS Sm-A115.,,,9370,180
4688367517771,Moto Compatible,Centro Carga Moto G8 Play Xt2015  / Moto One Macro Xt2016 Ancho,,,9373,80
4688367485003,Huawei Compatible,Bateria Huawei Y9 Prime 2019/ Y9S/ P Smart Z/ Honor 9X / Nova 5 / Honor 9X Pro HB446486ECW,,,9368,150
4682737549387,-,Display Puro Alcatel U5 4047 TFT,,,9290,260
4682739908683,Huawei Compatible,Lente Camara Huawei P30 Pro Vog-L04,,,9237,50
4682739875915,Samsung Compatible,Flex Interconexion Main Sub Samsung A20S Sm-A207M / M12 SM-M127M,,,9206,50
4682739482699,Xiaomi Compatible,Estufa Con Campana Viomi Xiaomi Cxw 250,,,9262,3250
4682739384395,Samsung Compatible,Lente Camara Samsung S20 Ultra Sm-G988,,,9362,50
4682739318859,Samsung Compatible,Lente Camara Samsung S20 Plus Sm-G985,,,9361,50
4682739253323,Samsung Compatible,Lente Camara Samsung S20 Sm-G980F,,,9360,50
4682739220555,Samsung Compatible,Lente Camara Samsung S10 Plus Sm-975F,,,9359,60
4682739187787,Samsung Compatible,Lente Camara Samsung S10 Sm-G973,,,9358,60
4682739155019,Samsung Compatible,Lente Camara Samsung M30 Sm-M305,,,9357,80
4682739122251,Samsung Compatible,Lente Camara Samsung M20 Sm-M205M,,,9356,80
4682739023947,Samsung Compatible,Lente Camara Samsung M10 Sm-M105M,,,9355,80
4682738991179,Samsung Compatible,Lente Camara Samsung A80 Sm-A805,,,9354,50
4682738958411,Samsung Compatible,Lente Camara Samsung A71 A715,,,9353,50
4682738925643,Samsung Compatible,Lente Camara Samsung A70 Sm-A705,,,9352,60
4682738892875,Samsung Compatible,Lente Camara Samsung A51 Sm-A515,,,9351,50
4682738860107,Samsung Compatible,Lente Camara Samsung A50 Sm-A505,,,9350,50
4682738794571,Samsung Compatible,Lente Camara Samsung A30S Sm-A307,,,9349,60
4682738729035,Samsung Compatible,Lente Camara Samsung A30 Sm-A305,,,9348,60
4682738696267,Samsung Compatible,Lente Camara Samsung A20S Sm-A207M,,,9347,50
4682738663499,Samsung Compatible,Lente Camara Samsung A20 Sm-A205G,,,9346,60
4682738630731,Samsung Compatible,Lente Camara Samsung A10S Sm-107M,,,9345,50
4682738597963,Samsung Compatible,Lente Camara Samsung A10 Sm-A105M,,,9344,30
4682738565195,Moto Compatible,Lente Camara Moto One Vision Xt1970,,,9343,60
4682738532427,Moto Compatible,Lente Camara Moto One Xt1941,,,9342,60
4682738368587,Iphone Compatible,Lente Camara Iphone Xr,,,9339,50
4682738335819,Iphone Compatible,Lente Camara Iphone X / Iphone Xs / Iphone Xs Max,,,9338,50
4682738270283,Iphone Compatible,Lente Camara Iphone 8 Plus,,,9337,60
4682738237515,Iphone Compatible,Lente Camara Iphone 8,,,9336,30
4682738204747,Iphone Compatible,Lente Camara Iphone 7 Plus,,,9335,30
4682738171979,Iphone Compatible,Lente Camara Iphone 7,,,9334,80
4682738139211,-,Transistor Regulador Tl431 Smd 5Pz,,,9333,50
4682738040907,Iphone Compatible,Lente Camara Iphone 11 Pro / 11 Pro Max,,,9332,50
4682738008139,Iphone Compatible,Lente Camara Iphone 11,,,9331,50
4682737909835,-,Display Puro Lanix TFT X510,,,9298,190
4682737844299,-,Display Puro Lanix Led X230,,,9297,180
4682737778763,-,Display Puro Lanix TFT X220,,,9296,110
4682737745995,-,Display Puro Alcatel Led 8050,,,9295,340
4682737352779,Moto Compatible,Bocina Moto One,,,9325,50
4682737221707,Moto Compatible,Bocina Moto E4 Xt1760 63 64,,,9318,50
4682737188939,Iphone Compatible,Bocina/Buzzer Iphone X,,,9316,60
4682737123403,Huawei Compatible,Bocina Altavoz Buzzer Huawei Y6 2019 Mrd Lx3,,,9311,50
4682737090635,Huawei Compatible,Bocina Huawei P20 Lite Ale Lx1,,,9308,50
4682737057867,Huawei Compatible,Bocina Huawei P Smart 2019 Pot-Lx3,,,9306,50
4682737025099,Huawei Compatible,Bocina Huawei Mate 20 Hma-L09,,,9304,50
4682736992331,Huawei Compatible,Auricular Huawei P20 P20 Pro Clt-L04 Eml-L29,,,9309,50
4682736926795,Huawei Compatible,Auricular Huawei P Smart 2019 Pot-Lx3,,,9307,60
4682736894027,Huawei Compatible,"Auricular Huawei Mate 20, Mate 20 lite, Nova 5T , P Smart Z , P Smart 2019 , P30 , P40 Lite , Y5 2019 , Y6 2019 , Y6 Pro , Y6P 2020 , Y6S , Y7 2019 , Y8S , Y9S , Y9 Prime 2019",,,9305,50
4682736861259,Samsung Compatible,"Auricular Samsung A30S /SM-A307F, SM-A307FN/ A307G/ A307GN/ A307GT",,"SM-A307F, SM-A307FN/ A307G/ A307GN/ A307GT | RECOMENDACIONES",9328,60
4682736828491,Moto Compatible,"Altavoz Moto One Vision Xt1970-2, Xt1970-3",,,9327,50
4682736762955,Moto Compatible,Altavoz Moto One Xt1941-,,,9326,50
4682736730187,Moto Compatible,Altavoz Moto  G7 Power / G7 Play / G8 Power / Moto E30,,,9324,50
4682736664651,Moto Compatible,Altavoz Moto G6 / G6 Plus / G6 Play Xt1925 Xt1926,,,9320,30
4682736599115,Moto Compatible,Altavoz Moto E5 / E5 Plus / E5 Play,,,9322,50
4682736566347,Moto Compatible,Altavoz Moto E4  Xt1767  Xt1766,,,9319,60
4682736533579,Iphone Compatible,Auricular Iphone X A1865,,,9317,50
4682736468043,Iphone Compatible,Auricular Iphone 8 / iphone se 2020,,,9315,50
4682736369739,Huawei Compatible,Auricular Huawei Y7 2019 Y7 2019 Pro Dub Lx1,,,9312,60
4682736336971,Huawei Compatible,Altavoz Huawei Y6 2019/Y6 Prime Mrd-Lx3/Mrd-Lx1F,,,9310,60
4682736304203,Samsung Compatible,Camara Trasera Samsung A50S Sm-A507M 48M/5M/8M 20190603Rev0.1,,,9987,420
4682736238667,Samsung Compatible,Camara Trasera Samsung A30S Sm-A307M A30-8M/25M/5M Rev 0.2,,,9986,190
4682736173131,Samsung Compatible,Camara Trasera Samsung A20S Sm-A207M Hht5047,,,9985,220
4682736140363,Samsung Compatible,Camara Trasera Samsung A10S Sm-A107M Hht5043,,,9984,110
4682736074827,-,Touch Ipad Mini 1 / Mini 2 A1432 A1454 A1455 A1490,,,9266,140
4682736042059,Iphone Compatible,Boton Home Huella Yf Universal Iphone 7 / Iphone 7 Plus / Iphone 8 / Iphone 8 Plus / Iphone Se 2020 / Iphone Se 2022,,- iPhone 7- iPhone 8- iPhone 7 Plus- iPhone 8 Plus,9314,60
4682735910987,Huawei Compatible,Flex Interconexion Huawei P20 Lite Ale-Lx1 Hl1Annefl,,,9278,60
4682735714379,Samsung Compatible,Flex Encendido Samsung J6 Sm-J600,,,9246,110
4682735681611,Huawei Compatible,Flex Encendido Huawei P20 Eml-L09,,,9982,50
4682735616075,Iphone Compatible,Ic Pmu Radio Frecuencia Iphone X,,,9275,100
4682735583307,Iphone Compatible,Ic Pmu Radio Frecuencia Iphone 7,,,9274,50
4682735517771,Iphone Compatible,Ic Pmu Radio Frecuencia Iphone 6,,,9273,100
4682735485003,Iphone Compatible,Ic Base Band Iphone X,,,9272,100
4682735452235,Iphone Compatible,Ic Base Band Iphone 7,,,9271,120
4682735419467,Iphone Compatible,Ic Base Band Iphone 6,,,9270,100
4682735386699,ZTE Compatible,Centro Carga Zte V8Q,,,9303,100
4682735321163,ZTE Compatible,Centro Carga Zte V6,,,9279,50
4682735288395,ZTE Compatible,Centro Carga Zte V10 Vita,,,9269,80
4682735222859,Xiaomi Compatible,Centro Carga Xiaomi Redmi Note 8,,,9247,50
4682735190091,Moto Compatible,Centro Carga Moto E6 Xt2005-1.,,,9365,80
4682735124555,Iphone Compatible,Centro Carga Iphone 5 A1428/A1429.,,,9979,60
4682734895179,Samsung Compatible,Display Samsung A60 / M40 IPS SM-M405FN  SM-A606F,,,9255,860
4682734862411,Samsung Compatible,Display Samsung A31 Sm-A315F.,,,9280,170
4682734796875,Samsung Compatible,Display Samsung A21S Sm-A217M IPS,,,9289,165
4682734698571,-,Display Lg X Power IPS K220H  K220F  K450,,,9283,380
4682734665803,-,Display Lg X Cam IPS K580H,,,9248,460
4682734469195,-,Display Lg G4 Stylus IPS H542.,,,9256,360
4682733944907,Xiaomi Compatible,Bateria Xiaomi Redmi Note 8 Pro M1906g7i M1906g7g Bm4J.,,,9287,130
4682733912139,Samsung Compatible,Bateria Samsung A70  Sm-A705F Eb-Ba705Abu,,,9286,130
4682733781067,Samsung Compatible,Bateria Samsung A10S / A20S  / A21 Sm-A107M Sm-A207M Scud-Wt-N6.,,,9282,140
4674467692619,KSGER,"Punta Cautin Ksger T12 Limpieza Shape K. Estaciones Hakko, Quicko, Mechanic, Ksge",,,9195,110
4674463170635,Huawei Compatible,Camara Trasera Huawei P30 Pro Vog-L29 / Vog L04,,,4782,550
4673116307531,Xiaomi Compatible,Display Xiaomi Note 5 Pro Ips MEI7S  MEI7,,,9163,330
4673116241995,Iphone Compatible,Display Iphone IPS 5S / Iphone Se A1723 A1662 A1453,,,9193,140
4673115422795,Samsung Compatible,Centro Carga Samsung S8 Plus Sm-G955.,,,9186,200
4673115357259,Moto Compatible,Bateria Moto One Macro / Moto G8 Play / Mogo G8 / Moto E7 Xt2015 Xt2016 Kg40.,,,9259,160
4673115226187,Moto Compatible,Bateria Moto G7 Plus Xt1965 Jg40,,,9192,125
4673115193419,Iphone Compatible,Bateria Iphone Xs Max A1921  A2101  A2102   A2103  A2104 616-00507,,,9190,215
4673115127883,Iphone Compatible,Bateria Iphone Xs  A1920  A2097  A2098  A2099  A2100 616-00512,,,9189,200
4673115095115,-,Adaptador Convertidor Monitor Tipo C A Vga,,,9162,80
4666359545931,Samsung Compatible,Boton Fisico Samsung J7 Metal Sm-J710Mn,,,9155,50
4666359513163,-,Flex Encendido Ipad Pro 9.7,,,9154,50
4666359480395,Samsung Compatible,Centro Carga Samsung Note 10 N970.,,,9156,110
4666359218251,-,Flex Interconexion Main Nokia 6.1 Plus Wnokx6,,,9160,30
4666359185483,-,Flex Interconexion Lcd Main Sub Nokia 8 Ta-1012 Ta-1004,,,9150,30
4666359152715,-,Flex Interconexion Lcd Main Sub Nokia 7.1 Ctl_Main_C,,,9149,30
4666359119947,-,Flex Interconexion Lcd Main Sub Nokia 6.1 Pl2_Extend Mepl214003A,,,9151,30
4666359054411,-,Flex Interconexion Lcd Main Sub Nokia 6 D1C_Up,,,9148,30
4666359021643,-,Flex Interconexion Lcd Main Sub Nokia 5.3 2021N5.3,,,9147,40
4666358956107,-,Flex Interconexion Lcd Main Sub Nokia 5.1 Plus A8167.19,,,9140,40
4666358923339,-,Flex Interconexion Lcd Main Sub Nokia 5.1 Core_Main_30,,,9139,40
4666358857803,-,Flex Interconexion Lcd Main Sub Nokia 3.1 5Aq_20,,,9145,40
4666358825035,-,Flex Interconexion Lcd Main Sub Nokia 3 E203460 S-13,,,9144,40
4666358726731,-,Flex Interconexion Lcd Main Sub Nokia 2.1 E2M_Main_Fcp_40,,,9141,40
4666358693963,-,Centro Carga Nokia 6.1 Plus / X6 2018,,,9159,80
4666358661195,-,"Centro Carga Nokia 6.1 Ta-1043, Ta-1045, Ta-1089.",,,9158,90
4666358628427,Samsung Compatible,Display Samsung J3 2016 IPS Sm-J320.,,,9152,210
4666358562891,-,Display Nokia 6.1 Plus Ips Ta-1103.,,,9161,70
4666358530123,Moto Compatible,Display Moto One Hyper IPS Xt2027.,,,9131,185
4666358431819,Moto Compatible,Bateria Moto One Zoom Xt2010 Kp50.,,,9253,160
4666358399051,Moto Compatible,Bateria Moto One Hyper  Xt2027 Kg50,,,9138,170
4666358267979,-,Bateria Lanix Ilium X510-Bat,,,9134,150
4666358202443,-,Bateria Lanix Ilium X120-Bat.,,,9133,80
4662440099915,-,Touch Ipad Mini 5 A2133 A2124 A2126 A2125,,,9097,420
4662439903307,-,Flex Home Jack Audio J7 Prime Sm-G610M,,,9085,60
4662439870539,Samsung Compatible,Flex Home Retroceso Samsung A5 A7 2017 A520 Sm-A720,,,9073,110
4662439837771,Samsung Compatible,Flex Interconexion Lcd Main Sub Samsung A920 A9 2018 Sm-A920F B2B,,,9063,30
4662439805003,Samsung Compatible,Flex Interconexion Lcd Main Sub Samsung A60 M40 Sm-A6060 R05,,,9059,50
4662439772235,Samsung Compatible,Flex Interconexion Lcd Main Octa Samsung M30 M305 Sm-M305F Octa,,,9064,60
4662439739467,Samsung Compatible,Flex Interconexion Lcd Main 2 Samsung A30 Sm-A305,,,9061,50
4662439641163,Samsung Compatible,Flex Huella Samsung J7 Pro Sm-J730G,,,9086,50
4662439608395,Samsung Compatible,Flex Home Samsung Sm-J400 J4 2018,,,9083,50
4662439575627,Samsung Compatible,Flex Home Samsung Grand Prime G530 G531 G532,,,9088,20
4662439542859,Samsung Compatible,Flex Home Samsung J5 Sm-J500F Jack Audio,,,9087,50
4662439510091,Samsung Compatible,Flex Home Audio Samsung J7 Sm-J700,,,9084,80
4662439477323,Samsung Compatible,Flex Home + Jack Audio Samsung J7 J700 / J7 Neo J701,,,9082,100
4662439411787,ZTE Compatible,Display Zte Blade A7 2020 IPS,,,9111,270
4662439346251,Xiaomi Compatible,Display Xiaomi Redmi Note 5 Pro / Note 5 IPS MEG7S  MEI7S,,,5168,155
4662439215179,-,Display Nokia 2.2 Ips Ta-1179.,,,9075,260
4662439182411,-,Display Nokia 2.1 Ips Ta-1093.,,,9074,340
4662439149643,Moto Compatible,Display Moto G8 Power Lite IPS Xt2055.,,,9054,165
4662439116875,Moto Compatible,Display Moto E6S IPS Xt2053-1.,,,9055,160
4662438559819,Samsung Compatible,Centro Carga Samsung A90 Sm-A908,,,9120,50
4662438527051,Samsung Compatible,Centro Carga Samsung A71 Sm-A715F.,,,9107,160
4662438494283,Samsung Compatible,Centro Carga Samsung A51 Sm-A515,,,9110,60
4662438461515,Samsung Compatible,Centro Carga Samsung A50S Sm-A507,,,9121,30
4662438428747,Samsung Compatible,Centro Carga Samsung A01 A015.,,,9112,50
4662438395979,-,Centro Carga Nokia 5.3 Ta-1223 -4 -7 -9.,,,9077,50
4662438363211,-,"Centro Carga Nokia 4.2  Ta-1133, Ta-1149.",,,9072,80
4662438330443,-,Centro Carga Nokia 2.3  Ta-1206.,,,9071,80
4662438297675,-,Centro Carga Nokia 2.2 Ta-1183.,,,9070,50
4662438264907,-,"Centro Carga Nokia 2.1 Ta-1080, Ta-1092, Ta-1084, Ta-1093, Ta-1086.",,,9069,50
4662438232139,Moto Compatible,Centro Carga Moto G8 Power Lite Xt2055.,,,9119,60
4662438166603,Moto Compatible,Centro Carga Moto One Vision Xt1970.,,,9113,80
4662438133835,Moto Compatible,Centro Carga Moto One Action Xt2013.,,,9114,60
4662438101067,Moto Compatible,Centro Carga Moto G8 Power Xt2041-1.,,,9118,90
4662438035531,Moto Compatible,Centro carga Moto G8 Play / One Macro Xt2015 Xt2016 Angosto (Narrow),,,9117,80
4662437969995,Huawei Compatible,Centro Carga Huawei Y9S  Stk-L21 Stk-Lx3,,,9109,60
4662437904459,Huawei Compatible,Centro Carga Huawei Y5 2019 Y5 Neo.,,,9106,60
4662437871691,-,Cargador De Pilas De Celular Con Lcd + Puerto Usb.,,,9053,40
4662437806155,-,Cable Usb a Tipo C 1M 1Hora Cab237,,,9123,30
4662437544011,Moto Compatible,Bateria Moto One Vision / Action Xt-1970 XT2013 Kr40.,,,9104,140
4662437511243,Moto Compatible,Bateria Moto E6 Plus Xt2025 Kc40,,,9103,120
4662437445707,-,Bateria Alcatel 5026A Tlp029C1,,,9081,100
4662434136139,Xiaomi Compatible,Flex Huella Xiaomi Redmi 5,,,4860,30
4655973728331,Moto Compatible,Boton Encendido Moto G4 Xt1601,,,9008,30
4655973597259,Samsung Compatible,Display Samsung A8 2018 Sm-A530 IPS,,,9013,650
4655973564491,Samsung Compatible,Display Samsung A50 Oled Con Huella Sm-A505,,,9014,505
4655973531723,Samsung Compatible,Display Samsung S8 Plus Con Marco Oled Sm-G955,,,9015,3280
4655973498955,Samsung Compatible,Display Samsung S9 Plus Sm-G965 C/Marco Ips,,,9016,380
4655973433419,MECHANIC,Flux En Pasta Mechanic Mcn Uv 50.,,,9018,200
4655973302347,Iphone Compatible,Display Iphone Xs Max A1921 A2101 A2102 A2104,,,9022,255
4655973236811,Moto Compatible,Display Moto E6 Play IPS Xt2029-1.,,,9024,155
4655973204043,Samsung Compatible,Display Samsung J8 2018 Ips Sm-J810f,,,9025,165
4655973171275,Samsung Compatible,Display Samsung Note 8 Oled Sm-N950F,,,9026,2520
4655973072971,Samsung Compatible,Display Samsung S10 Plus C/Marco Sm-975F IPS,,,2094,470
4655973040203,Samsung Compatible,Display Samsung S10E  Super Amoled Reacondicionado SM-G970,,,9455,1710
4655973007435,Samsung Compatible,Display Samsung S20 C/Marco IPS Sm-G980F,,,2177,525
4655972974667,Samsung Compatible,Display Samsung S20 Plus Super Amoled Reacondicionado Sm-G985,,,9031,4130
4655972941899,Samsung Compatible,Display Samsung S6 Edge Con Marco Ips Sm-G925,,,9032,1130
4655972745291,Xiaomi Compatible,Display Xiaomi Redmi Note 8 IPS M1908C3Jg,,,9037,165
4655972712523,Moto Compatible,Display Moto G8 Xt2045-1 / Moto G Fast IPS Xt2045-3.,,,9038,170
4655972679755,Huawei Compatible,Centro Carga Huawei Y9 Prime 2019 / P Smart Z / Honor 9X Stk-Lx.,,,9039,60
4655972646987,-,Flex Interconexion Huewei P30 Hl1Ellefl,,,9040,50
4655972614219,Moto Compatible,Display Moto G8 Power  / G Stylus 2020 IPS Xt2043-4 Xt2041-1,,,9041,200
4655972581451,ZTE Compatible,Bateria Zte Max Xl / Max 3  N9560 Li3940T44P8H846748.,,,9042,180
4655972483147,-,Touch Ipad 2,,,9044,170
4655972319307,-,Touch Ipad 3 / Ipad 4 A1416 A1459,,,9047,150
4655972253771,-,Touch Ipad Air 2 A1566  A1567 Blanco / Negro,,,9563,230
4655972221003,-,Touch Ipad Air 3 Negro,,,9049,610
4655972188235,Samsung Compatible,Jack Audio Samsung J4 Sm-J400 J3 J330 J530 J415 ,,,9050,50
4655972155467,Samsung Compatible,Jack Audio Samsung J6 / J8 Sm-J600 Sm-J810 ,,,9051,50
4644274438219,Moto Compatible,Flex Huella Moto E5 / E5 Plus / G6 Play Xt1924 Xt1944 Xt1922,,,5541,140
4644274241611,ZTE Compatible,Bateria Zte V Ultra Z Max Z982 Li3940T44P8H937238,,,3168,170
4644274208843,ZTE Compatible,Bateria Zte V6/ D6 T660 Li3822T43P3H786032,,,3167,90
4644274143307,ZTE Compatible,Bateria Zte Blade L7 Li3822T43P3H716043.,,,3166,120
4644274077771,ZTE Compatible,Bateria Zte Blade L3 Plus Li3824T43P3Ha04147.,,,3165,90
4644274012235,ZTE Compatible,Bateria Zte Blade A602 / V Plus V580 Li3830T43P6H856337.,,,3164,170
4644273946699,ZTE Compatible,Bateria Zte Blade A5 2019 Li3826t43p4h705949,,,3163,120
4644273782859,Xiaomi Compatible,Bateria Xiaomi Redmi Note 5 M1803E7Sh Bn45,,,7521,130
4644273684555,-,Bateria Sony Xz2 H8216 Lip1655Erpc,,,3161,160
4644273651787,-,Bateria Sony Xz1 G8341 G8342 Lip1645Erpc.,,,3160,200
4644273553483,-,Bateria Sony Xa2 Ultra / Xa1 Plus H3223 G3423 Lip1653Erpc.,,,3159,140
4644273520715,-,Bateria Sony Xa1 Ultra G3226 Lip1641Erpxc.,,,3158,140
4644273455179,-,Bateria Sony M4  E2306 Agpb014-A001.,,,3157,130
4644273422411,-,Bateria Sony C5/ C5 Ultra E5533  E5506 Lis1579Erpc.,,,3156,190
4644273356875,Samsung Compatible,Bateria Samsung S9 Sm-G9600 Eb-Bg960Abe.,,,3155,120
4644273324107,Samsung Compatible,Bateria Samsung S8 Sm-G950F Eb-Bg950Aba.,,,3154,120
4644273258571,Samsung Compatible,Bateria Samsung S7 Flat Sm-G930 Eb-Bg930Abe.,,,3153,130
4644273193035,Samsung Compatible,Bateria Samsung S6 Flat Sm-G920I Eb-Bg920Abe,,,3149,120
4644273127499,Samsung Compatible,Bateria Samsung Note 8 N950Fd N950F Eb-bn950abe,,,3148,125
4644273061963,Samsung Compatible,Bateria Samsung J8 Plus Sm-J805 Eb-Bj805Abe.,,,3147,160
4644273029195,Samsung Compatible,Bateria Samsung J7 2016 Metal Sm-J710MN Eb-Bj710CbC.,,,3146,120
4644272963659,Samsung Compatible,Bateria Samsung J5 Pro Sm-J530M Eb-Bj530Abe.,,,3145,90
4644272898123,Samsung Compatible,Bateria Samsung J5 Prime Sm-G570M Eb-Bg57Cabe,,,3144,120
4644272865355,Samsung Compatible,Bateria Samsung  A7 2017 / J7 Pro Sm-A720 Sm-J730 Eb-Ba720abe.,,,3143,145
4644272799819,Samsung Compatible,Bateria Samsung A50 / A20 / A30S / A30 / A50S Sm-A505F Sm-A205F Sm-A307FN Sm-A307G Sm-A305F Sm-A507FN Eb-Ba505Abu,,,3142,140
4644272734283,Samsung Compatible,Bateria Samsung A5 2017 Sm-A520F Eb-Ba520Abe,,,3141,130
4644272701515,Samsung Compatible,Bateria Samsung A7 2018 / A10 / M10 Sm-a750 Sm-a105 Sm-m105 Eb-ba750abu,,,3139,130
4644272635979,Moto Compatible,Bateria Moto Z3 Play Xt1929 Js40.,,,3137,150
4644272570443,Moto Compatible,Bateria Moto Z2 Play Xt1710 Hz40.,,,3136,160
4644272537675,Moto Compatible,Bateria Moto Z Play Xt1635 Gl40,,,3135,160
4644272472139,Moto Compatible,Bateria Moto X Play Xt1563 Fl40.,,,3134,190
4644272406603,Moto Compatible,Bateria Moto G7 Xt1962 Jg30,,,7905,150
4644272373835,Moto Compatible,Bateria Moto G3 Xt1540 Fc40,,,3131,150
4644272308299,Moto Compatible,Bateria Moto E4 Plus / E5 Plus  Xt1772 Xt1924 He50,,,3130,190
4644272242763,Moto Compatible,Bateria Moto C Plus  Xt1724 Hc60,,,3129,130
4644272209995,Moto Compatible,Bateria Moto C  XT1756 Hc40,,,3128,130
4644272144459,-,Bateria Lg X Power Lg-k220 Bl-T24.,,,3127,190
4644272078923,-,Bateria Lg X Cam Bl-T23 LG-K580,,,3126,180
4644272013387,-,Bateria Lg Q6 Prime / Plus LG-M700F  M700H Bl-T33.,,LG-M700F | M700H | Medidas: 4 x 9.8 x 0.5cm | RECOMENDACIONES,3119,150
4644271947851,-,Bateria Lg K8 2017 X240H / K4 2017 X230 / Aristo X240H  LGX230H Ms210 Bl-45F1F.,,,3118,120
4644271882315,-,Bateria Lg K3 Ls450 / K4 Ls450  K120  Bl-49Jh.,,,3117,90
4644271849547,-,Bateria Lg G5 VS987 Bl-42D1F.,,,3116,150
4644271784011,Iphone Compatible,Bateria Iphone X  A1865 A1901 A1902 616-00346,,,3115,220
4644271751243,Iphone Compatible,Bateria Iphone 7 Plus A1661  A1784  A1785  616-00250,,,3112,150
4644271685707,Iphone Compatible,Bateria Iphone 6 Plus / 6S Plus A1634 A1687A1522 A1524 A1593 616-0765,,,3109,150
4644271620171,Huawei Compatible,Bateria Huawei P8 Ale-L23 /P9/ P9 Lite Pra-Lx3/P10 Lite/Y7 2018 /Y7 Prime 2018/ P20 Lite/Honor 5C/7C/8 Y6 2018. Hb366481Ecw,,P20 Lite | P9 EVA -L19 | P9 EVA-L29 | P10 LiteP SmartNova LiteY7 Prime 2018 LDN-L21P9 Dual EVA-ALOOHonor 9 Lite LLD-L21P10 Lite WAS-LX2JP10 Lite WAS-L03T .Honor 8 FRD-L09Honor 8 FRD-L02Honor 8 FRD-L04 .Honor 8 FRD-AL10Honor 8 FRD-L14Honor 8 FRD-L19Honor 8 FRD-ALOO Huawei P20 Lite ANE-LX3Nova 3E P20 Lite ANE-LX1P9 Lite 2017 PRA-LX3 | Medidas: 6.2 x 7.9 x 0.3cm | RECOMENDACIONES,5561,120
4644271521867,Huawei Compatible,Bateria Huawei Y5Ii / Y6  Cun-L03 Mrd-LX3 Hb4342A1Rbc.,,Huawei Y5ii: CUN L03 | Huawei Y6: MRD-LX3 | Medidas: 4.2 x 10 x 0.4cm | RECOMENDACIONES,3108,140
4644271423563,Huawei Compatible,Bateria Huawei P8 Lite Ale-L23/ Gr3 Tag-L13/ G Elite / Y5 Lite 2017 Cro-L03 Hb3742A0Ezc+.,,,3106,100
4644271325259,Huawei Compatible,"Bateria Huawei P30 Ele-L04, L29 Hb436380Ecw.",,,3105,130
4644271292491,Huawei Compatible,Bateria Huawei P Smart 2019 Nova 3E/Honor 8/Honor 5C/ Honor 10 lite Hb396286Ecw.,,,3104,130
4644271128651,Sunshine,Camara Microscopio Relife M12.,,,9004,2900
4644270997579,Moto Compatible,Boton Fisico Moto G4 Plus Xt1642,,,8999,50
4644270866507,Huawei Compatible,Centro Carga Huawei Honor 20 Lite,,,9002,60
4644270800971,Iphone Compatible,Display Iphone 11 Pro Max A2218  A2220  A2161,,,9000,780
4644270669899,Moto Compatible,Bateria Moto Droid Razr / Razr D1 Xt912  Xt916 Eb40*.,,,3138,30
4644270604363,Moto Compatible,Bateria Moto G5 Plus Xt-1687 Hg40,,,3132,140
4644270538827,-,Bateria Lg Intuition ( Optimus Vu Verizon)  Vs950  Bl-T3.,,,3125,90
4640622837835,Iphone Compatible,Camara Frontal Iphone 6S 821-00123-A,,,1107,80
4640622772299,Moto Compatible,Boton Fisico Moto G5S Plus Negro Xt1803,,,5093,60
4640622739531,Moto Compatible,Boton Fisico Moto G5 Negro Xt1670 Xt1671,,,3676,60
4640622542923,Moto Compatible,Flex Interconexion Moto One Xt1941 L3520_Main-Fcp,,,5543,40
4640622477387,Huawei Compatible,Flex Interconexion Huawei Mate 20 Hma-L09 Hl1Himafl,,,5550,40
4640622444619,-,Pin Carga Sony Xa Ultra,,,2136,5
4640622346315,Xiaomi Compatible,Centro Carga Xiaomi Redmi Note 7 / 7 Pro M1810F6Lh,,,3897,90
4640622280779,-,Centro Carga Nokia 6 Ta 1039,,,1101,100
4640622149707,Samsung Compatible,Display Samsung A80 Sm-A805.,,,7903,2080
4640622051403,Samsung Compatible,Display Samsung A01 Ips Sm-A015.,,,9405,140
4640622018635,-,Display M4 IPS 4458.,,,5387,570
4640621920331,-,Display M4 IPS 4455.,,,5383,220
4640621854795,-,Display Lg K8 2018 / Aristo 2 IPS LMX210ULMG  X210  M210  LM-X210VPP,,,5372,300
4640621756491,ZTE Compatible,Bateria Zte Blade V6 Plus / V7 Lite A2 / v8q Li3825T43P3H736037,,,7522,210
4640621690955,Xiaomi Compatible,Bateria Xiaomi Redmi 5A Mcg3b Mci3b Bn34.,,,7519,190
4640621559883,Xiaomi Compatible,Bateria Xiaomi Redmi 4A 2016117 Bn30.,,,7517,170
4640621527115,Xiaomi Compatible,Bateria Xiaomi Redmi 4 Mag138  Mae136 Bn42.,,,7516,100
4640621461579,Xiaomi Compatible,Bateria Xiaomi Mi Max 2016001  2016002  2016007 Bm49,,,7515,200
4640621428811,Xiaomi Compatible,Bateria Xiaomi Mi 8 / Mi 8 Pro M1807e8a  M1803e1a Bm3E,,,5545,80
4640621363275,-,Bateria Sony Xz F8331 F8332 Lis1632Erpc.,,,7514,130
4640621297739,-,Bateria Sony Xa / E5  F3111 F3112 F3311 F3313 Gb-s10-385871-010h,,,7513,100
4640621199435,Samsung Compatible,Bateria Samsung S7 Edge Sm-G935F Eb-Bg935Abe.,,,3151,135
4640621166667,Samsung Compatible,Bateria Samsung S10 Sm-G973f Eb-Bg973Abu.,,,7511,145
4640621101131,Samsung Compatible,Bateria Samsung Note 9 Sm-N9600 Eb-Bn965Abu.,,,7510,130
4640621035595,Samsung Compatible,Bateria Samsung Note 5 Sm-N920G Eb-Bn920Abe.,,,7509,120
4640621002827,Samsung Compatible,Bateria Samsung J8 Sm-J810M Eb-Bj800Abe.,,,7508,120
4640620871755,Samsung Compatible,Bateria Samsung A80 Sm-A805F Eb-Ba905Abu,,,7506,130
4640620806219,Samsung Compatible,Bateria Samsung A8 Plus  Sm-A730F Eb-Ba730Abe,,,7505,130
4640620773451,Samsung Compatible,Bateria Samsung A8 2018 Sm-A530F Eb-Ba530Abe,,,7504,120
4640620707915,Samsung Compatible,Bateria Samsung A6 Plus Sm-A605 Eb-Bj805Abe,,,7502,160
4640620675147,Moto Compatible,Bateria Moto Z2 Force Xt1789 Hd40.,,,7501,140
4640612974667,Iphone Compatible,Display Iphone 7 Plus A1661 A1784.,,,7704,155
4637624827979,Xiaomi Compatible,Repetidor Expansor Wifi 300M,,,8075,340
4637624729675,Xiaomi Compatible,Flex Lcd Xiaomi Mi Mix 3,,,8978,80
4637624533067,3M,Cinta Doble Cara 3M Negra,,,8983,110
4637624336459,Xiaomi Compatible,Display Xiaomi Mi A3 Ips M1906f9sh,,,8987,165
4637624303691,-,Display Lg K41S IPS LMK410EMW,,,8988,185
4637624270923,Samsung Compatible,Display Samsung A20S Ips Sm-A207F.,,,8989,150
4637624205387,Sunshine,Hilo Jumper Fuente Sunshine  0.01Mm Ss-007D.,,,8991,220
4636965699659,Samsung Compatible,Flex Antena Wifi Samsung Note 10,,,8993,50
4629566980171,JABEUD,Stencil Bga Jabeud Iphone 6G-6+ / 6S-6S+ / 7G-7+,,,7906,140
4629566914635,JABEUD,Stencil Bga Jabeud Iphone X / 8 / 8Plus,,,7907,170
4629566881867,FixOEM Herramientas,Cable Fuente Poder W10 Banana-Multipuntas.,,,7908,110
4629566783563,Huawei Compatible,Bateria Huawei Gx8 / Y6Ii / Y62 / Rio 3 Hb396481Ebc.,,GX8 | Y6II | Y62 | RIO 3 | Medidas: 6.2 x 7.8 x 0.4cm | RECOMENDACIONES,7919,150
4629566718027,Huawei Compatible,Bateria Huawei Honor 6 H60 L01 Hb4242B4Ebw.,,,7920,30
4629566685259,Huawei Compatible,Bateria Huawei Mate 10 Alp-L09/ Mate 10 Pro Bla-L09/Mate 20 Hma-L09/ P20 Pro Lya-L09 Hb436486Ecw.,,,7921,140
4629566652491,Huawei Compatible,Bateria Huawei Mate 20 Pro Lya-L09 / P30 Pro Vog-L04 Hb486486Ecw.,,,7922,180
4629566586955,Huawei Compatible,Bateria Huawei Mate 8 Nxt-L09 Hb396693Ecw.,,,7923,90
4629566554187,Huawei Compatible,Bateria Huawei Mate 9 Lite Bll-L21/ Honor 6X Bln-L21 Hb386483Ecw+.,,,7924,170
4629566521419,Huawei Compatible,Bateria Huawei Mate 10 Lite Rne-L01/ P10 Selfie Bac L03 / P30 Lite Mar-Lx3A / Honor 7x Hb356687Ecw,,,7925,125
4629566455883,Huawei Compatible,Bateria Huawei Honor 20 / P10 Plus Vky Al00 /Honor 8X/Mate 20 Lite Sne-Lx1/Nova 3/ Nova 4 Par-Lx9 / Nova 5T Yal-l21 Hb386589Ecw,,,7926,140
4629566423115,Huawei Compatible,Bateria Huawei Nova Smart / Y5 2018 / Y5 2019 / G Elite Plus / Y5 Pro / Y6 Pro / Y6 2019 / Y5 Neo 2018 / Y6S / Honor 8A Hb405979Ecw,,,7927,120
4629566357579,Huawei Compatible,Bateria Huawei P10 Vtr-L09 Hb386280Ecw.,,,7928,180
4629566324811,Huawei Compatible,Bateria Huawei Y6 Pro Tit-l01 Hb526379Ebc.,,,7929,80
4629566292043,Huawei Compatible,Bateria Huawei Y9 2018/Y9 2019/Y7 Prime/Y7P/Y7 Pro 2019/ Y7 2019 /Mate 9/ Mate 9 Pro/Honor 8C Hb396689ecw,,,7930,150
4629566226507,Huawei Compatible,Bateria Huawei  Y9 2019/ Mate 9 Pro/ Y9 2019/Y7P/Y7 Prime/ Enjoy 7 Plus Hb406689Ecw,,"MATE 9:  MHA-L09 | MATER 9 PRO: LON-AL10 | HONOR 8C: BKK-AL10 | Y7 2019: DUB-LX1 | Y7P: ART-L2 | Y7 PRIME:  DUB-LX3, DUB-LX1 | Y9 2019: JKM-LX1 | ENJOY 7 PLUS: TRT-AL00 | Medidas: 6.4 x 8.7 x 0.4cm | RECOMENDACIONES",7931,150
4629566193739,-,Bateria Lg G6 / G6 Plus H870DS H870U Bl T32.,,,7932,140
4629566095435,-,Bateria Lg Q60  / Stylo 5 Plus / Stylo 5 Lm-X525Ha LM-Q720AM  Q720 Bl-T44.,,,7934,150
4629566062667,Moto Compatible,Bateria Moto G6 Play / Moto E5  / Lenovo K6 Note  Xt1922 Xt1944 Bl270.,,,7935,140
4629566029899,Moto Compatible,Bateria Moto G6 Plus Xt1926 Jt40,,,7936,140
4629565898827,ZTE Compatible,Display Zte Blade V6 IPS,,,7939,280
4629565866059,-,Flex Encendido Alcatel 5080,,,7940,50
4629565833291,-,Flex Encendido Alcatel 6045,,,7941,50
4629565767755,-,Flex Encendido Alcatel 8050,,,7942,80
4629565702219,-,Flex Encendido Alcatel C9,,,7943,50
4629565636683,Huawei Compatible,Flex Encendido Huawei G7 G7-L01,,,7944,50
4629565571147,Huawei Compatible,Flex Encendido Huawei Honor 10 Lite,,,7945,50
4629565505611,Huawei Compatible,Flex Encendido Huawei Mate 10 Alp-L09,,,7946,60
4629565472843,Huawei Compatible,Flex Encendido Huawei Mate 20 Hma-L09,,,7947,50
4629565407307,Huawei Compatible,Flex Encendido Huawei Mate 20 Lite Sne-Lx1 2 3 4,,,7948,50
4629565374539,Huawei Compatible,Flex Encendido Huawei Mate 20 Pro Lya-109,,,7949,50
4629565341771,Huawei Compatible,Flex Encendido Huawei Nova 3 Par-Lx9,,,7950,50
4629565309003,Huawei Compatible,Flex Encendido Huawei Nova 5 Pro Sea-Al10,,,7951,30
4629565243467,Huawei Compatible,Flex Encendido Huawei Nova 5T Yal-L21,,,7952,50
4629565210699,Huawei Compatible,Flex Encendido Huawei P Smart Fig-Lx1,,,7953,50
4629565177931,Huawei Compatible,Flex Encendido Huawei P Smart 2019 Pot-Lx3,,,7954,40
4629565112395,Huawei Compatible,Flex Encendido Huawei P10 Vtr-L09,,,7955,50
4629565079627,Huawei Compatible,Flex Encendido Huawei P10 Lite Was-Lx3,,,7956,30
4629565014091,Huawei Compatible,Flex Encendido Huawei P20 Lite Ane-Lx3,,,7957,60
4629564981323,Huawei Compatible,Flex Encendido Huawei P20 Pro Clt-L04 Clt-L09,,,7958,90
4629564948555,Huawei Compatible,Flex Encendido Huawei P30 Ele-L04 Ele-L29,,,7959,50
4629564883019,Huawei Compatible,Flex Encendido Huawei P30 Pro Vog-L29,,,7960,80
4629564850251,Huawei Compatible,Flex Encendido Huawei Y5 2017 Mya-L22,,,7961,50
4629564817483,Huawei Compatible,Flex Encendido Huawei Y6 2017,,,7962,60
4629564751947,Huawei Compatible,Flex Encendido Huawei Y6 2018 / Y6 Prime Atu-Lx3 Atu-L11,,,7963,50
4629564620875,Huawei Compatible,Flex Encendido Huawei Y6 Pro Tit-L01,,,7965,50
4629564588107,Huawei Compatible,Flex Encendido Huawei Y6 Prime 2019 / y6 2019,,,7966,60
4629564555339,Huawei Compatible,Flex Encendido Huawei Y7 2017 Trt-Lx3,,,7967,80
4629564489803,Huawei Compatible,Flex Encendido Huawei Y7 2019 Dub-Lx1,,,7968,50
4629564457035,Huawei Compatible,Flex Encendido Huawei Y9 2018 Fla-Lx1,,,7969,60
4629564391499,Huawei Compatible,Flex Encendido Huawei Y9 2019 Jkm-Lx1 -2 -3,,,7970,50
4629564358731,Huawei Compatible,Flex Encendido Huawei Y9 Prime 2019 Stk-Lx3,,,7971,50
4629564325963,-,Flex Encendido Ipad 3,,,7972,50
4629564293195,-,Flex Encendido Ipad 5 / Ipad Air 1,,,7973,50
4629564260427,-,Flex Encendido Ipad Mini 5 A2124 A2126 A2133,,,7974,50
4629564194891,Iphone Compatible,Flex Encendido Iphone 7 Plus,,,7976,100
4629564162123,Iphone Compatible,Flex Encendido Iphone 8 Plus,,,7977,110
4629564129355,Iphone Compatible,Flex Encendido Iphone X / 10,,,7978,70
4629564096587,-,Flex Encendido Lg G7 Thinq,,,7979,40
4629563998283,Moto Compatible,Flex Encendido Moto C Xt1750,,,7980,20
4629563965515,Moto Compatible,Flex Encendido Moto C Plus Xt1725,,,7981,40
4629563932747,Moto Compatible,Flex Encendido Moto E4 Xt1760 63 64,,,7982,30
4629563899979,Moto Compatible,Flex Encendido Moto E4 Plus Xt1770 72 73,,,7983,40
4629563834443,Moto Compatible,Flex Encendido Moto E5 Play Xt1921-1,,,7984,30
4629563801675,Moto Compatible,Flex Encendido Moto E5 Play Go Xt-1920,,,7985,50
4629563736139,Moto Compatible,Flex Encendido Moto E5 Plus Xt1924-5,,,7986,30
4629563670603,Moto Compatible,Flex Encendido Moto E6 Plus  Xt2025,,,7987,30
4629563637835,Moto Compatible,Flex Encendido Moto G5 Xt1670 Xt1671,,,7988,40
4629563605067,Moto Compatible,Flex Encendido Moto G6 Xt1925,,,7989,30
4629563539531,Moto Compatible,Flex Encendido Moto E5 / G6 Play Xt1922-4,,,7990,50
4629563473995,Moto Compatible,Flex Encendido Moto G6 Plus Xt1926,,,7991,50
4629563342923,Moto Compatible,Flex Encendido Moto G7 Power Xt1955,,,7992,50
4629563244619,Moto Compatible,Flex Encendido Moto G7 / G7 Plus Xt1965 Xt1962,,,7993,50
4629563211851,Moto Compatible,Flex Encendido Moto Z Xt1650,,,7994,60
4629563179083,Moto Compatible,Flex Encendido Moto Z2 Force Xt1789,,,7995,80
4629563113547,-,Flex Encendido Nokia 5,,,7996,50
4629563080779,-,Flex Encendido Nokia 8 Ta-1012 Ta-1004,,,7997,30
4629563048011,Samsung Compatible,Flex Encendido Samsung A70 A705,,,7998,50
4629562916939,Samsung Compatible,Flex Encendido Samsung J7 Pro Sm-J730Gm,,,8001,50
4629562884171,Samsung Compatible,Flex Encendido Samsung Note 4 N910,,,8002,50
4629562851403,Samsung Compatible,Flex Encendido Samsung S10 Sm G973,,,8003,50
4629562785867,Xiaomi Compatible,Flex Encendido Xiaomi Note 5A,,,8004,50
4629562753099,Xiaomi Compatible,Flex Encendido Xiaomi Redmi 4,,,8005,30
4629562720331,Xiaomi Compatible,Flex Encendido Xiaomi Redmi 4 Pro,,,8006,30
4629562654795,Xiaomi Compatible,Flex Encendido Xiaomi Redmi 4A,,,8007,30
4629562622027,Xiaomi Compatible,Flex Encendido Xiaomi Redmi 5,,,8008,30
4629562589259,Xiaomi Compatible,Flex Encendido Xiaomi Redmi 5A,,,8009,30
4629562523723,Xiaomi Compatible,Flex Encendido Xiaomi Redmi Note 3,,,8010,50
4629562490955,Xiaomi Compatible,Flex Encendido Xiaomi Redmi Note 4,,,8011,50
4629562458187,Xiaomi Compatible,Flex Encendido Xiaomi Redmi Note 5,,,8012,60
4629562425419,Xiaomi Compatible,Flex Encendido Xiaomi Redmi Note 6 Pro,,,8013,140
4629562359883,Xiaomi Compatible,Flex Encendido Xiaomi Redmi Note 7 / Note 7 Pro,,,8014,50
4629562294347,ZTE Compatible,Flex Encendido Zte V8,,,8015,30
4629562261579,ZTE Compatible,Flex Encendido Zte V8 Lite,,,8016,30
4629562196043,ZTE Compatible,Flex Encendido Zte V9 Vita,,,8017,30
4629562130507,Iphone Compatible,Flex Huella Iphone 6 / 6 Plus Negro,,,8018,30
4629562097739,Huawei Compatible,Lector Huella Huawei Nova 3 Par-Lx9,,,8027,50
4629561966667,Huawei Compatible,Flex Huella Huawei Honor V8 Azul,,,8022,30
4629561901131,Huawei Compatible,Flex Huella Huawei Mate 10 Negro Alp-L09,,,8023,120
4629561802827,Huawei Compatible,Flex Huella Huawei Mate 8 Cafe Nxt-L09,,,9235,30
4629561671755,Huawei Compatible,Lector Huella Huawei P Smart Azul Fig-Lx3,,,8029,30
4629561540683,Huawei Compatible,Lector Huella Huawei P Smart 2019 Negro Pot-Lx3,,,8030,50
4629561475147,Huawei Compatible,Flex Huella Huawei P10 Vtr-L09,,,8031,30
4629561344075,Huawei Compatible,Lector Huella Huawei P20 Lite Ane-Lx3,,,8033,110
4629561245771,Huawei Compatible,Flex Huella Huawei P9 Lite Vns-L23,,,9187,50
4629561114699,Huawei Compatible,Flex Home Huawei Y9 2018 Fla-Lx1 Flalx2 Fla-Lx3,,,8038,80
4629561049163,Huawei Compatible,Flex Home Huawei Mate 10 Alp-L09,,,8040,150
4629560950859,Huawei Compatible,Flex Home Huawei P Smart 2019Pot-Lx3,,,8041,80
4629560918091,Huawei Compatible,Flex Interconexion Huella Huawei P20 Lite Ale-Lx1,,,8042,40
4629560819787,Huawei Compatible,Lector Huella Huawei Y9 2018 Fla-Lx1 Fla-Lx2 Fla-Lx3,,,8044,50
4629560787019,Huawei Compatible,Flex Home Huawei P Smart Fig-Lx3,,,8045,50
4629560623179,Moto Compatible,Flex Interconexion Moto E5 Play Go Xt-1920,,,8049,80
4629560590411,Moto Compatible,Flex Interconexion Moto E5 Plus Xt-1924  L3200_Main_Fcp,,,8050,40
4629560557643,Moto Compatible,Flex Interconexion Moto G5 Xt1670 Xt1671,,,8051,40
4629560524875,Moto Compatible,Flex Interconexion Moto E5 / G6 Play Xt1952 Xt1922,,,8052,30
4629560459339,Moto Compatible,Flex Interconexion Moto G7 Power Xt1955 Zr-27305,,,8053,60
4629560295499,Samsung Compatible,Flex Interconexion Main Sub Samsung A10E Sm-A102U,,,8056,30
4629560229963,Samsung Compatible,Flex Interconexion Main Sub Samsung A20 A20 Main Ctc Lf-Al Sm-A205G,,,8057,40
4629560000587,ZTE Compatible,Bateria Zte Blade V8 lite  / V8 SE Li3925T44P6H7656338.,,,8063,170
4629559967819,Huawei Compatible,Bateria Huawei Ascend G7 G7-L01 G7-L03 Hb3748B8Ebc.,,,8064,110
4629559640139,Xiaomi Compatible,Charola Sim Xiaomi Redmi Note 6/6 Pro Dorado,,,8072,50
4629559574603,Huawei Compatible,Centro Carga Huawei P20 Pro Clt-L04 Clt-L09.,,,8074,170
4610816835659,-,Display Lg K40 IPS LM-X420EM,,,5370,210
4610803761227,Samsung Compatible,Bateria Samsung A10E / A20E Sm-A202F Eb-Ba202Abu.,,,3807,50
4609297973323,Samsung Compatible,Pin Carga Samsung Note 9 N960,,,2135,5
4609297940555,Moto Compatible,Pin Carga Moto G6 / G6 Plus / Moto One / Lenovo Yoga Tab 3 Xt1926,,,2134,5
4609297875019,-,Pin Carga Lg G4 G3 Stylus Leon Bello 5 Pzas,,,2147,5
4609297743947,Huawei Compatible,Pin Carga Huawei G510 Y300 Y200 Y530 5 Pzas,,,2144,5
4609297711179,-,Pin Carga  Alcatel  5600 / G6 Play,,,2137,5
4609297449035,BAKU,Refrescador Limpiador Puntas Baku Bk226.,,,2000,180
4609297383499,Samsung Compatible,Flex Huella Samsung A30 Negro Sm-A305,,,5079,100
4609297285195,Xiaomi Compatible,Display Xiaomi Redmi Note 4X IPS,,,5420,210
4609297219659,Samsung Compatible,Display Samsung A7 2018 Sm-A750G,,,5391,195
4609297186891,Moto Compatible,Display Moto G7 / G7 Plus IPS XT1962  Xt1965.,,,5308,190
4609297154123,Moto Compatible,Display Moto G4 Con Marco IPS Xt1601,,,5600,590
4609296924747,Xiaomi Compatible,Centro Carga Xiaomi Redmi Note 8 Pro,,,5553,60
4609296891979,Samsung Compatible,Centro Carga Samsung S9 Plus Sm-G9650 Sm-G965F,,,2227,130
4609296859211,Samsung Compatible,Centro Carga Samsung S9 Version F G960.,,,1815,180
4609296826443,Samsung Compatible,Centro Carga Samsung M20 F Sm-M205M,,,3111,130
4609296793675,Huawei Compatible,Centro Carga Huawei P30 Lite Mar-Lx3A.,,,4878,50
4609296760907,Iphone Compatible,Camara Trasera Iphone 6S Plus 821-00155-03,,,5551,650
4609296728139,Huawei Compatible,Camara Frontal Huawei P30 / P30 Pro M32n01a (1.0mm) Ele-l29 Ele-l09 Vog-l04 V0g-l29,,,9181,440
4609296662603,Moto Compatible,Boton Fisico Moto G6 Xt1925,,,3503,60
4609296629835,Moto Compatible,Boton Fisico Moto G4 Play Xt1601,,,1846,60
4609296597067,Moto Compatible,Boton Fisico Moto C Negro Xt1750,,,5091,60
4609259831371,SUNSHINE,Pinza De Alta Precision Azul Relife Rt-11C.,,,7914,350
4609259438155,SUNSHINE,Pinzeta Azul Microsoldadura Curva Relife.,,,7913,350
4609258848331,-,Guantes Antiestatica Par.,,,9818,50
4609257242699,SUNSHINE,Chupon Ventosa Sunshine Ss 041.,,,7911,70
4607522635851,SUNSHINE,Lampara Aro Microscopio Led Dimeable Luz,,,7500,600
4603011596363,Samsung Compatible,Display Samsung A71 / A71 5G / M51 Sm-A715F Sm-A716B Sm-M515F Ips,,,10330,620
4603011334219,Xiaomi Compatible,Display Xiaomi Mi Note 10 / Mi Note 10 Lite Con Huella Oled M2002F4LG  M1910F4G,,,7901,905
4603010842699,Samsung Compatible,Display Samsung Note 10 Con Marco Ips  Sm-N970F,,,902,660
4599854727243,-,Pin Carga Alcatel 5025 4033 C1 C3 612 5Pz,,,2139,5
4599013507147,-,Pin Carga Blackberry 8900 V880 Chino / Lenovo / 6030 5Pz,,,2143,5
4599010689099,Huawei Compatible,Pin Carga Blackberry 9900 4C Moto G / Huawei V8 Inverso 5Pz,,,2138,5
4599006855243,-,Pin Carga Alcatel 7041 5Pz,,,2142,5
4598999023691,ZTE Compatible,Pin Carga Alcatel 6030 6012 5020 Zte V816 G1 5Pz,,,2140,5
4598973759563,-,Pin Carga Alcatel 7040 5Pz,,,2141,5
4549590777931,Samsung Compatible,Display Samsung A6 Plus Sm-A605 Ips,,,5390,190
4583097270347,QIANLI,Stencil Qianli Iblack 3D Mtk 6582,,,7698,50
4583097237579,QIANLI,Stencil Qianli Iblack 3D Msm 8996,,,7697,50
4583097204811,QIANLI,Stencil Qianli Iblack 3D Msm 8953 B01-Ab,,,7696,50
4583097172043,QIANLI,Stencil Qianli Iblack 3D Msm 8953 1Ab,,,7695,50
4583097139275,QIANLI,Stencil Qianli Iblack 3D Msm 8940 1Aa,,,7694,50
4583097073739,QIANLI,Stencil Qianli Iblack 3D Msm 8937 2Aa,,,7693,50
4583097040971,QIANLI,Stencil Qianli Iblack 3D Msm 8917 2Aa,,,7692,50
4583097008203,QIANLI,Stencil Qianli Iblack 3D Msm 8916 8909 8939,,,7691,50
4583096942667,QIANLI,Stencil Qianli Iblack 3D Kirin 655 659,,,7690,50
4583096811595,QIANLI,Stencil Qianli Iblack 3D Hard Disk Gtr100,,,7689,50
4583096680523,QIANLI,Stencil Qianli Iblack 3D A9 Cpu Iphone 6S,,,7688,50
4583096647755,QIANLI,Stencil Qianli Iblack 3D A8 Cpu Iphone 6 6+,,,7687,50
4583096614987,QIANLI,Stencil Qianli Iblack 3D A11 Cpu Iphone 8 8+ X,,,7686,50
4583096483915,ZTE Compatible,Pin Carga Zte V8 Mini G1 5Pz,,,7683,5
4583096418379,-,Pin Carga Sony Xa1 Ultra,,,7681,5
4583096320075,-,Pin Carga Sony Xa,,,7679,5
4583096287307,Moto Compatible,Pin Carga Sony Vivaz U5 Moto G3 G Play P8 Lite Y5Ii 5Pz,,,7678,5
4583096254539,-,Pin Carga Sony T2 C5 Ultra 1 Pza,,,7677,5
4583096189003,-,Pin Carga Sony M2,,,7676,5
4583096090699,Samsung Compatible,Pin Carga Samsung S10 / S10 Plus,,,7674,5
4583095992395,Samsung Compatible,Pin Carga Samsung G530 G531 G532 Grand Prime 5Pz,,,7671,5
4583095926859,Samsung Compatible,Pin Carga Samsung J1 J3 J4 J6 J5 J7 Prime J6 J610 J710 J8 2018 J810 5Pz,,,7670,5
4583095861323,Samsung Compatible,Pin Carga Samsung Grand Neo I9060 5Pz,,,7668,5
4583095828555,Samsung Compatible,Pin Carga Samsung A8 Plus 2018 1Pz,,,7667,5
4583095795787,Samsung Compatible,Pin Carga Samsung Note 4 N910,,,7666,5
4583095697483,-,Pin Carga Nokia 520 525 620 630 640 730 735 640Xl 5Pz,,,7665,5
4583095664715,Moto Compatible,Pin Carga Moto Z2 Force Xt1789 1Pz,,,7664,5
4583095631947,Moto Compatible,Pin Carga Moto Z Play Xt1635,,,7663,5
4583095599179,Moto Compatible,Pin Carga Moto Z 5Pz Xt1650 03,,,7662,5
4583095566411,Moto Compatible,Pin Carga Moto G7 / G7 Plus 1Pz,,,7661,5
4583095500875,-,Pin Carga Moto G4 5Pz Xt1601,,,7660,5
4583095402571,-,Pin Carga Avion Universal 5Pz,,,7658,5
4583095074891,-,Display Sony E5 IPS F3311,,,7652,230
4583094812747,ZTE Compatible,Display Zte Blade A5 2020 / A7 2019 / Nubia N40,,,7646,180
4583094779979,ZTE Compatible,Display Zte Blade A6 IPS,,,7645,350
4583094747211,ZTE Compatible,Display Zte Blade A530 IPS,,,7644,280
4583094681675,ZTE Compatible,Display Zte Blade A521 IPS,,,7643,250
4583094648907,Xiaomi Compatible,Display Xiaomi Redmi Note 8 Pro IPS 2015105  M1906G7I  M1906G7G,,,7641,170
4583094452299,Samsung Compatible,Display Samsung A9 2018 SM-A920F Oled,,,11346,690
4583094321227,Samsung Compatible,Display Samsung A02 Core IPS Sm-A260F.,,,7632,240
4583094222923,Moto Compatible,Display Moto One Power IPS Xt-1942.,,,7630,510
4583094190155,-,Display Lanix L1200 IPS,,,7628,220
4583093796939,ZTE Compatible,Centro Carga Zte V9,,,7622,90
4583093698635,ZTE Compatible,Centro Carga Zte V8 Mini / v8 Se,,,7620,50
4583093665867,ZTE Compatible,Centro Carga Zte V8,,,7619,100
4583093633099,ZTE Compatible,Centro Carga Zte V7,,,7618,50
4583093567563,ZTE Compatible,Centro Carga Zte Blade A620,,,7617,50
4583093502027,Xiaomi Compatible,Centro Carga Xiaomi Redmi S2 M1803e6h,,,7616,90
4583093436491,Xiaomi Compatible,Centro Carga Xiaomi Redmi Note 5 Pro,,,7615,50
4583093370955,Xiaomi Compatible,Centro Carga Xiaomi Redmi Note 2,,,7613,50
4583093338187,Xiaomi Compatible,Centro Carga Xiaomi Redmi Go,,,7612,50
4583093305419,Xiaomi Compatible,Centro Carga Xiaomi Redmi 7A,,,7611,60
4583093207115,Xiaomi Compatible,Centro Carga Xiaomi Redmi 5 Plus / Redmi Note 5 M1803E7Sh,,,7608,90
4583093174347,Xiaomi Compatible,Centro Carga Xiaomi Redmi 4A.,,,7607,50
4583093141579,Xiaomi Compatible,Centro Carga Xiaomi Poco F1,,,7606,50
4583093108811,Xiaomi Compatible,Centro Carga Xiaomi Redmi Note 6 Pro,,,7605,80
4583093043275,Xiaomi Compatible,Centro Carga Xiaomi Redmi Note 5A / 5A Prime,,,7604,50
4583093010507,Xiaomi Compatible,Centro Carga Xiaomi Redmi Note 4 Msm8953,,,7603,50
4583092944971,Xiaomi Compatible,Centro Carga Xiaomi Mi Mix 3.,,,7602,280
4583092912203,Xiaomi Compatible,Centro Carga Xiaomi Mi Mix 2S.,,,7601,50
4583092879435,Xiaomi Compatible,Centro Carga Xiaomi Mi Mix 2.,,,7600,50
4583092813899,Xiaomi Compatible,Centro Carga Xiaomi Mi Max 3.,,,7599,50
4583092781131,Xiaomi Compatible,Centro Carga Xiaomi Mi 8 Lite.,,,7598,50
4583092748363,Xiaomi Compatible,Centro Carga Xiaomi Mi 8.,,,7597,50
4583092617291,Xiaomi Compatible,Centro Carga Xiaomi Mi 5.,,,7596,50
4583092518987,-,Centro Carga Sony Xa1 Ultra G3226 G3223.,,,7595,100
4583092486219,-,Centro Carga Sony Xa1 Plus G3423.,,,7594,140
4583092453451,-,Centro Carga Sony Xa1 G3116.,,,7593,100
4583092420683,-,Centro Carga Sony M4.,,,7591,50
4583092322379,-,Centro Carga Sony L2 H3321.,,,7590,130
4583092289611,Samsung Compatible,Centro Carga Samsung S7 Flat Sm-G930F.,,,7589,110
4583092224075,Samsung Compatible,Centro Carga Samsung S7 Edge Sm-g935f.,,,7588,90
4583092191307,Samsung Compatible,Centro Carga Samsung S5 Sm-G900H.,,,7587,100
4583092125771,Samsung Compatible,Centro Carga Samsung S4 Version I9505.,,,7586,90
4583092093003,Samsung Compatible,Centro Carga Samsung Note 9 N960.,,,7585,110
4583092060235,Samsung Compatible,Centro Carga Samsung Note 8 Version F N950F.,,,7584,130
4583092027467,Samsung Compatible,Pin Carga Samsung Note 10 / Note 10 Plus,,,7583,5
4583091994699,Samsung Compatible,Centro Carga Samsung M30 Sm-M305.,,,7582,120
4583091929163,Samsung Compatible,Centro Carga Samsung M10 Sm-M105M.,,,7581,50
4583091896395,Samsung Compatible,Centro Carga Samsung A9 2018 Sm-A920-,,,7580,170
4583091830859,Samsung Compatible,Centro Carga Samsung A80 Sm-A805F-,,,7579,340
4583091798091,Samsung Compatible,Centro Carga Samsung A70 Sm-A705f.,,,7578,160
4583091732555,Samsung Compatible,Centro Carga Samsung A7 2018 Sm-A750.,,,7577,50
4583091699787,Samsung Compatible,Centro Carga Samsung Sm A510 A5 2016.,,,7576,100
4583091634251,Samsung Compatible,Centro Carga Samsung A3 2016 Sm-A310F.,,,7557,110
4583091601483,Samsung Compatible,Centro Carga Samsung A3 Sm-A300,,,7556,40
4583091503179,Samsung Compatible,Touch Samsung Grand Prime Plus G532,,,5461,80
4583091404875,Samsung Compatible,Flex Interconexion Lcd Samsung A71 Sm-A715F,,,5882,50
4583091273803,Samsung Compatible,Flex Interconexion Main Sub Samsung Note 10 Sm-N970   Drjh21Bh,,,5775,80
4583091241035,Samsung Compatible,Centro Carga Samsung A10 Sm-A105 / M10 105,,,5774,50
4583091175499,-,"Centro Carga Nokia 7.1 Ta-1097, Ta-1096, Ta-1095, Ta-1085.",,,5773,90
4583091142731,-,Centro Carga Nokia 5.1 Plus Ta1112.,,,5770,110
4583091077195,-,Centro Carga Nokia 5 Ta-1027,,,5768,50
4583091011659,-,Centro Carga Nokia 3.1 Ta-1049.,,,5767,20
4583090946123,-,Centro Carga Nokia 3 Ta1028 30 32,,,5766,80
4583090913355,Moto Compatible,Centro Carga Moto X4 Xt1900.,,,5765,100
4583090880587,Moto Compatible,Centro Carga Moto G8 Plus Xt2019.,,,5764,70
4583090847819,Moto Compatible,Centro Carga Moto G7 Power Xt1955.,,,5763,90
4583090749515,Moto Compatible,Centro Carga Moto G7 Play Xt1952.,,,5762,60
4583090683979,Moto Compatible,Centro Carga Moto G5 Xt1670 Xt1671.,,,5760,90
4583090618443,Moto Compatible,Centro Carga Moto G4 Play Xt1601.,,,5758,60
4583090520139,Moto Compatible,Centro Carga Moto G3 Xt1540 Xt1543.,,,5757,60
4583090487371,Moto Compatible,Centro Carga Moto E6 Plus Xt2025.,,,5756,60
4583090454603,Moto Compatible,Centro Carga Moto E5 Plus Xt1924-5.,,,5755,60
4583090421835,Moto Compatible,Centro Carga Moto E5 Play Go Xt-1920.,,,5754,60
4583090389067,Moto Compatible,Centro Carga Moto E5 Play Xt1920-19.,,,5753,60
4583090323531,Moto Compatible,Centro Carga Moto E5 / G6 Play,,,5752,60
4583090290763,Moto Compatible,Centro Carga Moto E4 Plus Xt1770 72 73.,,,5751,60
4583090257995,Moto Compatible,Centro Carga Moto E4 Xt1760 63 64.,,,5750,90
4583090225227,-,Centro Carga Lg Q Stylus / Stylo 4 Lm-Q710.,,,5749,180
4583090126923,-,"Centro Carga Lg G7 Thing G7 Fit Lm-G710  Lm-G710N, Lm-G710Vm.",,,5748,290
4583090094155,-,Centro Carga Lg G6 H870 G6 Plus.,,,5747,100
4583090061387,-,Centro Carga Lenovo K5 Vibe A6020L37 / K4.,,,5746,50
4583090028619,Iphone Compatible,Centro Carga Iphone X A1865/ A1901/A1902/ A1903.,,,5745,90
4583089995851,Iphone Compatible,Centro Carga Iphone 8 Plus A1864/A1897/A1898.,,,5744,90
4583089897547,Iphone Compatible,Centro Carga Iphone 8 A1905 A1863.,,,5743,90
4583089864779,Iphone Compatible,Centro Carga Iphone 7 Plus A1661/A1784.,,,5742,110
4583089832011,Iphone Compatible,"Centro Carga Iphone 7 A1660, A1778, A1779, A1780, A1853, A1866.",,,5741,90
4583089799243,Iphone Compatible,"Centro Carga Iphone 6S Plus  A1634, A1687, A1690, A1699.",,,5740,110
4583089733707,Iphone Compatible,"Centro Carga Iphone 6S A1633, A1688, A1691, A1700.",,,5739,90
4583089668171,Iphone Compatible,"Centro Carga Iphone 6 Plus A1522, A1524.",,,5738,110
4583089569867,Huawei Compatible,Centro Carga Huawei Y9 2018  Fla-Lx1 2 3,,,5736,90
4583089537099,Huawei Compatible,Centro Carga Huawei Y7 2019 Dub-Lx1 Dub-Lx3,,,5735,50
4583089438795,Huawei Compatible,Centro Carga Huawei Y6Ii Cam-L23.,,,5733,90
4583089406027,Huawei Compatible,Centro Carga Huawei Y5Ii Y6 Pro Cun L03.,,,5732,20
4583089242187,Huawei Compatible,Centro Carga Huawei Y5 Pro Mya L13.,,,5729,50
4583089176651,Huawei Compatible,Centro Carga Huawei Y5 2018 Dra Lx3.,,,5727,50
4583089143883,Huawei Compatible,Centro Carga Huawei P9 Lite Vns-L23.,,,5726,60
4583089111115,Huawei Compatible,Centro Carga Huawei P10 Selfie Bac L03 / Nova 2 Plus.,,,5725,50
4583089045579,Huawei Compatible,Centro Carga Huawei P10 Lite Was-Lx3.,,,5724,60
4583089012811,Huawei Compatible,Centro Carga Huawei P10 Vtr-L09.,,,5723,80
4583088980043,Huawei Compatible,"Centro Carga Huawei P Smart 2018 Fig-Lx3,x2,x1",,,5722,60
4583088947275,Huawei Compatible,Centro Carga Huawei Nova 5T Yal-L21.,,,5721,60
4583088881739,Huawei Compatible,Centro Carga Huawei Nova 3 Par Lx9.,,,5720,50
4583088848971,Huawei Compatible,Centro Carga Huawei Honor 8X Jsn-L23.,,,5718,90
4583088816203,Huawei Compatible,Centro Carga Huawei Honor 10 Lite,,,5717,50
4583088750667,Huawei Compatible,Centro Carga Huawei Gx8 Rio-l03,,,5716,50
4583088717899,-,Centro Carga Htc 626.,,,5715,100
4583088521291,-,Centro Carga Htc 825 10 Lifestyle.,,,5714,120
4583088455755,-,Centro Carga Alcatel Shine lite 5080.,,,5712,110
4583088357451,-,Centro Carga Alcatel 5022D 5022 5020D 5020,,,5710,50
4583088291915,Huawei Compatible,Centro Carga Huawei Y7 Prime / Y7 2018.,,,5708,60
4583088259147,Huawei Compatible,Centro Carga Huawei Y7 2017 Trt-Lx3.,,,5707,50
4583088193611,Huawei Compatible,Centro Carga Huawei Y6 2019 Y6 Pro 2019  Mrd-Lx2.,,,5706,50
4583088160843,Huawei Compatible,Centro Carga Huawei Y6 Pro 2017 Tit L01 -Al00.,,,5705,60
4583088095307,Huawei Compatible,Centro Carga Huawei Y6 2017 Y5 2017 Mya L13.,,,5704,60
4583088029771,Huawei Compatible,Centro Carga Huawei P8 Lite 2017/P9 Lite 2017.,,,5702,60
4583087964235,Huawei Compatible,Centro Carga Huawei Nova 2 Plus Bac Al00.,,,5701,60
4583087898699,Huawei Compatible,Centro Carga Huawei Mate 10 Lite Rne-L01.,,,5700,90
4583087865931,Huawei Compatible,Centro Carga Huawei Mate 10 Alp-L09.,,,5699,110
4583087800395,Huawei Compatible,Centro Carga Huawei Gw Metal Trt-L53.,,,5698,50
4583087767627,Huawei Compatible,Centro Carga Huawei Gr5 2017 / Mate 9 Lite Bll-l21 Bll-l23,,,5697,50
4583087669323,-,Cable DFU Iphone Magico Restore Easy Magicoteam,,"iPhone 5S-8P, X-11 Pro Max; iPad Mini 2, Mini 3, Mini 4, Air, Air 2, 9.7, Pro 9.7, Pro 12.9, Pro 2 (10.5), Pro 2 (12.9) | Especificaciones | Marca: MagicoTeam | Logitud: 80 cm | GARANTÍA | La garantía tiene vigencia de hasta 5 días después de recibir el producto. Es requisito indispensable que antes de instalar la pieza, realice una prueba con el equipo abierto, para determinar el correcto funcionamiento de ésta, sin levantar micas o sellos. | Te recomendamos que la prueba la realice un especialista.",5689,290
4583087603787,MECHANIC,Cable Iboot Android Mechanic.,,,5688,640
4583087374411,Samsung Compatible,Flex Interconexion Lcd Main Sub Samsung A51 A515 Sm-A515F Main Ctc,,,5681,50
4583087341643,Samsung Compatible,Flex Interconexion Lcd Main Sub Samsung A70S Sm-A707F_Ctc,,,5680,50
4583087276107,Samsung Compatible,Flex Interconexion Lcd Main Sub 2 Samsung A50S Sm-A507 Main Ctc,,,5679,50
4583087243339,Samsung Compatible,Flex Interconexion Lcd Main 1 Samsung A30S Sm-A307Fn,,,5678,50
4583087210571,Samsung Compatible,Flex Interconexion Lcd Main Sub Samsung A10S Sm-A107 S96116La1,,,5676,60
4583087145035,Samsung Compatible,"Flex Interconexion Lcd  Samsung S10 / S10 Plus Sm-G975,G973 Amb666Wws04",,,5674,50
4583087112267,Samsung Compatible,Flex Interconexion Lcd Main Sub Samsung A750 A7 2018 Sm-A705F Mf1845,,,5673,90
4583087079499,Samsung Compatible,Flex Interconexion Lcd Main Octa Samsung A920 A9 2018 Sm-A920F,,,5672,50
4583087046731,Samsung Compatible,Flex Interconexion Lcd Main Sub Samsung M30 M305 Sm-M305F,,,5671,50
4583086981195,Samsung Compatible,Flex Interconexion Main Sub Samsung M20  Sm-M205F,,,5670,80
4583086948427,Samsung Compatible,Flex Interconexion Lcd Main Sub Samsung A80 A90 Sm-A805F,,,5669,90
4583086882891,Samsung Compatible,Flex Interconexion Lcd Main Sub Samsung A70 A705 Sm-A705F-R06,,,5668,50
4583086817355,Samsung Compatible,Flex Interconexion Lcd_H Samsung A60 M40 Sm-A606F Ctc R00B_H,,,5667,50
4583086751819,Samsung Compatible,Flex Interconexion Lcd Main Sub Samsung A40 Sm-A405F_Main_Ctc,,,5666,50
4583086719051,Samsung Compatible,Flex Interconexion Samsung A30 SM-A305 / A50 A505 SM-A507 (Lcd-Pantalla),,,5665,50
4583086686283,Samsung Compatible,Flex Interconexion Lcd Main Sub Samsung A20E Sm-Ja20E,,,5663,50
4583086620747,Samsung Compatible,Flex Interconexion Lcd Main Sub Samsung A10 A105 M10 Sm-A105F Main,,,5661,40
4583086555211,-,Display Lg K40S IPLMX430HM LM-X430,,,5660,230
4583086456907,Moto Compatible,Display Moto G8 Plus IPS Xt2019.,,,5657,175
4583086391371,Samsung Compatible,Display Samsung S7 Flat Ips Sm-G930,,,5656,500
4583086358603,Samsung Compatible,Display Samsung S7 Edge Oled  Sm-G935f,,,5655,1380
4583086161995,2UUL,Desarmador Destornillador 2Uul.,,,2100,140
4550482722891,Moto Compatible,Bateria Moto E5 Play GO Xt1920-18 JE30,,,3050,120
4550482001995,Moto Compatible,Bateria Moto X4 Xt1900 Hx40.,,,2174,170
4550479773771,Xiaomi Compatible,Bateria Xiaomi Mi 8 Lite M1808d2te Bm3J,,,5544,130
4550477480011,Samsung Compatible,Bateria Samsung J7 / J7 Neo / J7 Core / J4 Sm-J700F Sm-J701M Sm-J400  Sm-J701F Eb-bj700bbc,,,5595,110
4550467223627,Moto Compatible,Bateria Moto G10 / G20 / G30 / G7 Power / G8 Power Lite / G9 Play / E7 Plus / E7I Power / E40 / One Fusion / G Power / E7 Power / G31 / G51 5G / E40 / G Play 2023  JK50,,,3054,160
4550457622603,Moto Compatible,Bateria Moto One / Moto Z3 / Moto G7 Play Xt1941  Xt1929  Xt1952 Je40,,,5598,160
4550441304139,Moto Compatible,Bateria Moto G6 Xt1925-2/ Moto G5S Plus Xt1806 Hg30,,,585,140
4550421184587,Moto Compatible,Bateria Moto G4 / G4 Plus  Xt1621 Xt1642 Ga40,,,284,130
4550418759755,-,Bateria Lg Q10 K410G Bl-45A1H.,,,1551,100
4550418006091,Iphone Compatible,Bateria Iphone 8 Plus A1864 A1897 A1898 616-00364,,,1701,160
4550416302155,Iphone Compatible,Bateria Iphone 7 A1660 A1778 A1779 616-00255,,,5557,125
4550198132811,ZTE Compatible,Display Zte Blade V8 IPS,,,5422,240
4550185451595,-,Display M4 4457R.,,,5386,690
4550163038283,Samsung Compatible,Display Samsung J6 Ips Sm-J600f,,,5396,165
4550160580683,Samsung Compatible,Display Samsung J4 IPS Sm-j400f,,,5392,165
4550158254155,Samsung Compatible,Display Samsung J5 2016 Metal IPS Sm-J510.,,,5609,210
4550153732171,Samsung Compatible,Display Samsung J5 Prime IPS Sm-G570.,,,5513,250
4550148980811,Samsung Compatible,Display Samsung J5 Pro IPS Sm-J530.,,,5625,250
4550144524363,Samsung Compatible,Display Samsung J7 Metal 2016 IPS Sm-J710m,,,5483,170
4550138232907,Samsung Compatible,Display Samsung J7 IPS J700F,,,1675,240
4550128926795,Samsung Compatible,Display Samsung S6 Flat IPS Sm-G920,,,5488,620
4549641535563,Samsung Compatible,Display Samsung S8 Oled Sm-G950,,,5579,3170
4549624561739,Samsung Compatible,Display Samsung S10 Con Huella Oled Sm-G973,,,5580,2900
4549618040907,Samsung Compatible,Display Samsung J8 Led Sm-J800f,,,5399,175
4549613649995,Samsung Compatible,Display Samsung J5 IPS Sm-J500.,,,5481,220
4549598969931,Samsung Compatible,Display Samsung A70 Sm-A705,,,5525,175
4549584486475,Samsung Compatible,Display Samsung A5 2017 Ips Sm-A520F.,,,5389,240
4549564006475,Samsung Compatible,Display Samsung A30 / A50 / A50S Sin Huella Ips Sm-A305F Sm-A505G Sm-A507Fn.,,,223,190
4549553291339,-,Display M4 IPS 4453.,,,5381,440
4549540020299,-,Display M4 IPS 4452.,,,5380,320
4549524488267,-,Display Sony Xz F8331 Ips,,,5412,450
4549521506379,-,Display Sony Xa2 IPS H3123,,,5410,450
4549518655563,-,Display Sony Xa1 Ultra IPS G3223 Blanco,,,5409,490
4549514461259,-,Display Sony Xa1 Plus IPS G3423,,,5408,500
4549510430795,-,Display Sony Xa1 IPS G3123,,,5407,230
4549505908811,-,Display Sony Xa Ultra IPS F3213,,,1000,270
4549473271883,-,Display Sony L2 IPS H3321,,,5405,270
4549424283723,Xiaomi Compatible,Display Xiaomi Redmi 5A IPS MCG3B  MCE3B,,,5444,200
4549418844235,Moto Compatible,Display Moto G4 Plus IPS Xt1642.,,,5534,370
4549391417419,-,Display M4 IPS 4445.,,,5377,130
4549386371147,-,Display Lg Q8 / K8 IPS LG-H970  LGH970  LGK350f,,,5376,270
4549382537291,-,Display Lg Stylo 4 / Stylo 5 IPS Q720 Q710,,,5439,285
4549379588171,-,Display Lg Q7 IPS X210,,,5437,250
4549374279755,-,Display Lg Q60 / K50 IPS LMX525EAW,,,5374,250
4549365137483,-,Display Lg Q6 IPS M700  M703  LGM-X600L,,,5436,360
4549361303627,-,Display Lg Q6 Prime/ Alpha Plus IPS M700H,,,5536,255
4549336858699,-,Display Lg K10 2017 Lg-M250F Lg-M250N IPS,,,5605,300
4549334433867,-,Display Lg K9 2018 IPS Lm-X210hm,,,5373,240
4549271322699,ZTE Compatible,Display Zte Blade V10 Vita Ips,,,5527,190
4549268373579,ZTE Compatible,Display Zte Grand X4 Ips Z956,,,5627,220
4549260542027,ZTE Compatible,Display Zte Blade V9 Vita IPS,,,5424,280
4549258772555,ZTE Compatible,Display Zte Blade V9 IPS,,,5423,240
4549245009995,ZTE Compatible,Display Zte Blade V7 Ips,,,5421,300
4549219287115,ZTE Compatible,Display Zte Blade A602 / Voyage 4 Plus IPS,,,5615,270
4548512874571,Xiaomi Compatible,Display Xiaomi Redmi Note 5A IPS MDT6  MDE6,,,5446,150
4548506091595,Xiaomi Compatible,Display Xiaomi Redmi Note 4 IPS 2016100,,,5419,200
4548499472459,Xiaomi Compatible,Display Xiaomi Redmi Note 3 IPS 2015116   2015161,,,5418,300
4548492656715,Xiaomi Compatible,Display Xiaomi Redmi 6 Pro / Mi A2 Lite IPS M1805D1SE  M1805D1SC  M1805D1ST  M1805D1SG,,,5445,260
4548487708747,Xiaomi Compatible,Display Xiaomi Redmi 5 Plus IPS MEG7,,,5443,590
4548483448907,Xiaomi Compatible,Display Xiaomi Redmi 4X IPS MAE136,,,5416,190
4548466606155,Xiaomi Compatible,Display Xiaomi Redmi 4A IPS 2016117,,,5415,200
4548452778059,Xiaomi Compatible,Display Xiaomi Mi Mix 2S IPS M1803D5XA,,,5626,520
4548349984843,Xiaomi Compatible,Display Xiaomi Mi 8 Lite / Platina / Mi 8 Youth Ips,,,5413,230
4548325539915,Xiaomi Compatible,Display Xiaomi Mi 5 IPS*,,,5629,250
4538596458571,-,Adaptador Corriente Universal Norteamericano - China,,,5468,50
4538628800587,SUNSHINE,Sujetador Holder Logica Fixture Base Pcb Sunshine Ss601J,,,5594,670
4533984067659,Sunshine,Malla Para Desoldar Relife Rl 2520.,,,5639,170
4533312815179,-,Display Lanix L920 IPS,,,5364,350
4533305409611,-,Display Lanix L620 IPS,,,5362,210
4533297053771,-,Display Lanix L610 IPS,,,5361,180
4533292236875,-,Display Lanix L1400 IPS,,,5360,550
4533288763467,-,Display Lanix L1050 IPS,,,5359,260
4533287649355,-,Display Lanix L1000 IPS,,,5358,240
4533278867531,-,Display Lanix Ilium M5 IPS,,,5355,250
4533270609995,-,Display Lanix Ilium M3 IPS,,,5354,200
4533245509707,-,Display Lanix Alpha 950 IPS,,,5352,460
4533005189195,Huawei Compatible,Display Huawei Y6 II IPS Cam-L03 Cam-L21,,,8979,190
4533003452491,Huawei Compatible,Display Huawei Y5 Lite 2017 IPS Cro-L03.,,,5454,100
4532996964427,Iphone Compatible,Display Iphone Xr A1984 A2105 A2106 A2107 A2108,,,5448,300
4532991950923,Iphone Compatible,Display Iphone 8 Plus A1864.,,,5476,250
4532986445899,Iphone Compatible,"Display Iphone 8 / Iphone SE 2020 A2275, A2296, A2298 A1905, A1863",,,5475,145
4532975697995,Iphone Compatible,Display Iphone 6S Plus A1634 A1687.,,,5470,500
4532970881099,Iphone Compatible,Display Iphone 6S A1633 A1688.,,,5471,145
4528696262731,Moto Compatible,Boton Fisico Moto E4 Plus Xt1770 72 73,,,5094,60
4516805017675,Moto Compatible,Display Moto G4 Play  Con Marco IPS Xt1601 Xt1603,,,5299,280
4513997258827,Samsung Compatible,Bateria Samsung M20 Sm-M205 Eb-Bg580Abu.,,,5597,160
4513124778059,3M,Cinta Doble Cara 3M Transparente,,,4815,90
4509017866315,RELIFE,Hilo Cable Separador Corte Lcd Relife 0.06Mm Rl-059.,,,5587,120
4509000958027,FixOEM Herramientas,Cinta Kapton 1Cm X 30Mts.,,,5532,90
4508988473419,SUNSHINE,Usb Detector De Voltaje Tester Probador Sunshine Ss-302A.,,,5583,150
4478064820299,Iphone Compatible,Display Iphone 11 A2111 A2221 A2223,,,5469,340
4472244142155,-,Display M4 IPS 4456.,,,5384,560
4472241094731,-,Display M4 IPS 4451,,,5379,200
4455849721931,FixOEM Herramientas,Tira Adhesivo Pegamento Bateria Pila Universal.,,,5521,30
4455468367947,BAKU,Ventilador Extractor Humo Baku,,,5157,570
4455463780427,-,Desarmador Destornillador Azul Kit 8 En 1,,,1050,50
4455422984267,Xiaomi Compatible,Cable Hdmi Xiaomi,,,5429,240
4445692231755,Samsung Compatible,Display Samsung J7 Prime IPS Sm-G610m,,,5329,160
4445692100683,Samsung Compatible,Display Samsung J7 Metal 2016 Oled Sm-J710m,,,5326,490
4445692067915,Samsung Compatible,Display Samsung J4 Plus/ J4 Core/ J6 Plus  Ips Sm-J415F Sm-J410F Sm-J610G,,,5325,145
4445692002379,Samsung Compatible,Display Samsung A20 Sm-A205G,,,5323,175
4445691969611,Samsung Compatible,Display Samsung A10 Ips A105 / M10 M105,,,5321,160
4445691904075,-,Display Nokia 8 Ips Ta-1012 Ta-1004.,,,5320,310
4445691871307,-,Display Nokia 7.1 Ips Ta-1085.,,,5319,270
4445691805771,-,Display Nokia 6.1 IPS Ta-1043.,,,5318,230
4445691740235,-,Display Nokia 6 IPS Ta-1039.,,,5317,230
4445691707467,-,Display Nokia 5.1 IPS Ta-1081.,,,5316,280
4445691641931,-,Display Nokia 5.1 Plus IPS Ta-1112,,,5315,260
4445691609163,-,Display Nokia 5 IPS Ta-1024.,,,5314,250
4445691576395,-,Display Nokia 4.2 IPS Ta-1149.,,,5313,240
4445691510859,Moto Compatible,Display Moto Z3 Play Oled Xt1929,,,5312,1000
4445691478091,Moto Compatible,Display Moto Z Play Oled Xt1635-1 Xt1635-2.,,,5311,510
4445691445323,Moto Compatible,Display Moto One IPS Xt1941,,,5310,180
4445691281483,Moto Compatible,Display Moto G7 Power IPS Xt1955-2,,,5307,170
4445691215947,Moto Compatible,Display Moto G6 Plus Xt1926 IPS,,,5305,210
4445691183179,Moto Compatible,Display Moto E5 / G6 Play IPS Xt-1952 Xt-1922.,,,5142,170
4445691117643,Moto Compatible,Display Moto G5S Plus IPS Xt1806.,,,5303,140
4445691052107,Moto Compatible,Display Moto G5S IPS Xt1793 Xt1794.,,,5302,200
4445690953803,Moto Compatible,Display Moto G5 Plus IPS Xt1680.,,,5301,145
4445690724427,Moto Compatible,Display Moto E5 Plus IPS XT-1924-1  XT-1924-2,,,5297,175
4445690691659,Moto Compatible,Display Moto E5 Play Con Marco IPS Xt1921.,,,5296,185
4445690593355,Moto Compatible,Display Moto E5 Play Go Xt1920 IPS .,,,5295,270
4445690560587,Moto Compatible,Display Moto E4 Plus IPS Xt-1770 Xt-1772 XT-1773,,,5294,240
4445690462283,Moto Compatible,Display Moto E4 IPS Xt-1767 Xt-1765.,,,5292,250
4445690396747,Moto Compatible,Display Moto E2 IPS Xt1027.,,,5291,150
4445690363979,Moto Compatible,Display Moto C Plus IPS Xt-1724 Xt-1725.,,,5290,220
4445690134603,Iphone Compatible,Display Iphone 7 A1778 A1660.,,,5284,140
4445690036299,Iphone Compatible,Display Iphone 6 Plus A1522 A1524.,,,5282,155
4445689970763,Huawei Compatible,Display Huawei Y7 / Y7 Lite / Y7 Prime / Y7 Pro 2018 IPS,,,5279,200
4445689905227,Huawei Compatible,Display Huawei Y6 Pro IPS Tit-L01 Tit-Al00 Tit-U02,,,5276,50
4445689872459,Huawei Compatible,Display Huawei Y6 2019 / Y6 Pro 2019 / Y6 Prime 2019 / Honor 8A / Honor A Pro / Y6S Mrd-LX1F Mrd-LX1 Mrd-LX2 Jat-LX1 Jat-L41 jat-lx3 IPS,,,5274,160
4445689774155,Huawei Compatible,Display Huawei Y5II IPS Cun-L03.,,,5271,170
4445689643083,Huawei Compatible,Display Huawei Y5 2018 IPS Dra-l01 Dra-LX2,,,5266,200
4445689577547,Huawei Compatible,Display Huawei P8 Lite IPS Ale-L23 Ale-L21 Ale-L02,,,5263,230
4445689446475,Huawei Compatible,Display Huawei P10 Selfie Bac-I03 IPS,,,5249,200
4445686890571,Xiaomi Compatible,Display Xiaomi Redmi K20 Pro / K20 Mi 9T / Mi 9T Pro,,,5227,780
4445686857803,Xiaomi Compatible,Display Xiaomi Redmi Note 6 / Note 6 Pro Ips M1806E7TG  M1806E7TH  M1806E7TI,,,5225,700
4445686136907,Xiaomi Compatible,Display Xiaomi Mi Mix 3 Oled M1810E5A / 5E / 5C,,,5216,1200
4445685809227,Samsung Compatible,Centro Carga Samsung S7 Inalambrico Nfc Sm-G930F.,,,5467,50
4445685579851,Moto Compatible,Display Moto G7 Play IPS Xt1952.,,,5205,150
4445685514315,Moto Compatible,Display Moto E6 Plus IPS Xt-2025.,,,5204,160
4445685481547,Samsung Compatible,Display Samsung A10S IPS Sm-A107F Sm-A107M.,,,5203,160
4445685284939,Samsung Compatible,Display Samsung A30S Sm-A307,,,5200,505
4445685219403,Iphone Compatible,Bateria Iphone 5S 5C  A1332  A1431  A1428  A1453 A1528 616-0721,,,5199,120
4445684760651,Xiaomi Compatible,Bateria Xiaomi Note 2 2015051 Bm48,,,5189,120
4445684695115,Xiaomi Compatible,Bateria Xiaomi Mi 5 Pro / Mi 5 Prime Bm22,,,5188,50
4445684629579,Xiaomi Compatible,Bateria Xiaomi Redmi 6 Pro / Mi A2 Lite Bn47 M1804c3dg M1804c3dh M1804c3di M1804d2sg M1804d2si,,,5187,170
4445684105291,-,Amplificador Para Tira Led 1 Color,,,5177,8
4445682761803,Samsung Compatible,Centro Carga Samsung A20s Sm-a20s.,,,5159,50
4445682270283,Moto Compatible,Bateria Moto E4 / Moto G4 Play / Moto G5 / Moto E5 Play XT1921 GK40,,,5153,160
4445682237515,Moto Compatible,Bateria Moto X Style Xt1570 Fx30.,,,5152,100
4445682106443,Xiaomi Compatible,Bateria Xiaomi Redmi 5 Plus Meg7 Mei7 Bn44.,,,5150,250
4445682040907,Iphone Compatible,"Bateria Iphone 8 A1863, A1905, A1906 616-00357",,,5149,130
4445681942603,Iphone Compatible,Bateria Iphone 6S A1633 A1688 A1700 616-00033,,,5148,130
4445681909835,ZTE Compatible,Bateria Zte V8 Bv0800 Li3927T44P8H786035.,,,5147,100
4445681877067,ZTE Compatible,Bateria Zte A520 A521 Li3824T44P4H716043.,,,5146,140
4445681778763,Moto Compatible,Bateria Moto Z Xt1650 Gv30.,,,5144,130
4445681647691,-,Display Lg Q7 Alpha / Q7 / Q7 Plus IPS Q610fs LM-Q610FA,,,5141,580
4445681582155,Huawei Compatible,Camara Frontal Huawei Nova 5T M32n01b Yal-l21 Yal-l61,,,5140,440
4445681549387,Samsung Compatible,Centro Carga Samsung A30S Sm-A307G.,,,5139,60
4445681516619,Samsung Compatible,Centro Carga Samsung A10S Sm-A107.,,,5138,50
4445681418315,Xiaomi Compatible,Display Xiaomi Mi A1 / Mi 5x IPS,,,5136,150
4445681352779,Xiaomi Compatible,Display Xiaomi Poco F1 Ips M1805E10A,,,5135,870
4445681287243,Xiaomi Compatible,Display Xiaomi Redmi 5 IPS MDT1  MDE1,,,5134,380
4445681221707,Moto Compatible,Display Moto G8 Play  / Moto One Macro IPS XT2016-1 XT2016-2 XT2015-2,,,5309,155
4445681188939,Moto Compatible,Display Moto One Action / One Vision IPS Xt1970 Xt2013.,,,5223,595
4445681025099,Iphone Compatible,Display Iphone 6 A1549  A1586.,,,5125,150
4308882653259,Xiaomi Compatible,Display Xiaomi Redmi Note 7 / Note 7 Pro IPS M1901F7E  M1901F7C  M1901F7G M1901F7S,,,3568,160
4308888846411,Xiaomi Compatible,Display Xiaomi Redmi 6 / 6A IPS M1804C3DG  M1804C3DH  M1804C3DI,,,5452,145
4308963983435,Kaisi,Palita Espatulas Uña Metalicas Jakemy JM-Op07,,,5637,130
4308960149579,SUNSHINE,Multicargador Relife 6 y 8 Puertos Usb + Turbo Carga + Tipo C,,,1311,570
4345522520139,Samsung Compatible,Centro Carga Samsung S8 Sm-G950F.,,,319,170
4345623314507,ZTE Compatible,Touch Zte Z835,,,3016,110
4345591464011,ZTE Compatible,Display Zte Z Max Pro IPS Z981,,,5169,420
4345691996235,Moto Compatible,Boton Fisico Moto G5S Xt1793,,,3501,60
4345679151179,Moto Compatible,Boton Fisico Moto G7 Xt1962 / G7 Plus Xt1965 / G7 Play Xt1952 / G7 Power Xt1955 Negro,,,5090,50
4345655328843,Moto Compatible,Boton Fisico Moto G6 Play / E5 XT1952 XT1922,,,5092,50
4345968263243,ZTE Compatible,Centro Carga Zte Z Max Pro Z981,,,1787,110
4346026917963,Jakemi,Bisturi Raspador Espatula Navaja Jakemi Jm Op12.,,,5089,110
4345640255563,Moto Compatible,Boton Fisico Moto E4 Negro Xt1760 63 64,,,5095,40
4212018839627,ZTE Compatible,Bateria Zte Z936 / Grand X Max Plus Z987 Z787 Li3832T43P6Hc15435 LI3832T43P6HC15435I,,,5054,90
4212018151499,ZTE Compatible,Bateria Zte Grand X Max 2 Z988 Li3934T44P8H87.,,,1759,220
4212017397835,ZTE Compatible,Bateria Zte Z Max Z970 Li3834T43P3H965844.,,,3890,100
4212015038539,Xiaomi Compatible,Bateria Xiaomi Redmi Note 5A / 5A Prime (Y1) / Mi 5X / Mi A1 (Mi 5X) / Redmi S2(Y2) Bn31,,,1699,120
4212006125643,Xiaomi Compatible,Bateria Xiaomi Redmi Note 7 (M1901F7G / M1901F7H) / Redmi Note 7 Pro Bn4A,,,5053,140
4212000948299,Xiaomi Compatible,Bateria Xiaomi Redmi Note 6 Pro / Mei7s / Mei7 M1806e7tg M1806e7th M1806e7t BN48,,,3886,130
4211990921291,Xiaomi Compatible,Bateria Xiaomi Redmi Mi A2 / Mi a2 Pro / Mi 6X / M1804D2SG  M1804D2SI Bn36,,,3373,220
4211979976779,Xiaomi Compatible,Bateria Xiaomi Redmi Note 8 / Note 8T / Redmi 7 / Note 6 M1908C3XG  M1908C3JH  M1908C3JG  M1908C3JI  M1810F6LG BN46,,,5052,140
4211971227723,Xiaomi Compatible,Bateria Xiaomi Mi 5S / Mi 5S Plus 2015711 2016070 Bm37,,,5051,100
4211964969035,Xiaomi Compatible,Bateria Xiaomi Mi 6 MCE16 Bm39,,,3071,100
4211958546507,Xiaomi Compatible,Bateria Xiaomi Redmi Note 4X Bn43,,,1850,90
4211952713803,Xiaomi Compatible,Bateria Xiaomi 9 / Mi 9 / M9  M1902f1g Bm3L,,,3883,120
4210079236171,-,Centro Carga Nokia 8 Ta-1012 Ta-1004.,,,1861,50
4210082938955,Samsung Compatible,Centro Carga Samsung S9 Plus Inalambrico Nfc G965,,,3360,180
4210118950987,Samsung Compatible,Centro Carga Samsung S8 Plus Inalambrico Nfc.,,,3359,80
4185942163531,-,Holder Prensas Sujetador Display,,,1168,110
4185939050571,Samsung Compatible,Centro Carga Samsung S8 Inalambrico Nfc.,,,5210,120
4185367314507,Samsung Compatible,Centro Carga Samsung S9 Inalambrico Nfc G960.,,,3361,60
4165596577867,Huawei Compatible,Charola Sim Huawei Mate 20 Hma-L09,,,8071,50
4165603459147,Xiaomi Compatible,Centro Carga Xiaomi Redmi Note 3 / Note 3 Pro 2015116 2015161,,,4838,90
4165620891723,Huawei Compatible,Charola Sim Huawei P30 Ele-L04 Ele-L29 Negro,,,3122,50
4165622693963,Xiaomi Compatible,Centro Carga Xiaomi Redmi 5 MDE1 MDT1,,,4837,60
4165627150411,Huawei Compatible,Charola Sim Huawei P Smart 2019 Pot-Lx3 Azul,,,3784,50
4165640290379,Huawei Compatible,Centro Carga Huawei Y9 2019 JKM-LX3 / Y8S JKM-LX3 -1 / honor 9x Lite,,,3085,50
4165663883339,Huawei Compatible,Centro Carga Huawei Mate 20 Lite Sne-Lx1 2 3 4.,,,3022,50
4165662376011,Xiaomi Compatible,Centro Carga Xiaomi Redmi 4X.,,,3537,30
4165708841035,Xiaomi Compatible,Centro Carga Xiaomi Mi A2 Lite / Redmi 6 Pro.,,,3113,90
4165697142859,Huawei Compatible,Centro Carga Huawei P Smart 2019 Pot-Lx3.,,Pot-Lx3 | Pot-Lx2 | Pot-Lx1 | RECOMENDACIONES,3646,60
4165750489163,Huawei Compatible,Charola Sim Huawei Y9 2019 Jkm-Lx1 -2 -3,,,2994,50
4165917507659,Xiaomi Compatible,Charola Sim Xiaomi Redmi 3S 3X 3,,,4841,50
4165921144907,Xiaomi Compatible,Charola Sim Xiaomi Redmi 5,,,4850,50
4165936611403,Huawei Compatible,Charola Sim Huawei P20 Lite/ G Elite Plus,,,3348,50
4165954469963,Xiaomi Compatible,Centro Carga Xiaomi Redmi 3S.,,,4836,50
4165957550155,Xiaomi Compatible,Charola Sim Xiaomi Redmi 4X,,,3552,50
4165961056331,Xiaomi Compatible,Charola Sim Xiaomi Redmi Note 4 Pro,,,4853,50
4165995200587,Huawei Compatible,Charola Sim Huawei P30 Pro Vog-Al00,,,3124,50
4170556604491,Xiaomi Compatible,Flex Huella Xiaomi Redmi Note 3 Pro,,,4833,30
4170563682379,Huawei Compatible,Flex Huella Huawei Y9 2019 Jkm-Lx1 -2 -3,,,4864,80
4170603429963,Huawei Compatible,Centro Carga Huawei Mate 20 Hma-L09.,,,3093,90
4170607034443,Xiaomi Compatible,Flex Huella Xiomi Redmi 4X,,,4857,50
4170632659019,Huawei Compatible,Lector Huella Huawei Mate 20 Lite Sne-Al00,,,2987,110
4106667786315,-,Tapete Silicon Soldar TrabajoNegro Mate 35.5x25Cm,,,4827,200
4106720018507,YIHUA,Plancha Separadora Glass Lcd Touch Yihua 946D III.,,,4830,3090
4106729226315,YIHUA,Fuente Regulable Poder Yihua 3005D,,,1499,2530
4006751109195,Xiaomi Compatible,Centro Carga Xiaomi Redmi 7 M1810F6Lh,,,7610,90
4006768050251,Samsung Compatible,Centro Carga Samsung A50 Sm-A505f,,,3102,50
4006805143627,Huawei Compatible,Camara Frontal Huawei P30 Lite 24 MPX A32n01a Mar-l01a Mar-lx1m,,,4803,100
4006846955595,Xiaomi Compatible,Centro Carga Xiaomi Redmi 6 / Redmi 6A M1804C3CG  M1804C3DG  M1804C3DH,,,3114,60
4006837878859,Moto Compatible,Flex Huella Moto One Xt-1941,,,4805,130
4006869565515,Samsung Compatible,Charola Sim Samsung M30 Sm-M305,,,4809,50
4006864093259,Samsung Compatible,Centro Carga Samsung A30 Sm-A305.,,,3101,50
4006884966475,ZTE Compatible,Centro Carga Zte Blade V Ultra Z982,,,4801,110
4006930382923,Moto Compatible,Boton Fisico Moto C Plus Xt1725,,,4804,60
4014863319115,Samsung Compatible,Dongle Z3X Samsung,,,2018,2110
3996545613899,Samsung Compatible,Touch Samsung Grand Prime G530 G531,,,2372,90
3995468136523,Samsung Compatible,Tapa Trasera Samsung S10E Sm-G970F,,,4751,100
3995222704203,Samsung Compatible,Marco Samsung Grand Prime G530,,,193,110
3988685357131,Samsung Compatible,Charola Sim Samsung J5 Pro Sm-J530,,,9010,50
3988692303947,Samsung Compatible,Charola Sim Samsung J7 Prime / J5 Prime Sm-G610M  Sm-G570,,,8996,50
3988708425803,Xiaomi Compatible,Charola Sim Xiaomi Mi 8,,,4729,50
3988718092363,Xiaomi Compatible,Charola Sim Xiaomi Redmi 6A,,,4732,50
3993292734539,Samsung Compatible,Display Puro Samsung Grand Prime Sm-G530  Sm-G531  Sm-G532,,,639,140
3993738117195,Samsung Compatible,Flex Encendido + Boton Samsung J6 Plus Sm-J610,,,4757,90
3993758597195,Xiaomi Compatible,Flex Huella Xiaomi Mi A2 Lite / Redmi 6 Pro,,,4741,150
3993797132363,Xiaomi Compatible,Lector Huella Xiaomi Redmi Note 7,,,4738,50
3988679983179,Samsung Compatible,Charola Sim Samsung A80 Sm-A805,,,4726,50
3988440219723,-,Centro Carga Sony Xa F3116.,,,1038,50
3988396277835,Moto Compatible,Centro Carga Moto One Xt1941-5.,,,3099,90
3988282409035,Huawei Compatible,Centro Carga Huawei P20 Lite Ane-Lx3,,,1821,50
3988271759435,Huawei Compatible,Centro Carga Huawei P20 Eml-L09.,,,3711,110
3988261437515,-,Centro Carga Htc U11 Plus Htc_2q4d100,,,2884,50
3988233125963,-,Centro Carga Hisense F22 / F23 HS-F22 HS-F23,,,2496,50
3988163264587,Iphone Compatible,Camara Trasera Iphone 5S 821-1592-A,,,4724,130
3988071514187,Moto Compatible,Boton Fisico Moto G6 Plus Xt1926,,,4756,50
3988060799051,-,Boton Home Fisico J120 / J2 j200 / J3 j300 / Grand Prime G530 - G531 - G532 / J7 j700 / J7 Neo j710,,,603,60
3987941818443,Xiaomi Compatible,Bateria Xiaomi Redmi 3 / Redmi 3 Pro / Redmi 4X  Bm47,,,3521,190
3986811322443,Xiaomi Compatible,Bateria Xiaomi Note 4 Pro Bn41,,,4770,130
3986757419083,Xiaomi Compatible,Bateria Xiaomi Note 3 MCE8 Bm46,,,4769,130
3986755321931,Samsung Compatible,Bateria Samsung Grand Prime /J5 /S4 Sm-G530 Sm-J500M Eb-Bg530Cbe,,,653,130
3985175609419,Samsung Compatible,Bocina Altavoz Samsung A10 A20 A30 A40 A50,,,4785,50
3985082318923,SUNSHINE,Puntas Finas Multimetro Ma Ant P23A,,,1325,120
3983743057995,Samsung Compatible,Flex Interconexion Lcd Main 2 Samsung A50 Sm-A505,,,5218,70
3983738404939,Samsung Compatible,Flex Interconexion Lcd Main Octa Samsung A20 Sm-A205F Octa,,,4783,60
3982638678091,JABEUD,Stencil 3D Jabeud Iphone X Ud 1023B,,,2429,50
3982634090571,JABEUD,Stencil 3D Iphone Jabeud Xs Xs Max Ud 1024A,,,2487,50
3982539751499,Huawei Compatible,Centro Carga Huawei P30 Ele -I04 Ele-L29.,,,3080,100
3982294941771,Xiaomi Compatible,Tapa Trasera Xiaomi Redmi 6A M1804C3CG M1804C3CH M1804C3CI,,,4792,20
3982304346187,SUNSHINE,Sujetador Holder Logica Fixture Base Pcb Sunshine Ss601D.,,,4791,410
3982464745547,Huawei Compatible,Bocina Huawei P20 P20 Pro Clt-L04  Eml L29,,,4787,50
3980649955403,Samsung Compatible,Centro Carga Samsung A20 Sm-A205F.,,,4759,50
3980648874059,Xiaomi Compatible,Centro Carga Xiaomi Mi A1 / Mi 5X Odm2 MdI2,,,2206,80
3980656312395,-,Bateria Lg Nexus 5X / X Screen K500H Bl-T19.,,,432,130
3980644581451,-,Centro Carga Htc U11 HTV33 601HT,,,2862,240
3980634062923,Iphone Compatible,Bateria Iphone 6  A1549 A1586 A1589 616-0806,,,424,125